22.162,61.499,193.782,157.208,177.546,156.015,166.896,163.922,210.639,376.626,627.254,-54.995208,-62.606612999999996
22.213,61.686,192.531,157.208,177.546,155.574,166.484,163.576,210.22,375.033,627.278,-55.4546,-62.204406500000005
22.26,63.393,192.531,156.907,177.291,155.461,166.253,163.375,209.707,375.248,623.11,-55.640129,-61.2732545
22.413,63.423,192.151,156.551,176.876,154.978,165.818,163.03,208.807,376.003,621.029,-55.0819785,-55.813621499999996
22.49,64.151,192.033,156.454,176.753,154.978,165.818,162.919,208.597,373.543,627.327,-54.824713,-52.110153
22.512,62.133,191.742,156.454,176.753,154.833,165.704,162.825,208.772,373.009,620.379,-54.868717000000004,-51.308639
22.561,62.54,191.742,156.175,176.401,154.586,165.391,162.527,208.208,370.861,623.298,-54.853724,-50.340759500000004
22.712,67.409,189.485,154.803,175.522,153.517,164.289,162.026,207.451,370.94,617.771,-54.6107625,-51.0167165
22.763,65.453,190.953,154.383,175.112,153.517,164.289,161.501,206.496,368.941,610.033,-54.422975,-50.255393999999995
22.818,66.328,190.146,154.383,175.112,153.329,163.818,161.237,206.229,369.804,616.043,-54.230903,-48.743973
22.862,63.77,190.146,154.781,174.885,152.884,163.748,160.964,205.538,369.19,607.728,-54.0582905,-47.6731875
23.012,62.027,188.927,153.42,173.606,151.842,162.611,160.369,204.904,366.328,603.521,-53.7045625,-43.496246
23.061,58.778,189.26,153.309,173.39,151.842,162.611,159.887,204.515,366.019,608.039,-53.313159,-42.961197
23.117,61.278,188.044,153.309,173.39,151.686,162.436,159.792,203.963,365.345,602.215,-53.323835,-42.662979
23.164,59.885,188.044,153.089,173.055,151.46,162.229,159.504,204.493,365.107,614.396,-52.97167,-42.4654385
23.313,59.918,188.004,152.278,172.181,150.735,161.253,158.963,202.992,362.787,602.937,-52.0988415,-39.7807615
23.361,59.702,187.542,152.169,171.906,150.735,161.253,158.746,202.874,363.018,601.133,-51.6253485,-38.135329999999996
23.42,57.737,188.82,152.169,171.906,150.531,161.132,158.549,202.328,362.495,599.138,-51.3996,-37.104949500000004
23.466,59.335,188.82,151.91,171.436,150.041,160.562,157.995,201.319,360.283,592.826,-51.39748,-37.264442
23.611,59.22,185.251,148.967,167.949,147.034,157.094,156.017,199.724,354.679,588.38,-51.2164395,-36.900870999999995
23.659,56.008,183.887,148.028,166.921,147.034,157.094,154.894,197.512,352.713,586.362,-51.150431499999996,-36.944641000000004
23.715,56.176,183.001,148.028,166.921,146.112,156.217,154.231,197.096,350.607,578.418,-51.035155,-36.965804500000004
23.76,54.959,183.001,147.479,166.297,145.628,155.691,153.785,196.361,349.663,581.963,-50.9356475,-36.632759
23.914,56.149,182.79,147.082,165.949,145.279,155.239,153.542,196.261,348.472,583.455,-50.984362000000004,-36.9237295
24.005,52.549,182.67,146.785,165.42,145.279,155.239,153.368,196.092,348.411,582.633,-50.735245,-35.8788835
24.043,52.614,182.998,146.785,165.42,144.834,154.824,152.875,195.142,346.191,578.162,-50.512772,-35.428261
24.088,52.292,182.998,146.154,164.726,144.268,154.078,152.224,194.321,345.056,569.954,-50.577892500000004,-35.50071
24.212,56.218,180.397,144.514,162.914,142.802,152.392,151.11,193.359,342.195,566.209,-50.524665999999996,-35.6020125
24.259,55.268,180.12,144.271,162.692,142.802,152.392,150.811,192.302,342.44,569.99,-50.2568205,-34.847801000000004
24.311,48.096,179.638,144.271,162.692,142.569,152.066,150.583,191.98,341.193,563.831,-50.060776000000004,-34.449073999999996
24.361,47.242,179.638,144.081,162.43,142.395,151.885,150.401,191.852,340.404,568.787,-49.527073,-33.8367155
24.513,36.601,177.776,142.712,160.803,140.943,150.31,149.464,190.371,337.269,561.392,-46.2360875,-28.482033
24.563,25.092,178.808,142.375,160.391,140.943,150.31,148.977,189.939,337.025,562.525,-44.9295745,-25.9306415
24.618,12.454,178.442,142.375,160.391,140.641,150.03,148.734,189.426,336.524,557.271,-43.86738,-24.185211
24.661,6.796,178.442,142.126,160.242,140.542,149.705,148.61,189.689,335.635,558.755,-43.8788605,-24.237557
24.816,-25.425,177.048,142.039,160.049,140.351,149.552,148.615,189.362,334.786,566.079,-44.0206425,-24.9592515
24.868,-52.837,177.83,141.947,159.947,140.351,149.552,148.476,189.582,335.484,553.521,-43.0246645,-23.63192
24.914,-60.563,177.288,141.947,159.947,140.228,149.456,148.408,189.278,333.23,552.558,-42.0971735,-22.662925
24.965,-22.497,177.288,141.892,159.822,140.2,149.432,148.349,189.126,334.224,557.184,-40.789619,-21.211723
25.119,-7.589,177.69,141.736,159.611,140.039,149.16,148.28,189.278,334.501,556.791,-37.0607035,-17.510604999999998
25.196,-3.922,177.014,141.72,159.516,140.039,149.16,148.131,188.656,334.139,554.483,-36.709003499999994,-17.275688000000002
25.213,21.315,177.834,141.72,159.516,140.007,149.188,148.126,188.797,335.005,556.04,-36.540329,-17.276863
25.26,40.181,177.834,141.579,159.367,139.957,149.075,148.052,188.632,334.207,556.562,-36.284947,-17.1474455
25.415,46.268,176.632,141.428,159.135,139.713,148.795,147.871,188.286,333.858,555.608,-34.716581,-15.8101655
25.461,48.112,176.636,141.15,158.772,139.713,148.795,147.78,188.848,333.763,558.079,-34.197145,-15.378555
25.513,49.153,176.842,141.15,158.772,139.473,148.52,147.435,188.091,332.08,559.767,-33.738369000000006,-15.1720655
25.559,50.585,176.842,140.758,158.24,138.971,147.9,146.874,186.887,330.654,553.408,-32.9588185,-14.755745000000001
25.713,50.034,173.103,138.372,155.239,136.349,145.143,145.073,185.157,325.273,545.43,-30.2780685,-12.9550095
25.759,47.556,172.71,137.759,154.615,136.349,145.143,144.196,184.5,324.973,540.437,-29.458181,-12.513549999999999
25.811,47.811,172.104,137.759,154.615,135.863,144.56,143.859,184.053,322.034,535.444,-28.683225999999998,-12.051979
25.863,49.218,172.104,137.455,154.352,135.752,144.313,143.684,183.728,322.655,541.141,-27.964548,-11.6442105
26.012,48.914,172.797,137.149,154.041,135.384,143.936,143.535,183.87,321.934,537.494,-26.490347,-11.020996
26.059,47.396,171.168,136.707,153.31,135.384,143.936,143.208,182.953,320.104,541.217,-25.721272,-10.7816085
26.115,47.484,170.069,136.707,153.31,134.796,143.285,142.559,182.153,319.496,534.226,-24.53006,-10.265540999999999
26.162,45.663,170.069,135.971,152.533,134.074,142.466,141.827,181.14,316.872,528.42,-23.047188,-9.6095425
26.314,41.597,169.735,134.348,150.745,132.682,140.751,140.741,180.204,315.049,527.097,-18.952011,-8.036896
26.36,43.146,168.982,134.079,150.564,132.682,140.751,140.463,180.163,313.907,529.505,-18.9674355,-7.947052
26.413,44.502,168.295,134.079,150.564,132.505,140.573,140.285,180.562,312.385,517.91,-19.173433000000003,-8.3052215
26.461,42.682,168.295,133.914,150.342,132.359,140.447,140.191,179.553,311.911,526.259,-19.659237,-8.439377
26.615,40.635,168.882,133.343,149.598,131.789,139.714,139.759,179.221,310.586,520.41,-20.176719,-8.435516
26.661,42.397,167.999,133.071,149.316,131.789,139.714,139.496,178.816,310.847,519.554,-21.235585999999998,-8.549042
26.716,41.373,168.029,133.071,149.316,131.555,139.529,139.272,178.733,309.375,520.708,-23.3900965,-9.235472999999999
26.759,42.928,168.029,132.816,148.954,131.243,139.163,138.972,178.175,309.652,517.906,-26.2125745,-10.545601
26.917,39.836,166.987,131.826,147.73,130.344,138.089,138.281,177.891,307.437,516.75,-31.48114,-13.408417
26.96,39.534,166.251,131.504,147.447,130.344,138.089,137.945,177.709,306.663,508.167,-31.6227415,-13.4297865
27.011,38.67,166.334,131.504,147.447,130.065,137.794,137.633,177.243,305.659,510.001,-31.555450999999998,-13.314796
27.06,36.675,166.334,131.261,147.138,129.824,137.493,137.447,177.495,305.802,511.273,-31.839857000000002,-13.397041000000002
27.214,37.73,165.321,130.641,146.357,129.245,136.806,137.099,177.106,304.479,511.083,-36.60481849999999,-16.909485
27.259,37.369,165.487,130.362,145.922,129.245,136.806,136.694,176.394,303.325,509.069,-38.8979985,-18.9195025
27.314,35.895,165.621,130.362,145.922,128.93,136.403,136.393,175.858,303.241,505.288,-40.842141999999996,-20.9583515
27.361,35.877,165.621,129.981,145.489,128.52,135.898,135.948,174.856,300.965,504.351,-42.037588,-22.5774305
27.514,33.994,163.044,128.721,144.14,127.598,134.712,135.021,174.896,299.997,500.471,-42.479579,-22.584793
27.562,31.279,164.266,128.528,144.074,127.598,134.712,134.96,173.941,299.212,496.774,-42.519345,-22.7351685
27.614,35.192,164.393,128.528,144.074,127.65,134.682,134.899,174.424,298.721,506.208,-42.856408,-23.152
27.662,35.213,164.393,128.541,144.175,127.72,134.732,135.084,174.265,298.802,507.992,-43.4219025,-23.692909
27.813,34.233,164.554,128.795,144.684,128.237,135.181,135.223,175.031,299.623,509.956,-47.564559,-30.121505499999998
27.86,33.483,165.663,129.119,145.176,128.237,135.181,135.625,175.037,300.731,503.775,-48.607564499999995,-32.1872255
27.914,35.2,165.531,129.119,145.176,128.759,135.618,135.813,175.403,302.441,506.74,-49.2191215,-33.043579
27.966,36.119,165.531,129.416,145.609,129.34,136.122,136.142,175.603,302.231,503.947,-49.5715055,-33.452561
28.113,36.784,167.377,130.413,146.578,130.424,137.16,136.898,176.862,304.754,509.538,-49.65934,-33.688026
28.16,36.807,166.274,130.494,146.702,130.424,137.16,137.104,176.906,303.913,508.256,-49.739551,-33.7426835
28.212,36.9,167.65,130.494,146.702,130.517,137.297,137.211,176.651,304.495,512.33,-50.305409999999995,-34.670722999999995
28.261,35.25,167.65,130.622,146.821,130.661,137.422,137.38,176.556,305.167,515.014,-51.083861,-36.7820895
28.421,35.807,167.755,132.029,148.643,132.83,140.005,138.779,178.158,306.717,512.762,-53.443607,-46.63839
28.459,39.381,169.592,132.917,149.665,132.83,140.005,139.686,178.846,308.682,515.718,-53.548071,-48.153014999999996
28.513,41.348,170.886,132.917,149.665,133.887,141.253,141.123,179.605,311.107,520.823,-53.595483,-48.437492
28.559,41.516,170.886,133.368,150.093,134.381,141.926,141.629,179.963,312.213,523.911,-53.602143999999996,-47.46294399999999
28.716,35.547,167.863,131.24,150.155,134.012,141.433,142.609,181.032,313.021,521.088,-53.7255095,-47.589721999999995
28.761,37.227,166.973,131.206,150.235,134.012,141.433,142.689,180.482,313.176,514.582,-54.180244,-49.51432
28.817,35.959,168.243,131.206,150.235,134.127,141.572,142.789,180.485,315.086,517.476,-54.613979,-52.522141
28.861,37.511,168.243,131.482,150.729,134.505,142.064,143.27,181.601,316.216,524.031,-54.6613435,-55.504211
29.019,41.494,170.263,133.478,153.953,136.675,144.412,144.598,183.482,319.544,519.284,-54.757918000000004,-59.1503295
29.06,40.565,171.442,134.192,155.14,136.675,144.412,145.108,184.884,319.174,526.66,-54.768325000000004,-58.587677
29.113,42.995,172.143,134.192,155.14,137.413,145.2,145.783,185.219,321.243,521.56,-54.9400505,-58.365639
29.165,42.9,172.143,134.496,155.609,137.739,145.61,146.081,185.066,321.776,528.631,-54.7860405,-58.6980515
29.311,39.87,172.027,134.604,155.843,137.934,145.811,146.121,185.794,321.704,520.759,-54.741499000000005,-63.523415
29.361,42.769,173.052,134.975,156.671,137.934,145.811,146.29,186.134,322.428,526.585,-54.3551985,-66.23996
29.415,42.54,174.861,134.975,156.671,138.402,146.407,146.853,186.473,323.481,534.194,-53.957777,-68.7969975
29.462,44.133,174.861,135.948,158.349,139.376,147.563,147.625,187.872,325.017,525.922,-53.668747499999995,-70.12363400000001
29.612,55.209,182.627,140.845,170.343,143.719,152.762,149.911,190.639,328.946,529.159,-53.875152,-70.2910235
29.659,57.221,182.965,141.436,172.099,143.719,152.762,150.144,190.842,327.885,528.526,-53.9016335,-70.132294
29.713,57.023,184.23,141.436,172.099,144.247,153.387,150.36,191.228,328.517,528.712,-53.86141000000001,-70.53347049999999
29.764,55.115,184.23,141.103,170.92,143.982,153.053,150.58,191.079,328.942,533.621,-53.727284,-71.660339
29.917,57.926,184.22,141.551,173.033,144.843,154.493,150.726,191.362,330.647,532.643,-52.258732,-76.968826
29.965,61.083,188.021,143.171,179.697,144.843,154.493,151.522,192.718,330.728,533.243,-52.381145000000004,-77.746872
30.013,68.032,194.43,143.171,179.697,146.437,157.425,153.305,194.012,334.108,529.91,-51.9697995,-78.380653
30.062,76.187,194.43,143.464,184.548,148.38,160.884,155.994,196.78,337.683,524.034,-51.8754165,-79.02989199999999
30.219,79.046,197.669,144.912,187.225,150.615,163.418,157.771,199.162,340.127,525.579,-50.584297,-82.4422075
30.259,76.051,196.44,144.781,187.013,150.615,163.418,157.743,198.624,339.417,520.124,-50.319430499999996,-82.9851305
30.31,76.792,196.436,144.781,187.013,150.41,163.249,157.584,197.967,339.092,525.842,-50.2296185,-83.4721
30.366,79.032,196.436,144.766,187.06,150.527,163.448,157.729,199.163,341.06,521.326,-50.143854000000005,-83.759499
30.517,83.523,200.16,147.191,192.285,154.046,167.413,160.195,201.608,345.88,531.476,-49.882467,-84.853653
30.58,85.229,202.843,148.576,193.724,154.046,167.413,162.196,204.443,347.629,535.216,-49.5289725,-85.5327295
30.615,86.297,203.813,148.576,193.724,155.631,168.805,164.093,205.426,350.744,537.986,-49.305706,-86.17098949999999
30.661,88.269,203.813,149.484,194.831,156.386,169.475,164.896,205.899,354.119,543.749,-48.925968999999995,-86.884163
30.814,89.691,202.154,150.034,194.018,156.872,170.283,165.159,205.57,353.796,545.921,-48.447134,-88.014214
30.861,86.333,203.436,150.1,194.385,156.872,170.283,165.035,206.377,354.658,545.03,-48.45039250000001,-88.379288
30.915,87.588,205.072,150.1,194.385,157.062,170.524,165.525,206.549,355.341,539.983,-48.3198375,-88.663353
30.962,89.87,205.072,150.638,195.851,157.856,171.284,166.998,208.605,356.494,548.462,-48.1251695,-89.1536485
31.113,92.355,207.395,153.323,199.367,161.197,174.936,169.504,211.726,362.502,554.074,-47.203282,-91.066368
31.159,92.253,208.981,153.882,200.093,161.197,174.936,170.374,212.376,364.413,546.487,-46.8052895,-91.937325
31.218,94.421,209.246,153.882,200.093,161.671,175.342,171.182,214.338,366.024,557.953,-46.2834555,-92.8799895
31.26,92.503,209.246,154.447,200.788,162.421,176.287,171.98,214.508,369.226,561.081,-45.981222,-93.452263
31.416,94.374,211.902,156.354,203.533,164.317,177.883,173.79,218.06,372.309,560.835,-45.2564155,-95.001839
31.46,95.835,212.595,156.77,204.119,164.317,177.883,174.669,220.132,372.957,570.943,-45.028034500000004,-95.5910035
31.513,97.468,213.251,156.77,204.119,164.805,178.48,175.261,221.012,375.204,565.889,-44.675597999999994,-96.128815
31.563,96.953,213.251,157.082,204.358,165.16,179.015,175.283,220.783,376.272,568.448,-44.310456,-96.6946255
31.711,98.272,215.178,157.983,205.122,166.29,180.823,175.696,220.132,377.559,575.441,-43.439512,-98.2996445
31.761,99.322,214.24,158.426,206.023,166.29,180.823,176.122,220.998,378.556,568.493,-43.087848,-98.836518
31.817,100.806,216.014,158.426,206.023,166.938,181.583,176.956,221.623,380.02,568.631,-42.723912,-99.348678
31.864,100.176,216.014,158.919,206.542,167.582,182.315,177.48,221.913,381.565,567.467,-42.5677585,-99.875603
32.013,99.289,215.991,160.167,207.515,168.621,183.95,178.079,223.031,383.108,575.707,-41.71459,-101.135719
32.06,103.202,216.418,160.506,207.968,168.621,183.95,178.473,224.0,386.036,580.468,-41.357487,-101.70417800000001
32.113,102.104,216.487,160.506,207.968,168.988,184.248,178.89,224.767,386.892,585.935,-40.8777465,-102.3916475
32.162,101.446,216.487,160.733,208.471,169.368,184.45,179.414,224.871,386.946,587.355,-40.3058755,-103.22268650000001
32.314,102.101,219.869,162.279,210.978,171.351,186.849,180.927,227.967,388.567,592.462,-38.287334,-105.8699565
32.361,105.026,219.328,162.916,211.861,171.351,186.849,181.82,228.659,392.772,592.954,-37.446081500000005,-106.958405
32.414,104.926,220.081,162.916,211.861,172.058,187.623,182.641,229.139,395.404,596.224,-36.4924545,-108.029633
32.46,107.287,220.081,163.48,212.69,172.67,188.373,183.475,231.275,396.899,592.575,-35.5389215,-109.0464705
32.612,109.962,223.407,165.162,214.902,174.685,190.761,184.92,234.333,399.153,601.971,-33.306532,-111.60387399999999
32.661,109.017,223.383,165.683,215.575,174.685,190.761,185.523,233.573,402.648,597.181,-32.686426499999996,-112.555283
32.713,109.888,224.081,165.683,215.575,175.123,191.295,186.149,234.896,402.643,604.039,-31.8514555,-113.41796149999999
32.762,108.357,224.081,166.184,216.243,175.794,191.994,186.767,236.542,404.35,607.552,-30.9136005,-114.2749565
32.912,110.571,225.975,167.857,218.752,177.564,194.037,188.209,239.485,408.127,614.791,-28.393840500000003,-116.303055
32.959,111.161,227.135,168.769,218.571,177.564,194.037,188.982,241.144,410.045,618.556,-27.903206,-116.84610749999999
33.018,114.0,227.094,168.769,218.571,179.183,196.262,188.65,235.947,411.054,623.084,-27.4396195,-117.53396599999999
33.06,113.878,227.094,169.453,218.96,178.872,196.402,189.0,238.685,414.054,615.333,-26.777844,-118.25640100000001
33.212,114.532,229.205,171.117,221.452,181.098,198.812,190.664,241.797,416.21,622.93,-23.8408225,-120.27323150000001
33.261,116.386,230.476,172.039,222.232,181.098,198.812,191.601,242.992,419.363,632.04,-23.251356,-120.742836
33.312,118.69,232.094,172.039,222.232,181.968,200.005,192.285,242.985,423.161,637.1,-22.899689,-121.1892775
33.367,119.035,232.094,172.945,223.459,182.93,201.266,193.514,246.586,424.287,638.762,-22.489479,-121.620361
33.511,122.877,238.172,176.718,229.206,187.389,206.171,196.996,253.675,434.141,655.646,-19.273964,-123.905968
33.561,128.32,238.9,178.242,231.05,187.389,206.171,199.015,256.074,438.221,649.982,-17.8761865,-124.553299
33.615,128.506,240.63,178.242,231.05,189.031,207.894,200.83,261.526,442.199,661.013,-16.8161985,-125.16892949999999
33.662,130.781,240.63,179.7,233.289,190.542,209.423,202.991,266.522,446.491,678.43,-16.297783000000003,-125.466476
33.816,134.543,246.209,184.504,240.137,195.346,214.369,207.098,280.232,455.598,689.646,-15.331726499999998,-126.26551
33.86,136.282,248.611,187.255,240.264,195.346,214.369,209.25,286.921,460.842,691.534,-14.535057,-126.65168800000001
33.914,138.097,249.258,187.255,240.264,197.024,215.905,205.463,265.529,465.281,710.494,-13.835109500000002,-126.937157
33.962,142.333,249.258,189.95,242.101,198.324,218.295,208.287,270.345,470.178,708.145,-13.4267325,-127.0757675
34.115,144.567,253.614,194.652,247.354,204.136,225.587,211.752,277.073,479.044,721.951,-13.141643,-127.394447
34.167,144.839,254.825,196.194,249.876,204.136,225.587,215.916,285.888,483.63,727.004,-12.616112,-127.866027
34.211,145.814,256.748,196.194,249.876,206.689,228.79,220.186,296.543,490.094,731.552,-11.9660795,-128.09745800000002
34.264,149.801,256.748,198.297,252.731,207.148,227.286,217.595,286.499,495.155,740.137,-11.2266195,-128.3844525
34.411,151.594,262.632,203.122,259.008,212.907,235.416,223.486,298.747,504.226,757.505,-10.769237,-128.7046665
34.46,152.644,264.474,204.557,261.076,212.907,235.416,224.96,300.21,508.997,758.25,-10.747615499999998,-128.7894205
34.518,156.172,265.883,204.557,261.076,214.942,237.75,227.532,305.226,514.744,762.743,-10.258078999999999,-128.99691
34.56,159.118,265.883,206.562,263.714,216.984,240.137,229.68,306.928,522.201,776.067,-9.7831955,-129.218536
34.713,164.707,274.362,214.704,272.958,225.375,249.602,236.353,319.477,537.433,812.623,-7.941761,-129.9689635
34.784,169.101,275.436,217.134,275.409,225.375,249.602,238.659,323.254,543.638,809.922,-6.770943,-130.4206925
34.814,171.85,278.298,217.134,275.409,227.806,252.103,240.622,325.571,549.252,830.094,-6.239704,-130.6358105
34.862,176.228,278.298,219.2,277.3,229.937,254.326,242.85,329.357,555.419,840.809,-5.296444,-130.94133
35.012,181.035,286.003,222.89,283.365,236.31,261.011,247.799,336.581,565.259,858.111,-6.612511,-130.509232
35.063,178.742,288.084,223.788,284.5,236.31,261.011,249.14,339.622,570.413,870.407,-6.984154,-130.6206585
35.117,182.215,288.128,223.788,284.5,237.565,262.421,250.591,342.302,573.718,867.633,-6.666816,-130.72818
35.159,182.031,288.128,224.872,285.681,238.954,263.998,252.063,344.122,576.377,864.455,-6.064995,-130.731842
35.311,184.307,294.104,228.738,290.619,243.826,269.989,255.858,351.684,582.281,878.212,-6.35117,-130.58954649999998
35.361,187.892,295.092,230.537,293.211,243.826,269.989,258.803,357.252,591.562,896.979,-6.4532585000000005,-130.6845395
35.411,190.196,295.7,230.537,293.211,246.217,272.582,262.14,365.082,596.018,900.806,-6.4081845,-130.6924515
35.462,190.199,295.7,232.173,294.685,247.311,273.421,262.106,362.187,598.177,913.683,-6.353981,-130.6483005
35.615,191.709,298.975,235.608,298.32,250.727,276.996,264.685,368.11,603.202,905.99,-7.030247,-130.5544055
35.659,192.517,301.547,237.101,300.346,250.727,276.996,266.397,370.871,606.552,915.629,-7.6771435,-130.26371699999999
35.716,193.754,300.921,237.101,300.346,252.582,279.008,268.313,372.596,613.494,930.529,-8.783760000000001,-129.854538
35.761,198.115,300.921,238.6,302.25,254.367,280.765,270.591,377.004,618.189,932.256,-9.9037475,-129.344055
35.911,202.681,308.667,246.581,312.736,264.087,291.05,277.649,389.254,632.82,953.932,-13.0647465,-128.287621
35.959,209.359,315.688,251.144,319.09,264.087,291.05,281.942,396.664,643.428,977.674,-13.4936715,-128.0316465
36.016,215.511,316.735,251.144,319.09,269.463,296.437,287.831,406.088,656.006,993.318,-13.6527145,-127.8046035
36.063,210.88,316.735,253.419,320.631,270.71,296.612,287.604,402.186,653.031,986.72,-13.919136,-127.5625
36.211,212.302,316.144,253.967,320.088,270.327,296.463,286.824,401.43,650.481,1000.387,-16.6936855,-126.3029025
36.262,213.01,314.893,253.381,319.311,270.327,296.463,287.404,402.726,652.407,992.375,-17.487219,-125.9281765
36.311,210.443,315.441,253.381,319.311,269.361,295.471,286.315,401.61,650.595,987.087,-17.847141,-125.755966
36.361,211.095,315.441,252.714,318.569,268.91,294.862,286.038,400.585,651.643,963.856,-18.011139,-125.6060715
36.514,210.178,314.5,253.387,319.299,269.406,295.521,286.877,401.817,651.958,1005.424,-19.4827615,-124.567818
36.561,210.087,315.666,253.216,319.095,269.406,295.521,286.586,402.195,651.175,975.496,-20.542586999999997,-124.062401
36.613,211.487,314.491,253.216,319.095,269.178,295.329,286.472,401.884,651.316,996.25,-21.6853945,-123.393013
36.658,210.842,314.491,253.214,318.721,268.947,294.837,286.053,400.932,650.192,990.668,-22.56366,-122.796601
36.815,208.021,310.309,249.862,313.612,263.34,287.617,281.475,393.114,640.466,979.488,-23.7857955,-121.65711250000001
36.861,202.605,307.24,247.275,308.859,263.34,287.617,276.844,383.521,632.015,958.243,-23.839830499999998,-121.62816649999999
36.914,189.3,298.975,247.275,308.859,258.995,282.281,271.138,374.522,621.833,955.567,-24.029970499999997,-121.45932049999999
36.961,179.644,298.975,245.794,303.106,254.215,276.715,266.147,366.279,610.922,935.906,-24.31292,-121.1324005
37.111,175.4,287.38,239.018,292.599,245.529,268.208,259.074,355.039,595.717,911.21,-26.2652895,-119.7422185
37.163,167.946,279.836,237.873,288.664,245.529,268.208,257.319,353.821,590.599,922.598,-26.9094065,-119.2659
37.216,160.715,276.587,237.873,288.664,246.095,268.793,257.229,354.516,586.737,913.947,-27.4284185,-118.7553485
37.263,153.467,276.587,235.849,285.835,243.584,265.586,253.633,347.095,578.367,908.605,-28.019031499999997,-118.304237
37.411,146.024,265.879,229.553,276.245,237.308,258.878,248.657,339.625,567.486,900.562,-29.508312,-116.5989985
37.459,143.35,264.767,227.918,274.082,237.308,258.878,246.54,337.169,564.257,890.549,-30.3109855,-115.7951885
37.513,139.898,262.439,227.918,274.082,235.488,256.975,244.647,332.61,558.709,883.946,-31.231688,-114.927971
37.562,139.667,262.439,226.484,272.242,233.87,255.078,242.706,329.483,556.674,868.747,-32.3196085,-113.95311749999999
37.712,134.048,256.9,221.1,264.874,227.784,248.369,238.595,324.579,544.308,865.234,-35.1170465,-111.24177549999999
37.759,130.593,254.042,218.616,261.486,227.784,248.369,235.906,319.883,539.296,849.85,-35.691606,-110.66729000000001
37.817,128.739,253.481,218.616,261.486,225.034,245.339,233.069,314.906,531.773,842.978,-35.770229,-110.576141
37.861,127.189,253.481,216.28,259.512,221.853,242.813,230.788,311.767,529.309,822.854,-35.598060000000004,-110.63739799999999
38.014,122.585,249.068,212.722,254.652,218.334,238.55,227.23,302.826,520.368,827.737,-35.432196000000005,-110.168907
38.063,119.625,248.271,211.914,253.503,218.334,238.55,226.587,301.84,519.482,820.492,-36.176056,-109.37687700000001
38.118,115.922,245.955,211.914,253.503,217.398,237.246,225.317,299.546,515.483,825.023,-37.112408,-108.582527
38.16,116.299,245.955,210.712,251.867,216.161,235.905,223.83,295.821,512.671,815.009,-37.537145499999994,-108.1882325
38.311,114.987,241.969,206.827,246.566,211.94,230.853,221.011,292.313,506.197,808.947,-38.3153875,-106.9265895
38.36,111.936,240.92,205.173,244.336,211.94,230.853,219.188,289.508,502.586,797.275,-38.4737715,-106.5778575
38.417,108.536,239.74,205.173,244.336,209.93,228.195,217.322,286.706,498.899,794.862,-38.837128,-106.284699
38.459,105.829,239.74,203.874,242.458,208.802,226.915,216.063,284.928,493.88,784.19,-39.210605,-105.739441
38.617,103.594,234.345,198.737,238.422,204.808,223.212,212.499,278.194,485.154,772.018,-40.923919,-103.239197
38.661,99.994,231.695,196.158,232.746,204.808,223.212,212.801,276.281,480.79,767.789,-41.536623500000005,-102.64096
38.713,95.73,228.946,196.158,232.746,203.074,220.841,210.88,273.776,476.649,759.09,-41.822998,-102.116646
38.761,94.505,228.946,193.976,229.065,200.894,218.408,208.746,270.13,471.348,746.067,-42.094824,-101.664124
38.911,87.654,223.104,188.677,221.738,195.783,212.676,204.719,263.789,462.425,741.883,-43.045924,-99.95680250000001
38.962,86.45,222.696,188.129,221.252,195.783,212.676,203.69,261.843,459.049,726.477,-43.5381815,-99.163635
39.017,88.877,222.359,188.129,221.252,195.385,212.301,203.385,261.614,458.601,734.601,-44.178078,-98.211304
39.062,86.255,222.359,188.08,221.641,195.174,211.991,203.203,261.199,458.329,722.805,-44.6869565,-97.30328399999999
39.211,83.121,219.449,186.205,218.395,193.317,209.787,201.892,259.038,454.612,728.089,-45.848608999999996,-95.3968505
39.261,83.083,219.605,185.337,217.207,193.317,209.787,201.025,258.31,453.811,730.512,-45.8090645,-95.40696
39.313,81.763,219.011,185.337,217.207,192.603,208.949,200.43,256.744,450.853,720.919,-45.6320405,-95.41781599999999
39.359,80.734,219.011,184.482,216.197,191.51,207.79,199.272,254.832,448.176,717.429,-45.6395305,-95.188011
39.513,79.01,216.444,182.133,213.332,189.17,205.17,197.49,252.39,444.123,712.2,-47.080512999999996,-92.417305
39.56,79.719,215.174,181.412,212.429,189.17,205.17,196.882,251.614,441.791,702.082,-47.6501545,-91.516739
39.614,77.074,214.369,181.412,212.429,188.52,204.264,196.117,249.51,439.713,698.706,-47.966653,-90.77668
39.66,75.382,214.369,180.463,211.168,187.447,203.253,195.025,248.726,438.076,701.124,-48.189635499999994,-89.9859235
39.816,71.658,212.024,177.34,206.881,184.409,199.853,192.82,246.051,433.761,691.816,-49.3593635,-87.15441150000001
39.863,71.37,210.262,176.425,205.917,184.409,199.853,191.989,243.508,431.08,696.244,-49.84756,-85.826325
39.911,71.085,209.435,176.425,205.917,183.43,198.761,191.125,241.791,428.503,686.344,-50.420803,-84.5436475
39.963,68.11,209.435,175.715,205.129,182.704,197.991,190.257,241.346,426.262,686.237,-50.868199,-83.281326
40.114,65.46,207.081,173.395,201.975,180.224,195.185,188.607,238.228,422.921,671.476,-51.926795,-79.96187599999999
40.161,66.482,205.219,172.302,200.425,180.224,195.185,187.687,236.678,421.477,671.131,-52.1770265,-79.45976300000001
40.213,65.986,204.284,172.302,200.425,179.026,193.865,186.483,235.227,417.312,669.642,-52.145517,-79.60599500000001
40.265,61.647,204.284,171.108,198.795,177.624,192.48,185.283,233.69,414.996,657.959,-51.766375999999994,-80.20623
40.414,62.592,203.522,169.409,196.897,175.615,190.329,183.976,232.087,412.685,660.214,-51.5852085,-78.974251
40.462,61.129,201.659,169.288,196.79,175.615,190.329,183.628,231.883,412.565,658.565,-52.3364505,-75.981285
40.513,61.834,202.185,169.288,196.79,175.234,189.906,183.17,231.364,410.873,661.114,-53.385752,-72.3346555
40.564,58.629,202.185,168.724,195.843,174.591,189.24,182.565,229.789,409.625,662.451,-54.2602935,-68.4453355
40.717,57.581,199.171,166.317,192.82,171.713,185.662,180.948,226.856,405.743,652.255,-54.488138,-68.015228
40.767,57.096,198.456,165.361,191.632,171.713,185.662,180.188,225.399,403.216,641.67,-53.957677,-69.518692
40.813,54.058,197.341,165.361,191.632,170.44,183.768,179.415,224.865,401.752,644.96,-53.76371949999999,-69.567696
40.862,55.954,197.341,164.46,190.671,168.93,182.269,178.792,223.594,399.132,640.878,-54.061922499999994,-68.420975
41.015,50.639,195.418,161.444,186.169,165.863,179.009,176.913,220.99,396.237,630.936,-54.6844495,-64.6228185
41.063,50.698,193.81,160.222,184.514,165.863,179.009,175.911,219.528,393.371,636.817,-54.633228,-63.19471
41.113,47.547,192.505,160.222,184.514,164.663,177.596,174.629,218.039,390.456,629.077,-54.792758500000005,-61.484832999999995
41.174,45.918,192.505,159.172,183.357,163.574,176.338,173.525,216.144,387.991,615.133,-54.712265,-59.2703935
41.313,43.687,190.329,156.82,180.4,161.072,173.303,171.959,213.647,383.105,624.328,-54.445477499999996,-54.611801
41.362,44.775,189.986,156.838,180.543,161.072,173.303,171.697,213.59,384.961,614.977,-54.316592,-52.468079
41.415,44.116,190.169,156.838,180.543,161.069,173.391,171.812,213.217,383.855,617.189,-54.0551315,-50.482056
41.47,46.636,190.169,156.979,180.652,161.044,173.236,171.764,213.7,384.385,611.703,-53.7374315,-48.522675
41.614,44.346,187.842,154.986,177.562,158.657,170.538,170.702,211.775,379.09,610.069,-53.416180499999996,-47.454712
41.667,40.316,185.97,152.858,175.015,158.657,170.538,168.778,209.523,374.867,605.145,-53.322732,-47.293534
41.71,40.047,184.295,152.858,175.015,156.429,167.912,166.375,206.497,368.957,598.477,-53.035743999999994,-46.311820999999995
41.762,36.879,184.295,151.095,172.748,154.729,166.229,164.682,205.356,367.364,591.565,-52.697201,-44.508034
41.916,36.621,184.316,150.055,172.27,153.795,165.06,164.379,204.29,366.523,597.33,-49.7867945,-35.5152815
41.961,36.319,184.608,150.241,172.506,153.795,165.06,164.67,204.54,365.01,588.783,-48.8132715,-32.871292499999996
42.013,36.576,183.301,150.241,172.506,153.957,165.112,164.752,204.502,366.405,592.574,-48.012664,-31.146378
42.063,36.163,183.301,150.174,172.264,153.795,164.941,164.454,204.492,365.396,592.901,-47.486726000000004,-30.429198999999997
42.214,36.255,180.835,148.054,169.24,151.53,162.382,162.766,202.512,361.464,593.222,-44.045619,-25.881691
42.26,33.659,180.935,147.265,168.303,151.53,162.382,161.799,200.919,359.142,582.744,-42.1975015,-23.4545365
42.313,32.912,179.883,147.265,168.303,150.69,161.406,160.953,200.222,357.12,581.648,-40.5684755,-21.239921
42.361,30.191,179.883,146.419,167.342,149.772,160.357,159.955,198.947,353.256,570.984,-39.416037,-19.903564
42.512,28.305,176.321,143.087,163.785,146.474,156.385,157.806,196.446,348.473,565.685,-37.1262955,-18.294539999999998
42.566,27.238,175.77,141.808,162.571,146.474,156.385,156.606,194.694,345.052,556.812,-36.088501,-17.181152500000003
42.613,26.881,174.701,141.808,162.571,145.296,154.835,155.361,193.073,342.055,551.86,-35.095169,-16.4424365
42.668,25.36,174.701,140.872,161.639,144.422,153.755,154.427,192.987,340.211,552.393,-33.147777500000004,-15.4590605
42.818,24.783,173.828,140.178,160.659,143.568,152.734,153.825,191.481,337.891,547.54,-27.6425975,-11.41037
42.859,24.551,174.01,139.821,160.249,143.568,152.734,153.55,191.564,337.802,556.508,-26.7908575,-11.275581500000001
42.913,22.778,174.238,139.821,160.249,143.087,152.257,152.961,190.476,336.31,552.245,-25.7780375,-10.90757
42.961,23.496,174.238,139.142,159.24,142.286,151.28,151.89,189.834,333.999,545.741,-24.742151,-10.4145125
43.117,17.849,169.328,135.093,155.236,138.442,147.174,148.735,186.653,329.028,534.398,-22.942253,-9.625366
43.167,18.233,169.121,134.54,154.527,138.442,147.174,147.644,185.401,326.462,528.727,-22.641655,-9.579712
43.211,16.542,168.419,134.54,154.527,137.936,146.523,146.959,184.579,325.655,534.958,-22.012003,-9.427002
43.278,15.855,168.419,134.177,154.058,137.486,145.876,146.442,183.471,323.38,528.671,-20.7157365,-8.8721465
43.413,13.027,167.194,133.153,152.173,135.733,143.409,144.904,181.978,320.127,527.555,-19.7378845,-8.487167
43.461,14.441,165.334,132.938,151.626,135.733,143.409,144.026,181.394,318.291,521.444,-20.122051,-8.7132265
43.512,11.719,165.802,132.938,151.626,135.05,142.617,143.278,180.505,315.844,522.665,-20.698568,-8.8451085
43.559,15.13,165.802,132.715,151.095,134.547,142.132,142.641,179.714,315.614,520.601,-21.5896245,-9.094429000000002
43.711,13.766,163.984,132.042,149.821,133.408,140.808,141.69,178.477,312.197,518.637,-24.639051000000002,-10.079017499999999
43.76,12.821,165.131,131.878,149.382,133.408,140.808,141.32,178.27,312.423,514.585,-26.403105,-10.9488755
43.811,13.877,163.546,131.878,149.382,132.986,140.287,140.713,178.079,311.072,512.343,-28.4818215,-12.022178499999999
43.86,12.883,163.546,131.327,148.57,132.234,139.386,139.862,176.916,308.359,508.966,-30.527416000000002,-13.226944
44.012,11.825,162.353,130.149,146.717,130.579,137.351,138.545,175.702,305.553,505.927,-35.434883,-16.677826
44.06,11.907,161.737,129.598,146.162,130.579,137.351,137.971,174.928,303.323,498.665,-36.681656000000004,-17.678176999999998
44.117,12.467,161.267,129.598,146.162,130.184,136.755,137.376,174.415,302.599,505.674,-38.488659,-19.311585
44.163,11.031,161.267,129.082,145.781,129.93,136.317,137.07,174.359,301.596,505.545,-40.202263,-21.0378875
44.312,8.08,161.749,128.378,145.058,129.545,135.607,136.629,173.84,300.201,504.285,-45.2614755,-27.698967
44.361,9.879,160.077,128.167,144.895,129.545,135.607,136.502,173.649,300.019,506.544,-46.2807825,-29.230415
44.414,7.74,160.82,128.167,144.895,129.348,135.378,136.259,173.247,299.853,497.074,-47.027297,-30.600395
44.462,7.163,160.82,128.045,144.643,129.169,135.056,136.016,173.535,298.581,500.153,-47.7538285,-31.862701
44.616,7.355,160.038,127.743,144.323,128.97,134.816,135.738,173.017,298.278,496.238,-50.48337050000001,-38.213623
44.661,8.525,160.564,127.814,144.568,128.97,134.816,135.794,172.965,298.376,499.878,-51.3296795,-40.671234
44.719,7.498,161.895,127.814,144.568,129.089,135.051,135.991,172.662,299.99,503.002,-52.443156,-44.019295
44.766,8.273,161.895,127.867,144.779,129.349,135.298,136.229,173.474,300.126,500.152,-53.078576999999996,-47.2391585
44.92,9.134,161.461,127.974,145.73,130.449,136.304,136.922,174.34,300.626,504.471,-53.726325,-62.6278535
44.967,6.641,161.061,127.565,146.209,130.449,136.304,137.302,174.515,302.305,507.794,-53.592625,-65.218689
45.015,6.588,161.511,127.565,146.209,130.99,137.004,138.184,175.845,304.433,508.138,-53.488252,-66.418038
45.061,7.942,161.511,127.318,146.477,131.248,137.427,138.783,176.375,306.081,504.037,-53.628167,-67.2937315
45.218,9.365,163.496,127.763,147.603,132.014,138.738,139.706,177.786,308.375,504.321,-52.978858,-70.015221
45.268,9.479,162.472,128.214,148.231,132.014,138.738,140.204,178.297,309.227,505.82,-53.122902499999995,-70.4351045
45.313,11.136,164.897,128.214,148.231,132.364,139.242,140.805,179.123,310.261,509.451,-53.022412,-71.4318775
45.36,14.544,164.897,128.856,149.075,132.881,139.9,141.421,180.294,312.639,509.261,-52.540276,-73.4037555
45.517,17.782,168.256,131.722,152.726,134.998,142.075,142.695,182.007,314.217,512.235,-51.238596,-77.813461
45.56,19.172,169.557,132.563,153.746,134.998,142.075,143.142,182.839,315.804,511.273,-50.9827215,-78.690224
45.617,21.262,169.341,132.563,153.746,135.599,142.273,143.3,183.621,315.376,517.759,-50.660299,-79.685195
45.667,22.957,169.341,133.347,154.877,136.353,143.015,143.899,183.995,316.201,515.503,-50.505365,-80.142548
45.811,27.719,174.972,136.955,161.14,139.7,146.43,145.161,185.799,319.353,511.574,-49.4142655,-84.2175675
45.862,30.922,178.398,138.602,164.852,139.7,146.43,146.135,187.06,321.474,518.772,-48.192111,-87.0750965
45.911,36.78,183.085,138.602,164.852,141.424,148.502,147.589,188.464,323.844,517.607,-46.579551499999994,-90.788452
45.962,44.512,183.085,140.501,172.198,144.193,153.5,150.758,191.233,327.377,519.166,-44.51695,-94.3001865
46.112,60.738,196.976,147.549,194.008,153.793,166.631,159.676,200.04,337.615,524.938,-39.496279,-102.3674925
46.189,62.388,198.186,148.803,196.113,153.793,166.631,162.532,204.262,340.666,527.802,-38.1758085,-104.4241635
46.225,65.21,199.305,148.803,196.113,154.841,167.44,164.117,207.374,344.408,528.982,-37.737056,-104.982773
46.286,61.748,199.305,149.854,195.984,156.455,171.392,163.795,203.973,347.464,539.33,-37.2892775,-105.72152700000001
46.411,65.546,200.429,151.375,197.202,157.698,172.146,164.691,204.87,350.373,534.769,-36.5817435,-107.068108
46.462,66.791,200.179,151.785,198.555,157.698,172.146,165.394,205.399,351.64,543.709,-35.694995500000005,-108.1370855
46.513,67.147,201.676,151.785,198.555,158.523,172.979,166.606,207.657,354.262,544.73,-34.371443,-109.801544
46.564,66.769,201.676,152.62,199.912,159.413,173.909,167.711,208.723,356.422,550.376,-32.43212,-111.822754
46.711,71.015,205.913,155.34,203.03,162.253,176.943,170.181,212.532,362.659,557.818,-25.0377655,-118.3336565
46.759,71.496,205.157,155.77,203.443,162.253,176.943,170.906,213.4,362.814,553.068,-22.606558,-120.1263275
46.812,72.112,206.576,155.77,203.443,162.864,177.572,171.307,213.005,364.735,563.436,-20.700358,-121.787575
46.861,75.353,206.576,156.347,203.935,163.375,178.101,172.066,214.302,367.671,560.478,-18.904729500000002,-123.13932
47.011,73.883,210.009,159.325,210.215,167.413,182.424,175.361,220.739,374.439,564.358,-13.057186000000002,-126.7661435
47.06,79.249,215.213,161.926,214.121,167.413,182.424,178.132,225.228,380.121,573.849,-10.352936,-128.1105345
47.113,84.81,218.891,161.926,214.121,170.429,185.976,181.778,228.391,390.249,593.29,-7.338093,-129.35748999999998
47.163,88.618,218.891,164.894,217.889,173.832,190.181,185.485,234.076,399.763,593.908,-4.702328,-130.25179350000002
47.318,96.214,229.175,174.064,226.424,182.823,201.547,188.391,236.085,416.488,630.741,-0.4774935,-131.81572749999998
47.408,101.695,230.876,175.618,228.972,182.823,201.547,193.281,243.818,423.126,633.855,1.709526,-132.428772
47.427,101.14,230.448,175.618,228.972,184.593,203.433,196.715,248.63,427.433,639.535,2.2630805,-132.492706
47.461,101.381,230.448,176.543,230.267,185.898,205.341,197.983,250.844,429.534,647.944,3.3150325,-132.6895525
47.612,104.727,235.895,179.858,234.947,189.772,210.426,200.688,255.163,436.608,656.923,5.8264005,-133.002388
47.663,108.591,238.48,181.972,238.394,189.772,210.426,202.993,263.113,442.852,659.274,5.7846755,-132.96702549999998
47.712,110.766,242.333,181.972,238.394,192.149,213.255,206.438,271.659,450.239,675.574,5.734245,-132.9648745
47.768,117.931,242.333,185.048,243.174,195.287,216.761,211.411,285.088,462.537,682.616,6.1110685,-133.10069249999998
47.912,127.255,256.531,200.985,259.186,209.398,233.619,216.362,282.793,486.509,736.12,6.990261,-133.12136800000002
47.991,134.345,261.122,205.862,266.392,209.398,233.619,222.186,292.689,500.903,758.902,5.6288225,-133.011818
48.019,139.038,267.533,205.862,266.392,215.358,241.019,230.381,307.007,518.67,772.933,5.07803,-132.92482
48.062,144.895,267.533,211.174,273.436,221.387,247.949,237.281,317.749,533.517,805.866,4.771404,-132.8852695
48.215,163.275,288.052,229.636,296.572,243.501,271.421,249.848,338.232,570.242,851.931,4.440384,-132.953888
48.308,175.819,297.828,237.398,305.613,243.501,271.421,260.914,357.756,596.255,888.965,-0.059754,-132.187927
48.329,184.362,305.424,237.398,305.613,253.097,280.834,271.233,373.333,620.728,928.183,-1.123825,-132.0212485
48.364,195.266,305.424,246.002,314.591,263.361,291.72,283.031,392.073,643.516,976.848,-2.361454,-131.82437099999999
48.515,214.512,335.961,270.094,345.889,293.992,321.044,306.974,433.293,693.748,1045.432,-1.9435735,-131.7224425
48.56,224.568,341.854,278.986,355.327,293.992,321.044,317.845,449.738,717.174,1078.571,-2.809368,-131.34105649999998
48.614,235.261,350.912,278.986,355.327,301.796,326.352,320.319,449.734,734.534,1113.273,-4.890831,-130.814903
48.66,244.322,350.912,286.168,364.063,312.075,337.541,334.487,475.766,756.985,1144.545,-7.3146365,-130.302536
48.815,253.027,371.182,302.383,387.897,330.036,354.124,353.156,557.675,788.751,1204.199,-10.397048999999999,-128.8953475
48.86,261.391,373.988,305.912,393.893,330.036,354.124,358.803,568.772,798.594,1202.162,-11.2983815,-128.36897249999998
48.916,265.312,380.01,305.912,393.893,334.55,358.868,365.414,583.497,812.31,1223.314,-12.8066935,-127.7605055
48.961,268.623,380.01,309.459,400.303,338.977,363.109,371.379,594.951,827.66,1247.686,-14.664663000000001,-127.0642015
49.111,265.274,381.064,308.394,397.461,336.694,360.398,371.011,593.279,821.732,1233.137,-18.878694,-124.806496
49.161,262.302,376.356,306.891,394.362,336.694,360.398,366.776,583.764,814.448,1226.534,-19.682685499999998,-124.24084450000001
49.212,260.157,374.166,306.891,394.362,334.916,358.793,363.841,578.819,810.205,1215.991,-20.571665,-123.567459
49.265,258.323,374.166,306.157,392.898,334.055,358.002,362.58,576.816,805.586,1222.762,-21.536053,-122.76604449999999
49.411,242.89,352.132,288.855,362.447,311.338,334.475,344.559,534.539,761.881,1153.312,-26.156672,-119.35771199999999
49.461,233.162,341.14,280.864,348.648,311.338,334.475,328.81,470.38,735.073,1117.906,-27.812148999999998,-118.0150755
49.512,224.348,334.762,280.864,348.648,300.433,322.256,315.67,449.952,708.333,1087.953,-29.188131499999997,-116.590744
49.561,218.74,334.762,275.753,342.2,293.767,315.169,307.921,436.518,697.267,1063.291,-30.6677265,-115.226906
49.719,207.929,318.3,262.58,323.481,277.752,298.455,296.927,418.513,672.756,1022.095,-33.9343545,-112.076248
49.761,202.573,313.409,257.987,316.851,277.752,298.455,290.452,407.069,656.973,1009.888,-34.444306,-111.34205600000001
49.813,176.855,296.944,257.987,316.851,271.943,292.694,284.567,395.667,645.64,1001.695,-34.990066999999996,-110.53585799999999
49.893,165.765,296.944,257.382,310.119,268.894,290.584,280.722,391.035,633.915,990.171,-36.5786115,-108.392975
50.012,149.613,277.642,242.749,289.567,252.578,272.384,267.675,367.859,603.127,955.863,-39.907303999999996,-104.5329285
50.06,143.317,272.523,238.397,284.116,252.578,272.384,261.507,357.19,592.639,923.49,-41.141346,-103.09217050000001
50.117,136.659,268.606,238.397,284.116,247.873,267.412,256.153,347.742,580.422,925.601,-41.988663,-101.813416
50.16,133.781,268.606,234.375,278.76,243.342,262.493,251.052,339.188,569.903,899.687,-42.2982285,-101.193405
50.312,122.711,256.597,222.656,264.787,229.846,248.779,241.364,323.955,549.73,871.334,-43.011815,-99.1116255
50.358,118.711,253.536,219.225,260.258,229.846,248.779,237.084,315.971,537.296,858.789,-43.729246,-97.883087
50.411,115.525,248.827,219.225,260.258,226.21,244.943,233.154,308.903,529.985,843.154,-44.8324145,-96.39250150000001
50.467,110.725,248.827,215.643,255.554,222.273,240.306,228.86,302.226,521.172,823.128,-45.855852,-94.608399
50.611,101.609,237.666,204.219,242.691,211.456,229.275,223.392,288.987,502.763,794.46,-47.1103705,-91.895813
50.66,97.049,233.064,199.816,235.94,211.456,229.275,219.249,282.737,491.274,785.274,-47.3417885,-91.2103655
50.719,91.775,229.273,199.816,235.94,207.475,224.828,215.424,277.093,482.687,757.946,-47.5407785,-90.40427349999999
50.761,89.413,229.273,196.3,231.259,203.94,220.973,212.066,271.97,474.242,766.395,-47.7633215,-89.782997
50.921,81.495,222.484,189.585,222.597,197.278,213.22,207.344,264.061,466.616,735.914,-48.7271195,-87.7805785
50.965,82.01,221.192,187.716,219.964,197.278,213.22,205.042,261.355,458.921,726.955,-48.876652,-87.301331
51.012,75.649,218.456,187.716,219.964,195.244,211.017,202.924,257.395,453.672,716.355,-49.0294435,-86.71109
51.06,74.957,218.456,185.443,216.697,192.853,208.535,200.655,255.143,446.892,725.568,-49.2871475,-85.992592
51.213,66.014,211.03,178.246,207.306,185.446,200.493,195.33,247.337,435.204,692.879,-50.1513975,-83.768844
51.264,67.11,208.322,176.402,204.918,185.446,200.493,193.3,243.513,432.217,684.949,-50.4400935,-82.9272535
51.312,63.347,207.314,176.402,204.918,183.731,198.601,191.561,241.635,428.333,685.702,-50.675734500000004,-81.9629515
51.361,61.931,207.314,175.056,203.53,182.312,196.937,190.151,239.308,423.172,678.416,-51.0336675,-81.0589375
51.512,59.94,204.017,171.735,199.21,178.54,192.717,187.679,235.687,416.073,663.306,-51.6813565,-78.548019
51.562,59.107,202.392,170.27,197.346,178.54,192.717,186.134,233.512,414.054,665.078,-51.8884705,-77.74646
51.612,53.029,201.617,170.27,197.346,176.805,190.963,184.596,230.958,411.263,655.034,-51.9898425,-76.5414965
51.666,52.647,201.617,168.759,195.231,174.954,188.872,182.868,227.806,406.796,655.823,-52.3063025,-74.96139550000001
51.811,50.726,197.954,165.426,191.667,170.885,184.114,180.398,224.659,401.199,651.456,-53.393875,-71.18339499999999
51.86,48.646,198.3,164.807,191.079,170.885,184.114,179.607,224.194,400.473,643.956,-53.405444,-71.0704345
51.915,49.822,196.411,164.807,191.079,169.556,182.47,179.068,222.709,398.486,636.085,-53.211704999999995,-70.6694335
51.962,48.266,196.411,164.111,189.878,168.838,181.879,178.577,221.88,397.469,637.566,-53.211085,-69.819259
52.113,45.308,195.381,162.176,187.1,167.057,179.912,177.453,220.553,394.871,627.73,-54.031172,-64.3403705
52.16,45.162,193.167,161.507,186.136,167.057,179.912,176.799,219.859,393.717,628.638,-54.0861315,-63.008812
52.212,43.908,193.117,161.507,186.136,166.468,179.161,176.064,218.387,391.506,632.388,-54.048807,-61.901534999999996
52.262,45.62,193.117,160.896,185.345,165.744,178.345,175.411,216.999,390.588,630.434,-54.1128425,-60.799133499999996
52.413,43.947,191.343,158.943,182.871,163.512,175.72,174.026,215.075,388.093,624.773,-54.101324000000005,-60.522835
52.462,42.097,189.716,158.153,181.991,163.512,175.72,173.261,213.856,385.448,616.622,-53.977295999999996,-60.5433955
52.513,41.057,190.233,158.153,181.991,162.739,174.859,172.351,213.277,383.793,613.822,-54.00899,-59.965157
52.563,39.823,190.233,157.4,181.066,161.85,173.82,171.972,212.727,383.391,609.498,-54.0472985,-58.6038285
52.713,39.594,187.957,155.432,178.454,159.681,171.392,170.606,210.743,377.732,603.926,-53.7986315,-54.135086
52.759,34.058,186.26,154.557,177.193,159.681,171.392,169.873,210.12,376.517,599.934,-53.7041935,-52.341606
52.814,36.913,185.006,154.557,177.193,158.644,170.275,168.723,208.569,375.886,601.626,-53.487686499999995,-50.689201
52.861,32.733,185.006,153.622,175.829,157.674,169.307,167.644,207.326,372.247,598.573,-53.3167655,-49.3601225
53.012,35.734,183.622,151.655,173.584,155.66,166.983,166.241,206.159,368.248,596.408,-51.497586999999996,-41.853767500000004
53.064,30.52,183.009,151.265,173.1,155.66,166.983,165.745,205.116,368.531,586.161,-50.6266275,-38.861999499999996
53.119,31.586,182.351,151.265,173.1,155.188,166.43,165.131,204.366,366.558,583.97,-50.129242000000005,-36.9958875
53.16,31.045,182.351,150.674,172.242,154.527,165.696,164.325,203.383,364.021,585.354,-49.7030115,-36.503189
53.313,29.655,178.843,148.266,169.154,151.803,162.657,162.444,201.122,359.588,585.973,-47.5250495,-32.3358995
53.36,28.145,178.539,147.266,168.097,151.803,162.657,161.548,200.178,357.627,577.822,-46.199800499999995,-29.747284
53.411,29.413,178.178,147.266,168.097,150.853,161.447,160.707,199.065,355.405,568.266,-44.6249505,-27.1675185
53.462,25.915,178.178,146.691,167.409,150.319,160.889,160.328,197.778,354.364,568.917,-43.0072105,-24.8728485
53.614,25.388,177.678,146.041,167.054,149.793,160.06,160.188,197.925,354.137,569.051,-36.956877,-18.799315999999997
53.66,26.367,178.43,145.815,166.752,149.793,160.06,159.96,197.297,352.416,571.839,-33.939558,-16.042946
53.711,24.832,176.787,145.815,166.752,149.572,159.782,159.63,197.03,352.281,567.039,-30.726336,-13.627739
53.762,24.376,176.787,145.426,166.121,149.175,159.271,159.042,196.248,349.635,566.229,-28.18721,-12.0423505
53.915,22.537,174.958,143.061,163.251,146.612,156.25,157.224,193.833,345.271,562.536,-24.7246545,-10.257964999999999
53.964,21.741,174.494,142.005,162.274,146.612,156.25,156.398,193.06,343.678,563.631,-25.044426,-10.5586775
54.013,20.938,172.525,142.005,162.274,145.571,154.987,155.399,192.029,340.361,553.466,-25.6548995,-10.838134499999999
54.06,19.079,172.525,140.765,161.22,144.478,153.429,154.266,190.99,336.858,557.454,-26.6674485,-11.219177
54.219,14.783,169.793,137.687,157.172,140.81,149.12,151.644,187.807,331.129,537.725,-30.1907235,-12.983208000000001
54.292,15.457,169.322,136.362,156.13,140.81,149.12,150.62,186.211,329.027,535.853,-33.567207,-15.151672
54.312,14.75,167.796,136.362,156.13,139.651,147.683,149.497,185.426,329.262,534.804,-35.073143,-16.304977
54.359,12.013,167.796,135.454,155.469,139.014,147.119,148.708,184.865,327.604,530.421,-38.8873505,-19.726035500000002
54.515,10.612,166.694,133.934,153.39,137.211,144.81,147.272,183.101,323.276,531.199,-46.294865,-30.070358
54.559,10.167,165.811,133.494,152.764,137.211,144.81,146.359,182.442,321.111,521.173,-47.189388,-31.209655499999997
54.613,10.022,164.429,133.494,152.764,136.535,143.949,145.451,181.093,317.798,516.192,-47.7761055,-32.129791499999996
54.659,9.031,164.429,133.17,152.188,135.84,143.046,144.451,180.464,316.895,517.063,-48.5430755,-33.545593499999995
54.812,7.823,163.172,131.755,149.045,132.807,139.605,141.906,177.511,310.791,516.603,-51.944148999999996,-42.979523
54.862,8.546,162.258,131.271,147.821,132.807,139.605,140.64,175.867,309.603,506.925,-52.6545625,-46.986999999999995
54.914,5.339,161.736,131.271,147.821,131.803,138.47,139.404,174.624,305.354,505.785,-53.4484935,-50.6876145
54.962,6.44,161.736,130.697,146.711,130.748,137.263,138.285,173.206,302.319,503.588,-53.901501499999995,-54.297531000000006
55.117,3.844,158.394,129.013,145.386,129.975,135.775,137.336,172.956,299.665,498.471,-53.723074,-64.713791
55.16,5.793,160.72,129.041,145.637,129.975,135.775,137.312,172.731,300.078,499.618,-53.583028,-66.265861
55.213,7.063,160.088,129.041,145.637,130.204,135.994,137.602,173.372,301.128,504.829,-53.5312045,-68.288948
55.259,6.215,160.088,129.037,145.925,130.557,136.299,137.893,173.639,302.088,506.413,-53.012765,-69.961899
55.415,3.682,161.124,129.07,147.441,132.185,138.02,138.741,174.646,304.094,511.716,-51.909686,-76.01548
55.467,5.584,161.433,128.781,148.234,132.185,138.02,139.722,175.464,306.22,513.987,-50.875467,-79.872238
55.515,6.423,162.956,128.781,148.234,132.904,138.96,140.973,176.915,308.876,503.789,-49.379234,-83.90903449999999
55.561,7.026,162.956,128.971,148.926,133.475,139.919,142.308,179.173,312.666,510.4,-47.392337,-87.80905200000001
55.714,12.919,167.798,132.103,153.015,135.693,142.442,144.137,181.174,316.323,516.225,-44.7802335,-93.5967105
55.76,13.305,168.963,132.818,153.873,135.693,142.442,144.893,182.998,317.915,515.656,-44.610181,-94.5632095
55.811,14.946,168.711,132.818,153.873,136.34,143.049,145.383,182.838,318.348,518.866,-44.167252000000005,-95.842949
55.863,18.54,168.711,133.502,154.893,136.973,143.606,145.839,183.68,319.078,522.055,-43.176474999999996,-97.6801985
56.011,28.248,177.909,138.837,163.759,141.751,148.142,147.626,186.285,323.032,519.267,-39.828746499999994,-101.616348
56.06,32.754,181.666,141.115,169.926,141.751,148.142,148.821,187.38,325.071,526.092,-39.477112500000004,-102.432571
56.114,37.866,185.874,141.115,169.926,144.236,151.806,151.465,190.474,329.55,518.691,-39.253374,-103.381974
56.161,46.864,185.874,143.12,180.385,146.883,156.193,153.699,192.246,330.992,526.055,-38.5717675,-104.6697315
56.316,56.049,195.269,149.202,194.691,155.44,168.109,161.646,199.431,338.826,532.237,-32.7577325,-111.1468125
56.36,56.919,196.838,150.445,196.534,155.44,168.109,163.545,202.095,342.666,540.877,-30.1196825,-113.741501
56.416,57.616,197.534,150.445,196.534,156.993,170.183,165.078,203.155,346.349,538.481,-27.807221,-115.777519
56.46,59.155,197.534,151.416,197.831,157.703,171.504,165.811,203.713,349.414,537.645,-25.997346999999998,-117.3904345
56.615,64.037,202.291,155.688,204.542,162.597,176.878,169.483,208.688,358.256,554.183,-24.55998,-119.21125
56.699,69.28,206.421,158.052,208.643,162.597,176.878,172.58,213.335,365.091,560.904,-23.253690499999998,-120.5817105
56.716,68.792,210.182,158.052,208.643,165.032,179.152,176.299,218.621,372.632,568.8,-22.684133,-120.90668500000001
56.761,73.735,210.182,160.481,211.864,167.756,181.962,179.264,222.319,380.241,575.993,-20.967301,-122.10317950000001
56.911,77.653,216.67,165.882,218.166,173.407,188.848,183.653,227.379,389.964,586.234,-16.3533915,-124.73363499999999
56.981,79.508,217.434,167.191,220.1,173.407,188.848,185.372,229.692,395.442,602.127,-15.407539,-125.4930495
57.018,81.498,220.298,167.191,220.1,175.032,190.641,187.357,232.418,399.487,605.288,-15.035576500000001,-125.7517855
57.068,83.918,220.298,168.671,222.083,176.858,192.628,189.507,235.651,404.642,607.07,-14.9209305,-125.741127
57.212,86.447,223.912,173.598,225.08,181.185,198.277,189.98,235.47,410.72,625.853,-16.729429500000002,-124.7376785
57.261,87.429,226.072,174.963,227.497,181.185,198.277,192.095,237.292,417.419,631.444,-19.045081500000002,-123.27207200000001
57.32,90.842,228.71,174.963,227.497,183.008,200.175,194.936,242.453,420.526,632.787,-23.806969,-119.8257295
57.362,92.26,228.71,176.774,230.048,185.318,202.598,198.783,248.923,430.065,650.493,-27.8917405,-116.76494550000001
57.511,99.481,239.517,187.341,242.613,195.187,212.835,208.011,270.746,447.459,678.221,-34.8207,-111.31381200000001
57.562,109.362,244.721,191.648,246.571,195.187,212.835,206.725,261.478,459.371,697.002,-34.177873500000004,-110.8874815
57.616,114.505,249.252,191.648,246.571,199.009,219.126,211.56,271.703,472.479,701.175,-33.8544555,-110.07190750000001
57.661,117.544,249.252,195.024,250.085,204.08,225.793,218.778,284.818,481.936,727.807,-34.820946,-108.422211
57.817,121.018,255.477,202.094,258.979,211.005,232.906,219.27,282.674,492.239,739.778,-41.679306,-102.134171
57.859,124.004,257.728,204.463,262.826,211.005,232.906,224.487,292.263,499.102,741.788,-42.8208695,-100.43409
57.915,127.478,260.175,204.463,262.826,214.102,236.573,228.006,297.787,508.865,755.036,-43.582362,-98.2289045
57.963,132.711,260.175,207.584,266.844,217.301,240.265,231.298,303.534,518.878,771.707,-44.194141,-95.5824125
58.113,140.072,271.421,217.871,279.094,227.714,251.456,238.804,317.328,536.935,807.056,-49.5408005,-86.32650000000001
58.194,143.481,273.331,220.189,281.583,227.714,251.456,241.912,320.969,546.194,819.141,-51.1665605,-82.8483275
58.215,141.257,273.334,220.189,281.583,229.671,253.399,243.674,323.886,546.986,819.362,-51.238445,-82.2388915
58.271,143.03,273.334,220.604,281.399,229.603,252.776,242.598,320.756,544.729,815.5,-50.8454885,-80.572723
58.418,134.407,265.308,213.362,269.493,219.34,238.572,238.239,313.537,531.24,801.681,-51.85987,-75.337151
58.463,115.352,251.568,207.122,257.253,219.34,238.572,227.752,296.617,506.057,775.456,-52.6794145,-73.60108149999999
58.512,96.967,234.445,207.122,257.253,209.77,227.598,217.335,280.832,485.21,770.089,-53.342768,-71.581741
58.559,84.788,234.445,200.856,241.133,206.298,224.057,213.089,275.066,470.024,737.091,-53.518493,-69.7574545
58.712,81.565,223.704,189.704,227.53,193.952,208.75,203.066,257.753,454.103,719.871,-53.840322,-61.6721345
58.763,77.574,221.697,187.577,224.131,193.952,208.75,200.08,253.314,446.554,715.281,-54.0725915,-58.9757995
58.815,72.744,217.31,187.577,224.131,191.656,205.899,197.426,250.624,439.04,709.813,-54.2911815,-57.4144665
58.86,67.837,217.31,185.194,220.665,189.764,203.453,195.175,246.553,434.897,692.759,-54.108192,-56.275047
59.014,60.834,208.996,175.934,207.311,181.954,194.561,189.952,237.056,421.921,678.111,-53.5918025,-53.575859
59.06,56.621,204.542,172.805,201.757,181.954,194.561,188.82,235.577,416.624,665.546,-53.344493,-52.411429999999996
59.115,50.074,200.998,172.805,201.757,178.987,191.374,185.802,231.407,409.241,659.939,-53.386513,-51.6063305
59.16,49.077,200.998,168.943,195.787,174.673,187.061,182.342,225.99,401.175,642.907,-53.46128950000001,-50.883049
59.31,38.981,192.432,160.349,184.6,164.768,176.291,177.215,218.203,391.495,628.723,-52.846137999999996,-46.729644500000006
59.36,40.214,190.427,158.557,182.415,164.768,176.291,175.023,215.18,385.938,619.909,-52.577788999999996,-45.787796
59.412,34.961,188.65,158.557,182.415,162.717,173.882,173.314,212.236,382.347,612.221,-52.384801499999995,-45.8809745
59.46,35.163,188.65,156.969,180.393,160.998,171.951,171.724,210.501,378.818,602.832,-52.3649525,-46.2257235
59.613,33.549,185.627,153.14,175.551,156.98,167.47,168.704,207.269,370.677,596.863,-52.6151885,-46.8796465
59.707,30.733,183.825,151.957,174.028,156.98,167.47,167.565,206.514,368.904,588.994,-52.639168999999995,-47.17279
59.73,28.766,182.252,151.957,174.028,155.754,166.085,166.16,204.348,365.61,598.333,-52.5621315,-47.176224000000005
59.776,29.031,182.252,150.692,172.258,154.275,164.433,164.402,201.794,361.307,580.939,-52.831092,-47.544281
59.914,24.767,178.622,146.544,167.158,149.966,159.402,161.001,197.539,352.905,569.734,-53.1670505,-49.650902
59.995,23.014,177.396,145.327,165.876,149.966,159.402,159.613,196.47,349.714,565.209,-53.7405245,-53.219856
60.015,21.221,176.722,145.327,165.876,148.841,158.107,158.674,195.173,347.614,563.215,-53.72407,-54.260368
60.061,19.982,176.722,144.41,164.889,147.893,157.055,157.786,194.587,346.059,562.418,-53.720620499999995,-57.404548000000005
60.218,17.509,174.472,142.109,162.991,145.86,154.097,156.612,192.432,341.558,559.423,-53.766867500000004,-63.0632095
60.308,19.041,174.024,141.575,162.456,145.86,154.097,155.628,191.475,339.993,552.699,-53.705687,-64.842285
60.331,16.301,174.194,141.575,162.456,145.465,153.67,155.244,191.202,339.418,552.067,-53.60789,-65.424484
60.388,16.108,174.194,141.171,161.915,145.006,153.107,154.701,190.453,337.95,554.517,-53.5688135,-67.2375485
60.512,14.444,172.843,139.2,160.098,143.045,151.01,153.193,188.376,335.978,552.84,-52.0660115,-74.787453
60.56,13.977,171.31,138.951,159.659,143.045,151.01,152.581,188.287,335.527,543.781,-50.893016,-78.9091035
60.612,15.61,172.398,138.951,159.659,142.75,150.695,152.149,188.073,333.083,536.947,-49.5502975,-82.313698
60.667,17.995,172.398,138.936,159.708,142.668,150.641,152.152,188.034,334.925,543.003,-48.389805,-85.4254
60.819,15.059,173.147,139.304,160.135,143.017,151.016,152.437,188.205,334.842,547.137,-46.4451595,-90.065162
60.887,15.284,172.866,139.481,160.33,143.017,151.016,152.463,188.133,335.802,545.46,-46.207798,-90.7644655
60.914,15.846,172.778,139.481,160.33,143.16,151.177,152.592,189.327,335.946,541.296,-46.134525,-91.179024
60.965,16.63,172.778,139.704,160.604,143.42,151.348,152.856,188.61,336.4,540.914,-45.96208,-91.8469465
61.117,20.095,174.318,141.033,162.64,144.814,153.03,153.512,190.04,337.942,541.157,-43.247393,-97.403762
61.189,22.027,175.721,142.344,164.586,144.814,153.03,154.437,190.67,339.793,551.414,-40.312508,-101.6615295
61.254,23.722,179.173,142.344,164.586,145.997,154.321,155.409,192.285,341.608,545.543,-36.9566405,-105.83869949999999
61.283,28.761,179.173,144.01,167.174,147.263,155.681,156.342,192.914,343.794,547.313,-35.473938,-107.630447
61.414,31.372,184.58,147.749,173.86,150.61,159.509,157.977,194.76,347.184,555.672,-31.134052,-112.2042465
61.493,34.698,185.929,148.495,175.616,150.61,159.509,158.561,196.002,347.612,561.543,-31.5975535,-112.2366485
61.516,37.3,187.356,148.495,175.616,151.426,160.443,159.135,197.121,348.305,555.715,-31.9381395,-112.0618825
61.562,42.661,187.356,149.512,178.164,152.436,161.879,159.997,197.91,350.971,561.341,-32.716224499999996,-111.6369555
61.711,60.482,202.226,153.727,196.016,161.403,174.46,164.799,202.839,358.622,547.345,-32.0168305,-112.3881605
61.779,65.816,205.012,155.69,200.17,161.403,174.46,170.0,207.7,364.337,551.569,-30.648281,-113.5559085
61.811,65.993,207.867,155.69,200.17,164.512,177.317,174.1,213.283,370.753,560.518,-29.818428,-114.3291625
61.861,69.368,207.867,157.494,203.689,166.98,179.39,177.464,217.601,376.485,571.269,-28.4038505,-115.94319899999999
62.015,72.762,212.828,161.226,207.695,171.408,184.947,180.064,219.199,383.357,572.041,-22.2780665,-120.79596699999999
62.061,75.153,213.484,161.865,208.514,171.408,184.947,180.84,220.446,385.301,571.951,-20.191915,-122.1531375
62.114,74.521,214.74,161.865,208.514,172.162,185.767,181.859,222.066,387.101,586.689,-18.811819,-123.09696199999999
62.16,76.287,214.74,162.622,209.787,172.931,186.789,183.057,223.679,390.504,581.832,-17.776979,-123.92513249999999
62.312,83.453,222.659,167.48,218.507,179.653,193.442,187.907,231.946,401.875,605.826,-14.8671915,-125.9524155
62.362,87.142,226.846,172.015,221.465,179.653,193.442,192.127,238.362,411.11,615.978,-13.3102385,-126.7024765
62.413,91.469,229.518,172.015,221.465,183.5,200.088,193.531,239.429,423.726,642.276,-11.498945500000001,-127.6364365
62.459,96.139,229.518,175.927,226.928,188.037,204.022,199.769,250.414,434.601,652.506,-9.780097999999999,-128.4277955
62.611,101.568,239.777,184.363,236.655,195.422,212.182,206.537,264.767,448.056,672.549,-6.199211,-130.108429
62.66,101.64,238.664,185.083,236.895,195.422,212.182,207.479,266.899,449.972,671.649,-5.031929,-130.593719
62.717,101.953,239.105,185.083,236.895,196.08,212.919,207.542,264.996,452.079,672.939,-3.567177,-131.096832
62.763,99.664,239.105,185.237,236.52,195.917,212.971,207.445,265.086,451.112,670.025,-2.0443845,-131.5359575
62.914,105.863,240.279,186.434,238.863,197.791,214.993,208.209,266.432,452.78,681.008,3.644875,-132.82402050000002
62.962,104.259,242.678,188.54,242.339,197.791,214.993,210.186,271.935,458.556,688.226,5.254738,-133.0260395
63.018,106.587,245.099,188.54,242.339,200.35,217.634,213.777,281.481,467.808,697.566,6.582523999999999,-133.1632845
63.061,113.121,245.099,191.495,247.146,203.114,220.223,217.978,296.307,477.655,717.246,7.3615189999999995,-133.17392
63.216,123.114,258.033,205.0,261.525,216.963,237.376,225.49,296.911,501.254,749.737,11.042118,-133.2321545
63.303,127.755,264.103,209.049,265.842,216.963,237.376,230.412,304.608,510.86,766.242,12.872639,-133.22821800000003
63.323,134.26,264.513,209.049,265.842,220.506,239.208,230.362,299.881,520.183,777.809,12.999355,-133.24289
63.363,135.943,264.513,212.831,269.807,223.366,243.411,235.036,308.511,529.964,796.932,12.9616925,-133.238403
63.511,144.591,276.895,222.946,280.594,235.484,258.358,244.815,325.337,551.734,824.948,12.019478,-133.2813875
63.591,152.406,281.925,226.933,285.742,235.484,258.358,249.325,332.788,564.943,862.137,13.160629499999999,-133.26478550000002
63.614,157.14,287.284,226.933,285.742,240.632,263.703,256.066,344.877,575.668,873.507,13.5897755,-133.2786405
63.659,164.45,287.284,230.072,292.13,246.035,269.586,264.105,360.614,588.934,882.383,14.0105285,-133.362976
63.812,174.606,303.374,247.01,312.363,263.752,288.124,276.142,377.506,621.23,933.974,11.0077745,-133.2614215
63.864,184.198,309.955,253.432,320.551,263.752,288.124,283.508,389.681,637.304,964.858,10.6368485,-133.2954715
63.911,191.189,318.55,253.432,320.551,271.055,295.64,291.644,403.061,656.662,1006.689,11.091248,-133.36441050000002
63.959,203.016,318.55,261.674,330.567,279.968,304.307,301.276,418.84,681.307,1030.294,11.664253500000001,-133.42056300000002
64.113,228.754,349.397,291.203,371.9,314.396,336.646,327.522,480.599,736.365,1139.592,8.940113,-133.427742
64.182,239.598,363.675,301.565,389.797,314.396,336.646,341.321,517.851,769.014,1176.509,7.5487865,-133.3747555
64.213,251.461,381.258,301.565,389.797,327.438,349.682,359.227,553.26,805.185,1239.682,7.1522175,-133.392403
64.261,269.218,381.258,313.28,410.915,341.98,364.37,378.892,589.343,847.444,1310.593,6.860027499999999,-133.3856275
64.414,304.512,431.889,355.235,477.471,386.163,409.905,419.523,658.111,939.091,1443.501,4.522869,-133.2789685
64.46,313.191,443.12,362.946,488.574,386.163,409.905,435.308,667.379,968.786,1487.563,3.498058,-133.0754315
64.516,319.582,447.948,362.946,488.574,392.875,416.545,443.269,671.591,982.886,1533.631,2.562836,-133.022247
64.562,322.281,447.948,367.879,496.361,396.595,419.58,448.267,680.86,985.807,1511.844,1.496384,-132.83092449999998
64.713,330.183,458.879,380.802,517.788,407.071,429.746,458.13,695.331,1008.799,1568.045,-0.468731,-132.54956850000002
64.768,338.303,464.024,384.514,524.071,407.071,429.746,467.078,709.071,1026.644,1595.876,-1.3686064999999998,-132.344833
64.811,336.577,462.015,384.514,524.071,407.917,429.509,469.974,711.664,1021.531,1596.564,-2.4008944999999997,-132.01013949999998
64.868,330.114,462.015,382.744,519.124,404.211,425.474,463.861,700.464,1010.441,1571.982,-4.2504729999999995,-131.457916
65.016,318.537,440.996,369.187,492.27,393.589,416.741,445.059,676.545,975.364,1532.866,-7.556141,-130.4573975
65.062,317.002,438.942,366.266,486.947,393.589,416.741,442.403,675.31,974.23,1523.669,-8.112122,-130.1657105
65.112,310.292,432.607,366.266,486.947,389.977,412.721,437.21,669.095,954.872,1484.876,-8.524109,-129.9376605
65.165,301.095,432.607,360.103,476.974,383.185,405.637,428.33,657.473,939.642,1462.057,-9.010605,-129.77056149999999
65.316,288.106,406.093,342.318,444.551,364.653,385.509,411.834,648.204,901.334,1385.576,-11.0102765,-129.00122850000002
65.375,274.73,395.307,332.488,428.009,364.653,385.509,398.98,630.718,872.27,1342.864,-11.973771,-128.495422
65.411,264.079,383.754,332.488,428.009,354.171,374.837,384.676,604.63,845.394,1300.748,-12.638539999999999,-128.157814
65.464,256.628,383.754,324.261,414.387,345.171,365.681,372.661,584.481,820.153,1252.319,-13.6731985,-127.7001645
65.613,242.763,362.264,304.5,382.306,324.272,345.61,355.175,538.235,786.851,1213.651,-16.610992500000002,-126.2137755
65.686,234.33,351.431,296.762,370.003,324.272,345.61,344.518,496.321,765.149,1161.888,-17.290356000000003,-125.889397
65.714,225.004,345.008,296.762,370.003,315.374,337.347,334.624,472.153,746.705,1136.781,-17.32658,-125.83268
65.781,222.947,345.008,290.672,362.836,308.065,329.313,326.134,461.262,734.031,1135.377,-17.4538635,-125.5831905
65.926,204.714,327.398,279.18,342.908,292.13,311.985,314.313,440.901,704.464,1079.082,-19.3686925,-124.267845
65.974,190.588,320.355,273.688,334.598,292.13,311.985,306.559,428.091,688.458,1059.564,-20.438018999999997,-123.67392749999999
66.045,181.635,313.075,273.688,334.598,284.915,304.735,299.016,415.571,675.717,1035.573,-22.2861275,-122.557533
66.062,173.311,313.075,268.798,326.596,278.542,298.362,292.134,402.971,660.596,1020.961,-22.637296499999998,-122.302246
66.214,157.671,288.286,255.655,306.567,266.817,285.742,283.236,388.692,635.915,997.06,-24.7551935,-120.6892315
66.261,152.493,285.533,252.918,302.999,266.817,285.742,278.497,380.183,628.48,985.335,-25.096109499999997,-120.316994
66.315,150.192,282.847,252.918,302.999,264.041,282.879,275.705,374.998,620.811,973.282,-25.398918000000002,-119.81456
66.361,143.069,282.847,250.664,300.273,261.671,280.419,273.028,371.38,613.78,970.398,-25.926471,-119.186424
66.512,140.242,277.025,243.163,290.541,253.203,271.02,266.412,358.332,600.446,945.079,-28.419201,-117.459137
66.561,137.062,273.345,240.182,286.459,253.203,271.02,262.633,352.538,591.688,932.352,-28.698736,-117.193306
66.616,133.842,270.221,240.182,286.459,249.714,267.31,258.662,344.164,582.739,909.749,-28.8916725,-116.837357
66.661,132.16,270.221,236.188,281.8,245.204,262.838,254.355,337.902,572.566,897.281,-29.085501,-116.684662
66.816,124.768,262.222,228.632,272.186,237.275,254.175,247.515,325.9,561.259,878.366,-30.232439,-115.6335295
66.862,123.977,260.922,227.245,270.519,237.275,254.175,245.44,322.857,556.697,879.204,-30.5982265,-115.25531799999999
66.911,121.794,258.317,227.245,270.519,235.868,252.766,244.063,320.457,553.859,869.181,-30.8823225,-115.063232
66.965,118.578,258.317,226.113,269.0,234.585,251.305,242.56,318.036,549.015,865.941,-30.959978,-114.84948
67.112,115.028,251.118,220.173,260.828,228.437,244.278,238.254,311.484,538.416,856.72,-31.234914500000002,-114.228157
67.161,109.26,249.781,217.27,257.053,228.437,244.278,235.262,305.832,531.885,839.808,-31.6070235,-113.8348615
67.216,107.031,248.015,217.27,257.053,225.198,240.48,231.874,299.96,524.01,819.849,-32.204398999999995,-113.312187
67.263,105.061,248.015,213.927,253.138,222.349,238.181,230.423,295.188,516.395,825.058,-32.7508605,-112.7624285
67.416,100.521,241.432,208.055,247.309,217.379,232.399,226.741,288.853,507.599,806.991,-33.445764499999996,-112.15971400000001
67.465,94.903,238.506,205.788,242.651,217.379,232.399,224.927,287.01,501.454,796.915,-33.6015795,-111.799088
67.511,93.465,237.193,205.788,242.651,215.481,230.519,223.343,283.742,496.902,789.922,-33.806073999999995,-111.42250849999999
67.567,91.554,237.193,204.107,239.632,213.852,228.792,221.802,282.497,495.184,785.843,-34.273739,-110.946212
67.712,87.63,232.495,199.976,234.379,209.197,224.203,218.953,278.38,489.018,770.962,-36.0652295,-109.09480300000001
67.76,88.017,230.604,198.993,232.993,209.197,224.203,217.666,277.102,485.974,768.299,-36.435432500000005,-108.7939145
67.82,82.191,229.439,198.993,232.993,208.043,223.049,216.675,273.526,482.974,771.59,-36.5098835,-108.5434645
67.87,85.457,229.439,198.045,231.669,207.106,222.066,215.806,272.983,480.369,757.205,-36.3124805,-108.7413715
68.019,82.421,226.914,195.504,227.945,204.099,218.981,213.915,270.73,477.332,760.775,-35.949951,-108.62866249999999
68.06,80.612,225.749,194.871,228.024,204.099,218.981,213.025,268.945,474.836,750.356,-36.242624500000005,-108.35846649999999
68.115,81.08,226.525,194.871,228.024,202.636,217.574,212.105,267.582,474.201,750.016,-36.7677785,-107.7161785
68.161,83.061,226.525,194.526,227.792,202.228,216.921,211.786,267.16,472.608,749.096,-37.4132115,-106.9870075
68.319,77.368,223.775,192.595,225.228,200.059,214.398,210.45,265.301,468.156,745.433,-39.329968,-104.4971465
68.368,77.573,222.731,191.664,223.994,200.059,214.398,209.538,263.717,467.155,730.831,-39.963309,-103.6203005
68.411,76.313,221.221,191.664,223.994,199.327,213.507,208.659,262.937,463.169,737.341,-40.522512500000005,-102.8164295
68.461,78.219,221.221,190.86,223.061,198.53,212.569,207.926,260.894,463.736,730.457,-41.245361,-101.842102
68.613,75.795,219.389,189.122,221.061,196.644,210.399,206.442,258.47,458.453,735.93,-42.8139905,-99.3144535
68.661,74.444,218.684,188.385,219.935,196.644,210.399,205.736,257.448,458.233,721.428,-43.192159000000004,-98.44487799999999
68.712,72.429,218.203,188.385,219.935,195.803,209.533,204.807,257.057,455.726,721.093,-43.7330465,-97.4367455
68.761,72.079,218.203,187.492,219.17,194.969,208.748,203.923,254.425,453.476,718.192,-44.2596875,-96.48093399999999
68.911,70.386,215.705,184.832,216.146,192.157,205.729,201.626,251.37,448.864,709.05,-46.1709495,-93.09191100000001
68.961,71.14,215.291,184.481,215.977,192.157,205.729,200.965,250.753,447.479,706.396,-46.7183915,-91.955345
69.016,67.815,215.516,184.481,215.977,191.68,205.33,200.595,251.115,445.078,709.234,-47.1977435,-91.0920185
69.062,66.977,215.516,184.33,216.007,191.581,205.135,200.454,249.979,445.054,705.857,-47.467437000000004,-90.101288
69.213,69.824,216.064,183.864,215.168,190.905,204.34,200.117,249.947,444.237,709.441,-48.29445,-88.0245135
69.267,66.638,213.739,182.984,213.865,190.905,204.34,199.511,250.011,442.123,708.454,-48.593668,-86.932618
69.316,67.989,212.613,182.984,213.865,190.032,203.388,198.659,248.557,441.412,705.722,-48.996176500000004,-86.01335900000001
69.368,66.224,212.613,181.964,212.715,188.959,202.136,197.478,245.984,437.91,695.989,-49.4417925,-85.0451205
69.51,62.875,207.97,178.274,208.193,184.623,197.597,194.967,241.769,432.639,682.557,-49.864514,-83.421616
69.562,60.402,206.998,176.903,206.29,184.623,197.597,193.577,239.483,427.969,687.271,-49.969108,-83.1119615
69.612,58.733,206.469,176.903,206.29,183.225,196.073,192.165,237.846,424.98,679.134,-50.048047999999994,-82.503113
69.663,56.221,206.469,175.556,204.536,181.699,194.506,191.152,236.746,423.24,675.827,-50.271516,-82.175621
69.813,53.281,202.977,171.923,199.844,177.706,190.078,188.868,233.539,416.815,663.573,-50.6680865,-80.7098925
69.862,51.501,201.032,170.826,198.393,177.706,190.078,187.698,231.651,414.806,656.481,-50.8489025,-80.1240845
69.911,48.964,201.089,170.826,198.393,176.504,188.78,186.382,229.771,412.799,659.647,-51.0588925,-79.4126055
69.962,48.911,201.089,169.704,196.984,175.361,187.603,185.163,228.321,409.235,648.238,-51.317952,-78.61237349999999
70.112,44.849,196.002,165.828,191.91,171.27,183.136,182.541,224.601,402.138,636.356,-51.694142,-77.5532455
70.166,42.783,194.77,164.835,190.897,171.27,183.136,181.191,222.556,399.322,635.97,-51.559767,-77.301727
70.213,42.523,194.656,164.835,190.897,170.018,181.847,180.346,220.962,397.281,633.33,-51.6517985,-77.3625485
70.265,41.223,194.656,163.864,189.605,169.167,180.905,179.316,219.723,395.378,632.252,-51.54309000000001,-76.8254245
70.412,39.357,191.589,161.309,186.207,166.324,177.663,177.53,217.2,390.566,621.084,-52.288416,-74.3562165
70.46,37.615,191.525,160.475,185.047,166.324,177.663,176.632,216.163,389.009,612.437,-52.5604115,-72.90536499999999
70.511,37.569,189.199,160.475,185.047,165.495,176.752,175.703,215.555,388.082,612.29,-52.879648,-71.691879
70.561,37.824,189.199,159.784,184.143,164.689,175.791,175.125,215.07,386.39,620.097,-52.954840000000004,-70.9203495
70.717,36.155,188.415,158.233,182.168,162.992,173.885,174.199,212.822,383.078,612.328,-52.57667,-71.235855
70.76,36.374,187.456,157.851,181.723,162.992,173.885,173.86,212.779,383.654,607.502,-52.6611955,-70.90400650000001
70.813,34.82,187.911,157.851,181.723,162.558,173.577,173.463,212.39,381.984,612.608,-52.822829,-69.399078
70.859,34.194,187.911,157.499,181.274,162.336,173.226,173.218,211.921,381.209,605.766,-53.272189499999996,-67.6230925
71.017,34.374,186.462,156.335,179.623,160.993,171.816,172.366,209.854,379.902,608.028,-53.705328,-63.626831
71.063,34.154,186.073,155.848,178.983,160.993,171.816,171.89,209.045,378.382,607.051,-53.6105335,-63.1168215
71.114,32.256,185.54,155.848,178.983,160.413,171.138,171.316,209.714,376.905,605.025,-53.615500999999995,-62.383018500000006
71.166,29.476,185.54,155.354,178.307,159.888,170.489,170.681,208.101,376.233,601.496,-53.6201545,-61.4634855
71.312,33.097,184.169,154.45,177.384,158.968,169.596,170.183,208.254,373.896,601.694,-53.5472685,-56.896919499999996
71.36,29.221,184.56,154.321,177.217,158.968,169.596,169.925,207.58,373.844,600.099,-53.4742935,-54.88604
71.426,32.687,184.66,154.321,177.217,158.839,169.429,169.864,207.235,374.15,601.143,-53.366087,-52.240936000000005
71.468,28.906,184.66,154.146,176.83,158.553,169.125,169.41,206.66,372.014,596.794,-53.268981,-51.2248075
71.614,30.035,183.099,152.389,174.447,156.659,167.064,168.237,204.917,369.944,592.797,-52.862002000000004,-49.8861155
71.659,27.724,181.909,151.713,173.645,156.659,167.064,167.34,203.738,368.217,590.754,-52.782767,-49.0147855
71.717,27.646,181.321,151.713,173.645,155.848,166.236,166.654,202.794,365.613,582.865,-52.335898,-47.410889
71.763,25.053,181.321,151.221,173.169,155.501,165.688,166.29,202.693,365.483,588.358,-51.859933,-45.3567885
71.917,27.521,180.841,150.749,172.69,154.839,164.89,166.026,202.799,364.838,583.056,-49.113961,-36.300537
71.96,27.256,179.969,150.276,171.919,154.839,164.89,165.6,201.563,363.03,578.36,-48.790659,-35.5609585
72.013,23.826,179.258,150.276,171.919,154.2,164.277,164.725,200.897,361.05,580.029,-48.4639445,-35.429199
72.062,23.342,179.258,149.516,170.911,153.493,163.528,163.791,199.381,359.735,577.988,-48.097078499999995,-34.951774
72.22,21.043,178.219,147.3,168.273,151.083,160.745,162.253,197.631,355.105,574.298,-45.720870500000004,-30.1700975
72.261,20.902,177.382,146.783,167.851,151.083,160.745,161.574,197.658,353.757,569.848,-44.7676685,-28.88118
72.316,22.155,176.885,146.783,167.851,150.561,160.139,161.089,196.019,352.533,567.598,-44.126926499999996,-27.5937495
72.363,20.601,176.885,146.302,167.163,150.053,159.441,160.484,195.355,350.16,567.088,-43.1569605,-26.368988
72.513,16.961,174.769,143.887,164.028,147.348,156.172,158.586,192.721,345.552,557.034,-41.0163975,-23.859192
72.561,17.387,173.665,142.293,162.962,147.348,156.172,157.305,191.994,342.68,553.484,-40.138932999999994,-22.7305525
72.614,16.206,171.979,142.293,162.962,145.881,154.393,156.014,190.581,340.581,546.51,-39.048210499999996,-21.536117
72.662,13.963,171.979,141.082,162.232,144.957,153.357,154.94,189.731,339.619,545.562,-38.3059905,-20.6815645
72.811,14.193,171.692,140.12,160.801,143.858,152.118,154.119,188.817,337.109,545.867,-35.457058,-18.1732255
72.863,14.208,170.136,139.576,160.087,143.858,152.118,153.72,187.866,336.204,538.406,-35.026207,-17.5339895
72.911,13.274,169.947,139.576,160.087,143.256,151.369,152.983,187.21,334.126,539.798,-34.6577015,-17.427704
72.963,12.11,169.947,138.601,158.754,142.05,150.066,151.649,185.976,330.443,537.559,-34.57049550000001,-17.591652
73.117,8.661,167.137,136.335,156.052,139.582,147.609,149.659,183.704,326.696,524.944,-30.093712,-14.23584
73.16,6.577,166.895,135.867,155.465,139.582,147.609,149.16,183.386,327.424,533.865,-28.4210585,-13.1803285
73.211,8.618,166.922,135.867,155.465,139.051,147.009,148.613,181.661,324.246,531.377,-27.031803,-12.449501
73.266,11.661,166.922,135.646,155.103,138.718,146.604,148.169,181.459,323.47,525.752,-25.5277155,-11.948311499999999
73.417,7.566,164.698,135.064,153.646,137.201,144.857,146.887,180.384,321.181,520.381,-20.168751,-9.62619
73.476,6.439,163.75,134.712,153.053,137.201,144.857,145.814,179.607,319.299,518.501,-18.550351499999998,-9.0217205
73.512,6.824,163.415,134.712,153.053,136.662,144.197,145.195,178.385,317.561,517.605,-17.996427500000003,-8.8185505
73.56,6.126,163.415,134.494,152.606,136.219,143.712,144.605,178.684,314.776,516.756,-17.079618500000002,-8.7783355
73.715,5.848,162.541,133.65,151.303,134.948,142.189,143.502,177.013,314.034,515.543,-17.735794,-8.740043499999999
73.76,5.569,162.348,133.455,150.908,134.948,142.189,143.024,176.905,313.248,516.738,-17.729125500000002,-8.806808499999999
73.812,6.226,161.958,133.455,150.908,134.514,141.751,142.539,175.535,311.631,508.721,-17.324976,-8.8172225
73.862,7.104,161.958,133.261,150.471,134.067,141.244,142.031,176.228,310.766,510.265,-16.440723,-8.709144
74.011,5.057,161.395,132.405,149.19,133.004,139.946,141.039,174.608,308.748,511.56,-15.451809,-8.501618
74.062,4.117,160.543,132.109,148.985,133.004,139.946,140.777,174.796,306.609,507.674,-15.5723175,-8.481048000000001
74.119,6.017,161.949,132.109,148.985,132.884,139.686,140.578,174.057,308.024,504.656,-15.350413,-8.4786225
74.16,5.251,161.949,131.735,148.669,132.674,139.335,140.26,174.074,306.335,508.237,-15.5157525,-8.5203095
74.318,4.955,158.477,130.437,146.833,131.149,137.443,139.071,172.326,303.461,497.88,-15.721790500000001,-8.5258635
74.36,3.805,158.69,129.904,146.247,131.149,137.443,138.424,172.315,301.503,500.387,-15.808095999999999,-8.556946
74.417,1.534,158.179,129.904,146.247,130.632,136.761,137.778,171.507,300.369,496.664,-16.306232,-8.644226
74.461,1.875,158.179,129.404,145.581,130.12,136.13,137.185,170.63,298.478,501.873,-16.4640345,-8.797607
74.612,1.831,156.925,128.378,143.808,128.691,134.33,136.078,169.938,295.81,494.394,-16.326657,-8.6900785
74.66,0.42,156.744,128.009,143.397,128.691,134.33,135.565,169.865,294.064,492.661,-16.359251,-8.6898345
74.711,3.214,155.479,128.009,143.397,128.382,133.873,135.281,169.095,294.31,491.185,-16.4423885,-8.729659999999999
74.761,0.746,155.479,127.864,143.231,128.199,133.66,135.118,169.629,293.382,492.537,-16.4902345,-8.6761475
74.913,-1.057,155.721,127.679,143.215,128.232,133.545,135.107,168.481,293.735,491.936,-16.9554345,-8.807663000000002
74.962,-0.959,156.256,127.682,143.154,128.232,133.545,135.126,169.364,293.663,488.414,-16.772407,-8.8478625
75.011,-1.066,156.014,127.682,143.154,128.179,133.439,135.056,168.516,293.494,489.867,-16.809851000000002,-8.732056
75.061,1.37,156.014,127.607,143.018,128.093,133.356,134.925,168.592,292.878,490.169,-16.779475499999997,-8.78659
75.211,0.445,156.23,127.38,142.722,127.863,133.046,134.696,168.752,292.539,485.142,-16.945061,-8.878235
75.262,-0.868,155.758,127.357,142.701,127.863,133.046,134.69,168.535,292.787,488.596,-17.0952205,-8.9315415
75.32,-1.698,156.702,127.357,142.701,127.918,133.046,134.707,168.483,291.407,489.64,-17.013109,-8.910202
75.362,-2.611,156.702,127.334,142.719,127.891,133.028,134.724,168.686,292.04,485.671,-17.1909365,-8.938614000000001
75.513,-0.105,155.563,127.399,142.829,128.035,133.133,134.771,168.346,292.848,493.022,-17.6389755,-8.80526
75.56,-1.747,156.778,127.463,142.954,128.035,133.133,134.845,168.872,292.246,487.906,-17.18486,-8.992805
75.611,-1.463,156.104,127.463,142.954,128.044,133.131,134.92,168.199,292.305,488.417,-17.382751499999998,-8.8786845
75.661,-0.709,156.104,127.372,142.96,128.056,133.226,134.968,168.588,292.812,486.367,-16.8936555,-8.985206999999999
75.812,-0.305,156.51,127.449,142.992,128.12,133.22,135.0,168.202,293.191,487.818,-14.9103755,-8.2739865
75.859,-1.371,155.875,127.387,143.022,128.12,133.22,134.967,168.179,292.98,489.277,-15.296699499999999,-8.605621
75.912,0.161,156.34,127.387,143.022,128.108,133.203,135.057,169.105,293.151,486.822,-15.485736500000002,-8.676498500000001
75.962,0.226,156.34,127.444,143.096,128.163,133.286,135.052,168.761,292.896,485.407,-15.734148000000001,-8.507218
76.112,-1.174,157.029,127.43,143.147,128.29,133.362,135.113,168.241,293.025,491.727,-15.8497315,-8.8287655
76.161,-0.435,155.797,127.437,143.143,128.29,133.362,135.118,168.946,293.582,489.114,-14.806495,-8.407195999999999
76.218,0.089,156.818,127.437,143.143,128.295,133.334,135.114,168.491,292.301,487.117,-14.050766,-8.250534
76.262,-2.067,156.818,127.472,143.149,128.296,133.366,135.119,168.97,293.517,486.682,-13.522253,-8.281814
76.41,-2.306,156.071,127.428,143.216,128.323,133.4,135.144,168.889,293.52,491.685,-10.949558,-7.9552305
76.46,-0.654,155.693,127.447,143.233,128.323,133.4,135.206,168.843,292.525,488.226,-10.5994755,-7.797043
76.517,-0.385,156.01,127.447,143.233,128.317,133.395,135.197,168.687,292.505,489.361,-10.535206,-7.869964
76.559,0.091,156.01,127.441,143.255,128.348,133.439,135.216,168.881,293.727,490.255,-10.438266500000001,-7.924789499999999
76.712,0.769,157.162,127.418,143.295,128.406,133.49,135.251,168.917,293.293,494.426,-10.4471855,-8.0054475
76.76,-0.996,156.403,127.407,143.237,128.406,133.49,135.306,168.78,292.975,489.954,-10.4058475,-7.971114999999999
76.812,-1.015,156.298,127.407,143.237,128.393,133.466,135.248,169.133,294.483,494.884,-10.3924135,-7.950531
76.862,-2.149,156.298,127.332,143.032,128.24,133.234,134.995,168.901,292.715,489.004,-10.4155105,-7.9733275
77.02,-0.876,157.129,127.19,142.68,127.944,132.916,134.856,168.047,291.714,489.607,-10.8160785,-8.0072175
77.08,-1.404,155.695,127.117,142.748,127.944,132.916,134.756,167.889,292.28,492.515,-11.1850415,-7.9962005
77.113,-1.457,157.166,127.117,142.748,127.994,132.99,134.774,168.347,292.881,491.642,-11.3821185,-7.976654
77.166,0.123,157.166,127.295,142.948,128.134,133.109,134.921,168.481,292.523,489.938,-11.69306,-7.9977875
77.312,-1.812,157.094,127.143,142.68,128.013,132.961,134.849,168.068,293.308,482.779,-13.7321735,-8.284454
77.36,0.2,156.492,127.181,142.523,128.013,132.961,134.712,168.81,292.243,486.652,-14.3579045,-8.343094
77.418,-2.493,156.061,127.181,142.523,127.84,132.747,134.494,167.575,291.671,492.833,-15.4398455,-8.3540035
77.462,-2.017,156.061,126.984,142.206,127.619,132.524,134.25,167.635,291.207,483.14,-16.521352999999998,-8.603531
77.611,0.523,156.33,126.547,141.535,127.136,131.816,133.733,167.264,289.94,484.049,-22.421854,-10.313552999999999
77.662,-2.592,155.789,126.378,141.371,127.136,131.816,133.643,167.253,290.009,485.831,-25.078653000000003,-11.3305735
77.714,-1.227,155.935,126.378,141.371,126.948,131.689,133.565,167.482,289.665,484.057,-27.185720500000002,-12.6306455
77.76,-1.29,155.935,126.357,141.385,126.934,131.646,133.536,166.972,290.175,480.516,-28.8442195,-13.641266
77.911,-2.181,155.812,126.311,141.401,126.901,131.591,133.535,167.227,289.425,478.253,-31.356693,-14.88102
77.959,-3.622,155.492,126.326,141.37,126.901,131.591,133.513,166.886,288.828,481.3,-31.6869005,-15.383720499999999
78.016,-1.389,156.219,126.326,141.37,126.957,131.621,133.451,167.522,288.603,484.55,-31.973484499999998,-15.481003000000001
78.057,-1.123,156.219,126.291,141.384,126.993,131.597,133.509,166.995,289.403,487.124,-32.441566,-15.498558
78.214,-0.486,155.421,126.37,141.521,127.032,131.727,133.616,167.097,288.924,484.629,-37.4276845,-20.018516499999997
78.261,-1.921,156.017,126.389,141.659,127.032,131.727,133.652,167.559,288.95,484.052,-39.216620000000006,-21.833931
78.315,-2.643,156.087,126.389,141.659,127.13,131.798,133.797,166.874,290.24,486.92,-40.431494,-23.162491000000003
78.36,-0.857,156.087,126.478,141.805,127.254,131.915,133.946,167.127,290.983,480.436,-41.574104500000004,-24.242592000000002
78.511,-0.309,156.138,126.524,142.386,127.695,132.484,134.191,167.723,290.593,487.005,-46.205692,-31.583237
78.56,-0.802,156.827,126.601,142.723,127.695,132.484,134.414,167.33,291.265,487.137,-47.2655735,-33.92112
78.615,-0.667,156.463,126.601,142.723,127.969,132.756,134.728,167.97,292.279,484.859,-47.936068500000005,-35.1023175
78.659,-3.115,156.463,126.575,143.069,128.407,133.09,135.118,168.083,293.534,487.262,-48.209804,-35.4376295
78.812,-4.863,156.866,125.398,144.119,129.84,134.754,136.536,170.017,296.331,488.054,-49.702009000000004,-38.8331225
78.859,-4.458,156.784,125.296,144.328,129.84,134.754,137.126,171.097,297.953,489.968,-50.6249885,-41.471748000000005
78.913,-2.465,157.762,125.296,144.328,129.868,135.016,137.541,171.421,298.821,486.827,-51.327592499999994,-44.264969
78.96,-1.73,157.762,125.351,144.562,129.964,135.347,137.816,172.222,300.187,493.685,-52.12108550000001,-47.712135
79.115,-2.334,159.137,125.728,145.068,130.289,135.946,138.25,173.113,300.647,490.823,-53.1573525,-59.278831499999995
79.161,-1.698,158.668,125.837,145.155,130.289,135.946,138.231,172.708,300.489,487.004,-52.941979,-62.549927
79.215,-0.352,159.729,125.837,145.155,130.36,136.124,138.425,173.029,300.997,492.753,-52.754641,-64.0056915
79.267,-0.69,159.729,126.012,145.537,130.649,136.487,138.79,173.529,302.07,492.719,-52.966551,-64.366211
79.418,3.789,161.893,127.815,147.73,131.66,138.043,139.543,174.623,303.945,492.918,-52.264045,-70.3488385
79.461,4.908,162.374,128.632,148.797,131.66,138.043,140.035,175.659,306.249,491.145,-51.749214,-72.5306475
79.512,4.273,163.621,128.632,148.797,132.283,138.668,140.61,176.095,306.435,492.047,-51.353593000000004,-73.311378
79.57,8.027,163.621,129.412,150.008,133.009,139.469,141.318,177.087,306.815,493.287,-51.6271025,-73.292046
79.712,12.589,169.204,133.521,155.971,136.179,141.944,142.037,178.365,308.396,502.83,-51.22216,-75.22653249999999
79.761,16.095,171.907,134.486,157.827,136.179,141.944,142.7,178.577,309.776,500.972,-50.829194,-76.7207565
79.812,15.478,171.761,134.486,157.827,137.063,142.86,143.218,179.585,309.625,503.387,-50.626121999999995,-77.5779115
79.862,15.739,171.761,134.958,158.679,137.436,143.319,143.676,180.495,311.294,506.11,-50.6368815,-78.219193
80.016,20.646,175.438,137.217,165.444,140.209,147.201,145.096,181.773,313.163,511.919,-49.8050655,-80.73156
80.09,26.711,178.161,138.567,171.89,140.209,147.201,146.231,182.731,314.684,504.011,-49.381364000000005,-82.6193545
80.112,33.902,181.408,138.567,171.89,141.917,150.063,147.876,184.425,316.317,494.387,-49.68237,-83.747231
80.16,39.344,181.408,140.957,180.443,145.22,155.373,151.495,187.549,321.277,501.588,-49.5818655,-83.9492415
80.312,46.069,190.954,146.568,192.072,152.758,163.333,158.813,194.911,329.794,517.831,-48.272935000000004,-87.98001099999999
80.359,49.88,192.194,147.788,193.995,152.758,163.333,161.327,199.242,333.363,519.233,-47.163142,-89.6949385
80.413,50.716,191.96,147.788,193.995,153.427,163.704,162.597,203.486,334.45,516.274,-46.65875,-90.74523149999999
80.463,51.983,191.96,148.525,194.564,154.464,166.017,163.166,200.397,339.04,522.887,-46.5928105,-91.17351500000001
80.611,53.974,196.33,151.617,197.692,158.384,170.565,165.206,201.167,344.596,528.052,-46.316292000000004,-91.984741
80.657,55.885,198.294,152.704,198.387,158.384,170.565,166.419,203.221,347.215,531.462,-46.079466,-92.5751955
80.714,56.829,198.534,152.704,198.387,159.064,171.083,167.195,203.733,350.031,542.117,-45.311032499999996,-94.79227399999999
80.759,55.98,198.534,153.263,198.722,159.683,172.003,167.702,203.782,350.738,536.476,-43.7219645,-97.7811735
80.911,59.607,200.494,154.549,200.693,161.299,173.747,168.761,205.288,354.643,545.191,-34.728766,-108.295769
80.961,57.573,200.382,155.101,201.5,161.299,173.747,169.452,205.339,355.121,533.345,-34.5131325,-108.16082
81.014,58.565,200.938,155.101,201.5,161.864,174.483,170.457,207.523,358.605,548.458,-36.4944455,-106.5882725
81.059,61.639,200.938,155.693,202.181,162.559,175.286,171.271,208.2,359.584,539.772,-38.920349,-105.054459
81.211,62.162,203.465,157.299,205.435,164.596,176.967,172.943,211.286,362.572,552.856,-38.837089500000005,-105.590919
81.259,64.683,205.38,158.127,206.369,164.596,176.967,174.594,212.96,363.919,551.98,-37.556554500000004,-106.30029300000001
81.313,62.818,205.879,158.127,206.369,165.335,177.529,175.835,215.096,369.154,563.936,-36.498457,-107.373932
81.361,65.343,205.879,159.476,208.106,166.736,179.387,176.907,216.027,372.25,564.826,-35.2040065,-109.580521
81.515,67.001,208.847,162.144,211.533,170.339,183.384,179.337,218.368,378.946,572.193,-27.071312,-117.39608
81.56,67.666,212.387,163.007,212.393,170.339,183.384,180.36,219.563,380.327,570.468,-24.3980255,-119.04821799999999
81.611,69.017,213.013,163.007,212.393,171.366,184.764,181.218,219.842,383.251,579.208,-22.6043185,-120.4189075
81.664,69.128,213.013,163.845,213.118,172.148,185.701,182.054,221.276,384.495,579.251,-21.714981,-121.294716
81.81,72.12,213.169,164.829,214.617,173.476,187.365,182.975,223.077,386.174,584.585,-23.3018185,-120.78302049999999
81.861,72.547,215.934,166.21,217.719,173.476,187.365,183.925,224.144,390.082,587.623,-23.701530499999997,-120.4908755
81.912,77.699,219.617,166.21,217.719,175.725,189.794,187.416,229.958,398.965,602.482,-23.5816185,-120.6072995
81.96,81.761,219.617,168.925,222.58,179.412,193.687,192.364,239.899,409.95,620.909,-23.2215995,-120.964752
82.112,90.598,230.164,178.948,230.107,188.448,205.045,200.173,247.854,425.236,645.312,-24.377903,-119.861649
82.183,88.373,229.574,179.309,230.052,188.448,205.045,199.513,247.585,426.117,644.451,-25.811753,-118.982285
82.217,87.984,227.481,179.309,230.052,188.49,205.29,199.224,245.953,428.893,647.505,-26.503872,-118.442627
82.259,79.968,227.481,180.693,229.925,187.58,204.127,197.512,244.342,424.462,652.853,-27.532562499999997,-117.820381
82.412,82.838,227.871,179.402,229.614,187.367,204.184,195.064,240.756,424.0,646.93,-29.431322,-116.0898895
82.46,88.138,230.565,180.815,232.577,187.367,204.184,197.924,244.496,426.966,644.923,-29.5602705,-115.94691499999999
82.516,92.071,234.037,180.815,232.577,190.406,207.789,203.4,253.946,438.159,655.635,-29.765124999999998,-115.73542800000001
82.56,96.849,234.037,184.308,238.764,194.688,212.735,205.925,255.384,448.758,676.017,-30.228623,-115.2028045
82.716,111.266,249.666,198.59,253.437,208.64,228.597,214.276,274.01,476.399,712.65,-32.4970985,-113.284386
82.779,115.659,253.709,202.99,258.548,208.64,228.597,221.776,286.443,488.169,732.423,-32.5516055,-113.270325
82.812,119.684,256.96,202.99,258.548,213.751,233.541,226.482,294.926,499.904,734.279,-32.260045500000004,-113.5384445
82.863,118.773,256.96,205.695,261.895,215.442,235.067,227.627,295.654,502.004,759.081,-31.719303,-113.84374199999999
83.014,120.811,256.371,205.973,261.468,214.688,233.504,226.03,292.215,502.124,754.164,-31.5053925,-113.9510195
83.075,121.126,256.134,205.722,261.13,214.688,233.504,225.771,291.842,500.594,750.458,-31.650337,-113.95221
83.114,119.891,256.626,205.722,261.13,214.368,233.247,225.441,291.779,500.805,743.09,-31.603027500000003,-113.923348
83.168,120.63,256.626,205.427,260.878,214.022,232.777,224.932,291.299,497.98,741.736,-31.491657500000002,-113.9574585
83.311,118.13,253.872,203.118,256.916,209.921,226.803,221.992,285.697,492.891,737.24,-31.605221,-113.928017
83.366,118.347,250.594,201.266,253.833,209.921,226.803,218.545,279.934,487.267,730.391,-31.8588445,-113.67903150000001
83.419,114.554,248.129,201.266,253.833,207.402,223.591,215.424,274.633,479.543,722.972,-32.3473505,-113.03723149999999
83.462,104.166,248.129,199.167,250.414,205.164,220.942,213.025,271.01,474.88,727.967,-32.880363,-112.524254
83.613,100.748,242.257,197.39,246.88,201.393,216.901,209.967,264.73,469.182,720.831,-35.384828999999996,-110.1181565
83.658,99.323,240.215,196.748,245.76,201.393,216.901,209.111,263.582,467.403,710.545,-36.019455,-109.39682
83.714,95.682,239.172,196.748,245.76,200.279,215.61,207.758,262.293,464.01,709.119,-36.699188,-108.65464750000001
83.761,95.318,239.172,196.082,244.313,199.258,214.47,206.658,260.009,462.872,709.592,-37.0777015,-108.0627295
83.913,89.125,233.363,194.135,240.018,196.687,211.646,204.236,256.419,456.926,705.913,-38.6372055,-106.1317065
83.96,89.679,234.878,194.118,240.179,196.687,211.646,204.082,257.211,457.05,706.937,-39.227232,-105.4610365
84.018,92.772,234.364,194.118,240.179,196.904,211.895,204.339,257.49,455.913,703.346,-39.4526075,-104.94214600000001
84.067,93.611,234.364,193.914,240.362,197.26,212.303,204.576,257.701,456.911,708.571,-39.176231,-104.958176
84.211,93.149,236.039,194.393,241.062,197.766,212.914,205.254,257.903,457.564,705.989,-37.938913,-105.9141385
84.261,90.542,235.822,194.304,240.909,197.766,212.914,205.145,258.518,457.878,703.899,-38.8010695,-105.6351625
84.312,93.026,235.485,194.304,240.909,197.647,212.788,205.075,258.073,458.495,706.369,-40.0641975,-104.866684
84.36,90.076,235.485,194.199,240.885,197.652,212.814,205.126,258.158,457.183,710.582,-41.0422845,-104.3694685
84.519,93.789,234.265,193.95,240.279,196.993,211.95,204.898,257.265,456.474,704.955,-39.2252725,-106.04937000000001
84.56,88.343,232.999,193.642,239.083,196.993,211.95,204.166,256.547,455.71,710.885,-38.8443435,-106.382683
84.612,87.216,232.154,193.642,239.083,196.007,210.547,202.849,255.091,452.158,705.709,-38.856722000000005,-106.635018
84.662,85.467,232.154,192.958,237.518,194.757,209.323,201.679,252.983,449.008,694.412,-38.86484299999999,-107.055069
84.812,74.135,221.107,189.331,228.227,193.047,206.138,199.525,249.735,442.06,709.854,-37.4399605,-108.4794995
84.86,70.845,219.087,187.982,226.249,193.047,206.138,197.673,247.755,439.903,697.276,-37.293651999999994,-108.60633100000001
84.915,71.287,217.315,187.982,226.249,191.708,204.765,196.627,245.511,436.142,705.3,-37.373337,-108.77527599999999
84.963,70.126,217.315,187.076,225.633,190.402,204.181,195.939,245.203,433.687,695.824,-37.2576005,-109.183228
85.113,65.916,214.08,183.763,220.153,187.522,200.658,194.001,241.654,428.325,681.753,-35.420255499999996,-110.83123
85.161,65.486,213.402,182.966,218.809,187.522,200.658,193.257,240.504,427.937,682.861,-34.8430385,-111.44001750000001
85.216,63.576,213.306,182.966,218.809,187.329,200.327,192.997,239.759,426.908,681.118,-34.324844,-112.1032715
85.262,64.888,213.306,182.535,218.366,187.121,200.03,192.752,239.96,426.839,675.589,-33.816595,-112.735512
85.413,65.753,214.326,183.042,219.732,187.103,199.098,192.393,239.377,425.559,679.612,-33.471948999999995,-112.68543249999999
85.466,64.49,214.646,182.84,219.262,187.103,199.098,192.25,240.237,426.036,691.52,-34.757412,-111.4326935
85.516,66.074,213.794,182.84,219.262,186.616,200.05,192.822,239.565,426.369,678.897,-36.558403,-109.90645599999999
85.563,66.05,213.794,182.983,219.095,187.333,200.602,193.173,240.607,427.543,682.707,-38.1560325,-108.366577
85.711,70.386,217.297,183.947,220.985,187.532,201.478,193.577,240.689,427.952,684.418,-39.3390825,-106.7791515
85.759,69.391,219.671,184.721,222.345,187.532,201.478,194.565,242.226,430.715,683.604,-39.0442045,-106.8272025
85.813,71.926,219.505,184.721,222.345,188.573,202.766,195.84,243.917,433.535,688.498,-39.249016,-106.7186965
85.862,74.283,219.505,185.294,223.459,189.417,203.936,196.98,245.302,434.659,690.485,-39.641926,-106.3574375
86.014,80.713,227.264,186.266,226.422,191.017,206.112,198.55,247.635,436.886,686.522,-40.1124435,-105.71347800000001
86.058,82.013,227.64,186.5,227.399,191.017,206.112,199.57,249.151,440.135,683.986,-40.200585,-105.469589
86.114,84.627,230.832,186.5,227.399,191.714,206.916,200.491,250.57,442.17,685.124,-40.600545999999994,-105.037171
86.16,87.78,230.832,186.669,228.417,192.479,208.162,201.797,252.311,443.946,691.45,-41.120850000000004,-104.4432835
86.317,93.835,235.743,187.0,232.268,195.742,211.753,204.467,256.125,449.027,693.554,-42.391491,-102.795456
86.389,97.276,239.98,187.574,233.855,195.742,211.753,205.845,257.977,451.933,695.39,-42.755598,-102.10616350000001
86.413,101.13,239.081,187.574,233.855,196.949,213.199,206.975,259.87,455.992,700.96,-42.977605499999996,-101.9265135
86.46,99.905,239.081,188.435,235.277,197.975,214.312,208.127,262.348,457.989,697.15,-43.360481,-101.4254075
86.613,95.46,236.0,188.463,232.813,195.514,210.936,207.283,260.348,452.379,693.875,-43.832986500000004,-100.5606995
86.659,88.883,231.405,188.805,230.449,195.514,210.936,203.954,255.609,448.679,685.973,-44.362154000000004,-99.6304475
86.714,76.171,223.025,188.805,230.449,192.883,207.646,200.691,250.704,443.57,698.667,-45.2314755,-98.3636855
86.811,72.288,223.025,187.886,226.211,191.361,205.427,198.038,247.466,436.861,689.106,-46.7874045,-96.02018749999999
86.913,67.774,216.661,185.635,222.568,189.084,202.526,195.734,243.831,434.09,690.503,-47.954488,-93.50389150000001
86.961,69.397,217.063,185.405,222.122,189.084,202.526,195.049,242.664,432.276,687.046,-48.693509,-92.0460815
87.012,66.502,215.597,185.405,222.122,188.709,202.166,194.719,243.329,432.629,696.024,-49.444464999999994,-90.3199535
87.063,68.087,215.597,185.237,221.925,188.869,202.193,194.792,243.516,429.674,687.329,-50.167195500000005,-88.43071
87.214,65.858,214.292,183.926,219.774,188.018,201.013,194.104,242.898,429.247,685.312,-51.955595,-84.0660325
87.261,63.801,213.269,183.319,218.995,188.018,201.013,193.679,241.43,428.438,683.377,-52.215976,-83.144745
87.312,62.909,211.903,183.319,218.995,187.502,200.412,192.959,240.902,425.948,684.842,-52.4618555,-82.289948
87.362,60.552,211.903,182.587,217.636,187.158,199.858,192.412,239.335,423.579,680.531,-52.7065265,-81.320244
87.513,59.113,208.686,180.216,214.232,185.009,197.131,190.769,237.585,419.883,685.253,-53.627133,-76.1350935
87.559,56.324,209.222,179.611,213.22,185.009,197.131,189.879,235.83,417.568,666.313,-54.3090185,-73.52690150000001
87.611,56.749,208.532,179.611,213.22,184.367,196.375,189.346,234.394,416.795,678.55,-54.958604,-71.345688
87.66,55.891,208.532,179.159,212.552,183.86,195.815,188.917,234.905,415.644,678.351,-55.1023815,-69.874214
87.814,52.429,206.089,177.183,209.03,181.742,193.015,187.662,232.442,412.504,669.561,-55.0484685,-66.5529865
87.859,51.535,206.177,174.967,204.347,181.742,193.015,187.568,230.502,412.586,655.738,-54.999338,-63.931098500000004
87.918,51.607,203.455,174.967,204.347,179.849,191.574,186.823,229.841,411.171,667.69,-54.9768105,-59.480408
87.962,50.242,203.455,173.269,201.247,178.288,190.123,185.672,228.859,408.923,654.977,-54.970856999999995,-56.060486
88.112,44.257,197.862,168.22,194.234,172.713,183.947,182.472,225.068,400.794,636.486,-54.6661915,-51.36895
88.159,40.562,195.866,166.569,191.759,172.713,183.947,181.748,222.117,398.93,635.646,-54.588394,-52.930046000000004
88.212,39.823,194.921,166.569,191.759,171.065,182.25,179.87,220.231,395.111,626.277,-54.4865295,-54.1101835
88.261,36.631,194.921,164.665,189.03,169.201,180.379,178.044,217.87,391.757,629.274,-54.736733,-54.751549
88.418,32.534,190.548,160.839,184.567,165.098,175.981,175.278,213.775,385.801,613.503,-54.939099999999996,-62.050247
88.461,31.645,189.798,159.933,183.423,165.098,175.981,174.198,212.799,383.592,608.668,-54.5122885,-65.40171849999999
88.514,29.114,187.95,159.933,183.423,164.194,174.885,173.227,211.589,381.973,614.607,-54.129545500000006,-69.5590055
88.558,28.439,187.95,158.944,182.095,163.205,173.759,172.664,210.241,379.197,614.908,-53.657427,-73.190323
88.714,28.165,185.057,154.635,176.603,158.596,168.772,169.571,207.009,373.01,594.915,-51.837368,-79.642395
88.761,27.927,183.78,153.458,175.151,158.596,168.772,168.004,204.881,369.422,589.339,-51.931180499999996,-79.6637495
88.815,24.755,182.251,153.458,175.151,157.384,167.499,166.949,202.957,366.338,588.765,-52.44731,-79.442612
88.865,21.792,182.251,152.539,173.88,156.362,166.507,165.843,201.978,362.807,577.694,-52.5614575,-79.928909
89.013,20.642,180.024,149.329,169.861,152.682,162.362,163.701,199.364,357.939,576.787,-49.757861500000004,-87.0561605
89.062,19.188,178.175,147.839,167.703,152.682,162.362,161.941,197.263,353.417,566.395,-48.3160905,-89.78980250000001
89.126,16.359,176.454,147.839,167.703,150.863,160.25,159.739,194.318,348.783,559.086,-46.94846,-92.343185
89.169,12.816,176.454,145.805,165.306,148.593,157.561,157.589,191.982,344.073,553.369,-46.76086,-92.7815935
89.318,13.264,172.676,142.548,163.147,145.993,154.659,155.772,190.616,342.441,551.866,-47.7012005,-93.3791045
89.364,12.245,173.251,142.918,163.497,145.993,154.659,155.698,190.631,342.491,548.935,-46.9333675,-94.7192605
89.417,15.61,173.927,142.918,163.497,146.12,154.832,155.828,191.459,343.983,550.61,-45.088829,-97.436142
89.462,15.518,173.927,143.455,164.212,146.756,155.487,156.6,191.81,344.355,548.834,-43.4312035,-99.7166825
89.627,20.354,180.318,147.959,170.731,150.907,160.035,158.869,194.73,350.268,561.919,-40.9186155,-103.226822
89.682,25.799,183.734,150.928,175.365,150.907,160.035,159.942,196.696,353.581,566.645,-41.180136000000005,-103.211113
89.712,30.806,186.891,150.928,175.365,153.777,163.018,161.864,198.409,356.887,565.582,-41.3455015,-103.17068499999999
89.761,37.004,186.891,154.475,182.232,157.38,167.11,164.448,201.511,360.302,573.364,-41.305006000000006,-103.4655765
89.913,45.42,195.481,159.34,194.813,163.234,174.865,168.329,204.718,363.995,572.965,-36.8083745,-109.6071775
89.96,42.632,195.183,159.758,195.435,163.234,174.865,169.429,206.06,365.714,576.159,-33.135940500000004,-113.26290900000001
90.017,45.13,196.97,159.758,195.435,163.965,175.724,170.268,205.874,367.068,579.657,-29.138039,-116.555267
90.061,49.898,196.97,160.108,196.21,164.705,176.771,171.259,208.001,368.968,579.473,-27.179111499999998,-117.740868
90.212,66.083,211.682,161.3,207.13,171.699,184.649,177.582,214.354,378.362,574.02,-30.7609825,-115.50392149999999
90.289,66.418,213.228,162.78,210.273,171.699,184.649,181.122,219.795,385.321,573.283,-31.299767,-115.388244
90.314,69.18,213.582,162.78,210.273,173.52,186.249,183.438,222.623,387.225,577.536,-30.75555,-115.665245
90.362,68.283,213.582,163.651,210.86,174.503,187.788,183.427,221.213,388.925,584.487,-29.1275765,-116.429306
90.516,71.184,217.442,166.08,214.408,177.402,190.989,185.623,224.677,394.557,591.724,-25.2707635,-119.527679
90.561,73.012,219.997,167.517,216.879,177.402,190.989,187.38,226.823,398.982,600.426,-24.018842499999998,-120.7784575
90.614,75.132,221.376,167.517,216.879,179.532,193.142,189.725,230.971,404.605,603.826,-21.914383,-122.229683
90.66,77.076,221.376,170.203,218.76,179.749,193.072,187.609,228.95,410.723,618.031,-19.218007999999998,-123.665749
90.815,81.587,226.068,175.148,223.076,185.352,200.507,192.301,235.297,418.063,628.249,-14.0394215,-126.47974450000001
90.861,80.929,226.164,175.505,223.244,185.352,200.507,194.312,238.086,418.616,629.532,-13.608169499999999,-127.1682205
90.912,79.637,227.309,175.505,223.244,185.587,200.869,194.659,237.745,419.816,629.179,-12.554327,-127.764763
90.963,84.126,227.309,175.981,224.263,186.392,201.86,195.997,240.877,423.346,630.204,-10.721099500000001,-128.625191
91.126,92.768,240.32,186.051,239.896,198.803,215.279,204.646,258.035,443.81,666.607,-4.2925795,-130.85891700000002
91.196,100.255,245.255,191.799,245.443,198.803,215.279,211.342,272.303,460.683,691.359,-3.9010315,-131.0786895
91.22,102.824,246.773,191.799,245.443,203.545,220.976,214.865,277.989,467.915,704.218,-4.0200385,-131.11895750000002
91.259,105.569,246.773,194.532,248.137,205.338,222.611,216.701,282.299,471.442,711.746,-4.0611415,-131.13633
91.417,104.767,246.003,195.483,246.573,204.764,222.481,216.359,278.823,471.834,714.828,-2.057228,-131.776581
91.482,105.691,244.782,194.959,245.919,204.764,222.481,215.484,275.779,470.62,701.969,-0.5533600000000001,-132.1532135
91.512,102.501,245.15,194.959,245.919,204.466,222.104,215.095,276.297,471.878,713.835,0.2705345,-132.382507
91.559,104.663,245.15,195.284,247.071,205.424,223.089,216.593,280.039,474.275,712.796,1.3071175,-132.57859000000002
91.712,113.593,255.305,202.84,259.522,215.143,234.057,223.635,293.393,490.266,728.667,2.3055114999999997,-132.771614
91.76,116.635,258.547,208.807,265.253,215.143,234.057,228.345,298.922,502.154,756.009,2.5329129999999997,-132.7772675
91.811,120.478,263.878,208.807,265.253,219.323,238.021,230.249,297.373,516.005,776.862,3.347893,-132.935852
91.865,127.765,263.878,213.257,270.357,224.752,245.17,237.367,311.218,529.017,792.008,4.570411999999999,-133.087784
92.012,137.021,277.997,225.583,284.356,238.578,259.906,245.606,324.301,551.212,829.891,7.3747445,-133.279282
92.09,147.89,285.088,229.025,290.465,238.578,259.906,252.767,336.974,565.662,852.858,7.5780104999999995,-133.332565
92.126,151.898,292.013,229.025,290.465,244.844,266.268,261.141,352.683,581.256,875.082,7.9975545,-133.3311235
92.188,159.985,292.013,234.349,296.722,250.685,272.708,266.241,357.182,594.339,904.139,9.330204,-133.3801575
92.313,172.283,307.141,250.935,316.48,267.985,289.423,281.326,381.242,626.189,957.417,12.554031,-133.30883
92.361,177.16,309.047,253.986,320.151,267.985,289.423,285.835,389.131,634.075,963.14,13.055503999999999,-133.2777175
92.418,178.186,312.935,253.986,320.151,271.152,292.772,288.579,391.341,641.953,975.183,13.208351,-133.25238050000002
92.463,182.539,312.935,257.05,323.351,273.89,295.18,290.76,396.146,648.799,988.718,13.2955975,-133.157761
92.617,188.293,321.449,266.529,335.996,285.527,306.579,297.722,407.137,666.341,1002.53,15.127037,-133.08789
92.686,195.577,328.429,272.386,343.962,285.527,306.579,305.017,420.852,681.52,1034.765,15.8653255,-133.0289455
92.711,202.472,334.59,272.386,343.962,292.389,313.296,312.831,435.06,698.983,1058.481,15.956313999999999,-132.9542165
92.763,205.311,334.59,277.287,350.158,297.606,317.739,317.717,445.411,704.354,1085.76,15.823822,-132.91024800000002
92.917,213.529,343.244,287.026,364.178,309.497,329.115,325.3,461.796,722.936,1102.442,16.129997,-132.895645
92.962,218.722,350.536,292.304,373.246,309.497,329.115,331.099,477.012,735.014,1116.944,16.4747735,-132.89574399999998
93.011,228.616,358.7,292.304,373.246,316.073,334.871,339.553,506.688,755.068,1163.663,16.499374500000002,-132.90766150000002
93.061,234.729,358.7,298.697,384.161,324.144,342.29,350.391,527.353,776.985,1202.239,16.256774999999998,-132.98522200000002
93.211,247.262,382.262,315.68,413.739,344.876,362.377,367.793,559.217,813.252,1247.471,15.482928999999999,-132.90627999999998
93.263,256.738,390.789,323.844,428.19,344.876,362.377,377.57,574.237,834.24,1273.643,15.81955,-132.89669800000001
93.314,269.055,402.792,323.844,428.19,354.562,372.39,390.825,595.805,863.638,1321.451,16.429997,-132.8579555
93.362,278.068,402.792,333.686,444.512,365.794,383.791,405.978,625.101,892.647,1366.948,16.806843,-132.818512
93.512,303.657,446.469,368.061,498.079,401.266,419.654,436.413,660.451,960.85,1506.595,16.345390000000002,-132.824219
93.563,317.01,459.244,377.125,513.287,401.266,419.654,451.718,678.669,993.315,1541.466,16.299751999999998,-132.84236149999998
93.611,328.956,469.417,377.125,513.287,409.318,425.755,463.821,695.312,1011.777,1604.13,16.357394999999997,-132.833313
93.666,336.912,469.417,388.242,530.923,416.9,430.688,477.904,716.843,1037.67,1627.832,16.2645145,-132.8387755
93.811,355.234,496.862,419.46,591.496,454.424,457.106,450.343,704.132,1051.965,1761.66,15.3375205,-132.9222335
93.858,363.57,503.52,428.249,604.82,454.424,457.106,459.214,716.97,1068.933,1806.869,15.253716,-132.919373
93.914,371.772,513.366,428.249,604.82,461.174,464.526,468.251,730.121,1091.48,1861.215,15.418354,-132.897766
93.962,377.528,513.366,438.797,619.241,469.374,473.144,478.029,744.512,1110.071,1912.743,15.6290625,-132.91667999999999
94.119,388.867,529.545,452.769,639.275,479.788,483.807,489.902,764.151,1133.552,1929.87,15.2187615,-132.94078100000002
94.194,384.931,528.097,451.094,635.7,479.788,483.807,489.733,762.893,1129.42,1929.078,15.112324,-132.9492945
94.214,382.518,523.497,451.094,635.7,477.933,481.669,487.246,757.651,1129.8,1910.478,15.1256375,-132.950607
94.261,380.717,523.497,449.351,632.453,475.385,479.007,483.685,753.451,1115.386,1900.783,15.259776500000001,-132.9528425
94.412,379.479,519.076,448.662,631.064,475.869,479.903,480.442,750.186,1112.215,1897.545,15.2355385,-132.96815450000003
94.459,382.333,527.695,452.824,639.105,475.869,479.903,485.23,757.291,1127.393,1937.146,15.077583,-133.0170975
94.519,390.984,532.89,452.824,639.105,480.169,484.828,491.494,767.453,1135.417,1950.486,14.9144285,-133.0278625
94.559,391.017,532.89,456.334,645.239,483.646,488.328,496.079,770.007,1150.731,1952.573,14.7329445,-133.037956
94.712,393.666,538.792,461.073,651.524,487.155,491.801,502.766,778.697,1160.923,1974.744,13.583739999999999,-133.134384
94.761,389.91,533.271,457.608,644.742,487.155,491.801,498.453,773.131,1145.389,1978.127,13.154869000000001,-133.183174
94.812,385.543,527.703,457.608,644.742,482.843,486.803,492.287,764.176,1134.06,1947.073,12.917492,-133.21149450000001
94.862,376.958,527.703,452.798,635.361,476.938,480.552,484.658,753.684,1119.892,1927.926,13.049640499999999,-133.160492
95.016,367.564,509.231,441.959,617.585,466.677,470.18,475.255,740.658,1097.235,1871.568,13.404942,-133.2296065
95.062,368.035,507.984,440.585,615.216,466.677,470.18,472.971,736.17,1093.961,1850.096,13.0348095,-133.2475355
95.111,367.618,505.155,440.585,615.216,465.214,468.92,471.292,735.961,1086.123,1844.427,12.640087000000001,-133.2075195
95.162,366.155,505.155,439.81,613.589,464.131,467.837,470.436,733.906,1091.166,1857.705,12.3901635,-133.2439425
95.315,361.092,502.361,436.871,608.265,461.699,464.802,467.893,728.703,1083.969,1837.775,12.106422,-133.3318705
95.385,361.464,502.156,435.773,606.153,461.699,464.802,466.595,729.146,1078.833,1841.709,11.119800999999999,-133.3264545
95.411,359.498,498.954,435.773,606.153,460.512,463.295,465.099,725.238,1075.957,1821.284,10.725909999999999,-133.34049249999998
95.461,360.525,498.954,435.276,605.305,460.171,462.848,464.72,724.23,1074.624,1828.889,10.178269,-133.33720399999999
95.613,362.289,496.822,433.635,602.487,458.129,460.767,463.752,724.145,1074.22,1801.415,9.692092500000001,-133.389969
95.661,355.793,492.483,430.591,596.685,458.129,460.767,462.031,720.523,1065.681,1831.37,9.2971725,-133.408974
95.711,348.781,485.63,430.591,596.685,454.52,456.526,457.091,712.966,1054.744,1797.125,8.788086,-133.367439
95.761,345.894,485.63,425.54,586.91,448.596,450.111,449.816,698.784,1037.715,1744.263,8.445957,-133.360939
95.912,325.084,456.922,405.382,549.6,427.127,427.771,432.504,670.396,997.997,1691.582,9.266662499999999,-133.4316255
95.961,320.804,454.919,402.456,544.496,427.127,427.771,426.583,662.266,985.447,1681.725,9.012004999999998,-133.450737
96.014,323.019,454.193,402.456,544.496,424.94,425.48,424.331,656.431,982.155,1668.6,8.161758500000001,-133.34822050000002
96.064,320.174,454.193,402.229,544.285,424.759,425.657,424.707,655.072,983.291,1663.058,7.207123,-133.271454
96.213,313.548,450.679,399.182,538.387,420.974,421.431,422.343,650.064,975.542,1656.835,6.0542525000000005,-133.26802800000002
96.264,316.591,445.674,397.676,535.544,420.974,421.431,420.306,648.001,973.234,1623.393,5.5058745,-133.225365
96.311,316.064,444.869,397.676,535.544,419.095,419.699,418.189,644.52,964.151,1621.898,4.534939,-133.14894850000002
96.363,311.626,444.869,395.532,531.464,416.399,416.503,415.065,636.877,957.422,1602.269,3.421467,-133.101738
96.511,296.138,426.121,380.538,503.329,399.507,398.872,403.27,615.617,930.534,1555.735,0.6911240000000001,-132.645851
96.562,290.564,417.32,374.135,492.399,399.507,398.872,397.084,603.611,914.974,1528.759,-0.13857250000000002,-132.455566
96.612,278.834,411.035,374.135,492.399,391.499,390.402,392.94,606.411,900.071,1489.311,-1.0939405,-132.21177699999998
96.665,275.891,411.035,368.38,481.575,384.959,384.231,387.418,601.607,889.564,1473.39,-1.779732,-132.1895065
96.811,267.734,405.437,352.755,431.956,371.032,371.562,381.134,596.179,869.693,1402.841,-3.82468,-131.54177850000002
96.861,265.512,403.037,349.432,424.258,371.032,371.562,378.347,597.151,863.219,1386.288,-4.5985755,-131.3908615
96.918,264.28,405.947,349.432,424.258,367.485,369.487,376.808,596.629,860.293,1373.741,-5.619694,-131.11204550000002
96.96,263.741,405.947,348.309,420.492,366.217,369.732,378.424,600.118,862.546,1381.719,-6.141731,-130.9805755
97.126,260.991,404.022,344.628,414.525,361.295,366.452,379.295,601.272,861.315,1352.621,-6.625069,-130.6908185
97.192,256.811,396.584,339.136,416.988,361.295,366.452,378.294,600.572,855.272,1338.083,-7.860703,-130.197067
97.215,253.05,387.619,339.136,416.988,360.408,368.534,386.636,604.458,853.667,1334.817,-8.498611499999999,-129.97888949999998
97.262,246.381,387.619,335.382,425.477,358.115,370.451,383.463,595.335,841.256,1309.914,-10.378727000000001,-129.2428435
97.414,233.203,367.439,318.652,396.56,338.504,351.943,366.474,565.598,804.041,1250.372,-15.223416,-127.1997755
97.487,227.725,361.628,312.372,387.202,338.504,351.943,358.119,543.679,788.361,1224.824,-16.02223,-126.7241285
97.512,217.293,354.693,312.372,387.202,331.629,345.842,349.793,514.602,770.637,1190.798,-16.2248555,-126.670067
97.563,210.479,354.693,305.863,379.015,324.381,339.422,342.344,504.463,752.835,1161.028,-16.7949785,-126.21530899999999
97.717,191.176,330.852,286.408,351.891,301.338,317.024,325.085,461.394,718.782,1107.089,-21.569366,-123.32669
97.758,183.64,327.309,282.773,346.292,301.338,317.024,314.969,440.079,703.846,1089.867,-22.752316,-122.770798
97.813,176.621,321.412,282.773,346.292,296.617,312.248,309.623,432.694,692.455,1067.467,-23.1856115,-122.49063849999999
97.859,173.132,321.412,278.622,340.793,291.898,307.706,304.86,423.831,682.447,1059.296,-22.681948,-122.6728435
98.011,162.886,307.713,268.282,325.528,279.229,295.476,295.334,407.551,660.238,1027.922,-22.465747999999998,-122.222634
98.06,157.196,302.069,264.864,320.186,279.229,295.476,291.312,399.752,652.309,1016.445,-23.763271500000002,-121.58087950000001
98.133,147.304,294.281,264.864,320.186,277.335,293.301,288.797,396.234,645.926,1012.292,-25.387264,-120.532562
98.167,145.145,294.281,262.832,316.702,276.544,292.655,288.151,394.222,642.483,1007.708,-25.95491,-120.213959
98.31,142.197,288.298,256.979,308.54,269.466,284.882,282.999,386.019,631.157,1000.318,-28.359295000000003,-117.489319
98.362,135.873,282.905,253.092,302.93,269.466,284.882,279.802,380.441,622.965,977.351,-29.698854,-116.4550855
98.413,127.858,277.531,253.092,302.93,265.074,279.902,274.003,370.012,607.75,966.353,-31.0419325,-115.29061100000001
98.463,120.813,277.531,247.189,294.924,258.335,273.041,266.71,357.621,592.831,933.068,-32.1818315,-114.3073655
98.617,112.831,266.28,233.966,278.615,243.861,258.39,255.031,337.452,571.287,899.028,-33.591168,-112.575669
98.659,109.883,261.852,231.77,275.682,243.861,258.39,251.666,332.137,564.541,891.06,-33.66055849999999,-112.4654155
98.714,106.429,259.742,231.77,275.682,241.307,255.59,248.732,327.17,556.607,877.717,-33.9329565,-112.009575
98.76,102.467,259.742,228.741,271.449,237.685,251.679,244.502,321.081,545.934,856.162,-34.6842115,-110.746399
98.917,94.228,249.092,217.672,257.344,226.377,239.94,235.932,308.177,527.418,833.793,-39.417282,-105.675857
98.994,95.303,248.404,216.333,258.817,226.377,239.94,234.906,304.631,523.673,823.747,-39.565527,-105.773651
99.012,89.894,248.369,216.333,258.817,225.655,240.312,234.209,303.288,521.454,812.021,-39.25078,-106.26885250000001
99.063,93.138,248.369,215.774,258.07,224.817,239.559,233.414,301.412,519.631,815.124,-38.0326235,-107.222412
99.212,88.369,242.811,212.863,253.793,221.904,235.859,231.01,297.527,511.189,803.211,-37.2828565,-107.279915
99.259,82.634,240.985,210.707,250.474,221.904,235.859,229.401,295.353,508.614,801.139,-38.317121,-106.449585
99.311,82.627,238.642,210.707,250.474,220.133,233.841,227.589,292.255,504.446,796.753,-39.085825,-105.93298300000001
99.363,78.47,238.642,208.56,247.381,217.76,231.375,225.352,287.888,497.198,779.856,-39.346125,-105.51111599999999
99.512,69.695,228.994,199.307,233.541,208.935,222.28,219.415,279.008,484.398,760.722,-39.2196735,-104.83544900000001
99.559,65.132,225.217,196.768,230.087,208.935,222.28,216.794,275.519,478.904,763.851,-39.6745585,-104.4792705
99.615,62.28,224.175,196.768,230.087,206.177,219.404,213.9,270.755,471.098,741.72,-40.1729545,-103.98827299999999
99.661,60.339,224.175,194.325,227.124,203.618,216.805,211.582,267.719,466.227,730.491,-40.62377,-103.39106000000001
99.813,57.482,219.715,190.773,223.138,199.934,212.696,208.627,263.099,459.716,734.105,-42.967669,-99.43717899999999
99.86,56.405,219.045,189.566,221.354,199.934,212.696,207.736,260.784,457.621,723.13,-44.016122499999994,-97.90837099999999
99.916,52.608,215.655,189.566,221.354,198.524,210.869,205.933,258.636,451.95,710.124,-45.033602,-96.47330500000001
99.961,49.504,215.655,187.044,217.791,195.475,207.592,202.981,254.69,445.547,704.848,-45.8294555,-95.03632350000001
100.111,48.235,212.153,181.572,212.952,188.716,200.813,198.148,246.254,436.118,693.797,-47.019583499999996,-92.162102
100.162,46.642,212.361,181.849,213.497,188.716,200.813,197.327,245.661,435.427,695.494,-47.047413,-91.97335849999999
100.212,49.401,213.633,181.849,213.497,188.853,200.976,197.754,246.485,435.634,689.439,-47.119556,-91.7267755
100.26,51.263,213.633,182.706,215.416,189.148,201.135,197.979,246.666,435.5,685.901,-47.2304465,-91.390244
100.413,50.512,214.027,182.43,214.452,188.956,200.696,197.868,246.245,435.046,688.978,-48.594114000000005,-88.093559
100.462,47.986,212.821,181.39,212.601,188.956,200.696,197.288,245.173,434.441,689.006,-49.157881,-86.466804
100.518,47.176,210.27,181.39,212.601,188.29,200.082,196.568,243.802,433.071,683.854,-50.03017,-83.46779649999999
100.563,46.042,210.27,180.67,211.5,187.647,199.429,195.952,243.817,432.369,694.604,-50.952787,-81.360298
100.715,44.239,209.011,179.19,209.185,186.179,197.822,194.666,241.824,429.683,677.534,-53.369052499999995,-70.687416
100.76,42.048,208.435,178.59,208.283,186.179,197.822,194.36,240.884,428.992,681.964,-53.900678,-67.12269599999999
100.812,42.357,207.491,178.59,208.283,185.356,196.915,193.626,240.642,427.573,679.681,-54.1903545,-64.025482
100.862,41.014,207.491,177.351,206.78,183.885,195.39,192.38,238.005,422.145,665.752,-54.1423195,-61.5295025
101.014,37.033,202.109,172.13,199.99,177.993,189.152,188.986,233.604,414.504,666.23,-53.798325500000004,-58.887474499999996
101.061,32.965,199.67,170.274,197.347,177.993,189.152,187.1,230.396,411.494,653.387,-53.4285335,-57.097305
101.113,30.615,197.218,170.274,197.347,176.08,187.255,185.317,227.798,406.429,643.066,-53.158322999999996,-53.593757999999994
101.16,28.877,197.218,168.418,194.998,174.109,185.136,183.457,225.591,402.083,644.664,-52.471237,-48.3410265
101.314,28.986,195.574,165.737,191.754,171.255,182.015,181.502,222.827,399.187,635.673,-48.8987375,-35.692711
101.362,27.947,194.492,165.299,191.101,171.255,182.015,180.856,222.207,397.168,634.038,-47.223164499999996,-33.065903
101.414,25.31,194.98,165.299,191.101,170.649,181.382,180.371,220.162,397.121,637.478,-44.944131999999996,-29.3322295
101.463,23.981,194.98,164.756,190.376,170.071,180.606,179.57,220.208,393.856,623.049,-42.4530125,-24.912971499999998
101.611,20.567,190.959,161.453,185.891,166.411,176.561,177.643,217.059,390.001,617.876,-33.2935945,-16.871895000000002
101.668,19.968,188.871,159.263,183.111,166.411,176.561,175.737,215.31,384.398,616.095,-30.7081375,-13.848175000000001
101.719,14.202,186.737,159.263,183.111,163.943,173.715,173.824,212.841,380.703,611.383,-29.344656,-13.002418500000001
101.773,13.906,186.737,157.176,180.293,161.828,171.611,171.705,208.875,375.076,599.262,-28.884758,-13.429161
101.916,8.813,178.798,150.119,171.213,154.208,163.284,166.042,202.765,361.322,583.912,-30.4923935,-14.257873499999999
101.963,3.795,177.826,148.429,168.981,154.208,163.284,163.812,200.226,357.26,574.09,-31.4325315,-14.9451445
102.011,3.24,176.505,148.429,168.981,152.388,161.24,161.654,197.232,351.587,563.622,-32.1677115,-15.5197905
102.067,1.267,176.505,146.972,167.097,150.694,159.231,160.145,196.009,349.301,558.236,-32.651257,-15.810073
102.217,1.131,173.672,143.43,164.29,147.17,154.746,157.805,192.665,345.01,548.752,-34.463429,-17.15773
102.262,-2.325,171.663,141.908,162.398,147.17,154.746,156.357,191.535,340.689,547.201,-34.9691585,-17.572418499999998
102.313,-5.936,170.113,141.908,162.398,145.516,152.856,154.52,189.062,337.164,544.898,-35.4285815,-17.900672999999998
102.359,-5.592,170.113,139.983,160.062,143.56,150.753,152.394,186.327,333.114,537.886,-35.9320315,-18.269615
102.516,-9.673,165.572,136.722,155.106,139.013,145.338,148.913,182.266,324.013,517.48,-38.1281355,-20.2601085
102.559,-9.225,163.791,135.633,153.424,139.013,145.338,146.878,179.89,319.184,519.987,-38.943491,-21.163559499999998
102.615,-12.451,163.723,135.633,153.424,137.367,143.517,144.973,178.453,316.188,518.746,-39.6811445,-21.966148500000003
102.663,-11.977,163.723,135.136,152.014,136.046,142.06,143.506,176.012,312.709,514.369,-40.433338500000005,-22.7224425
102.81,-17.312,158.54,131.349,147.249,132.058,137.253,139.635,172.624,302.289,498.369,-43.495025,-26.515144
102.865,-17.641,159.076,130.967,146.828,132.058,137.253,139.011,171.862,301.582,507.921,-44.440318000000005,-28.145546
102.916,-15.781,157.99,130.967,146.828,131.682,136.625,138.465,171.658,300.049,494.552,-45.015827,-29.0804595
102.962,-15.034,157.99,130.362,146.289,131.225,136.034,138.018,170.747,299.233,499.256,-45.2881815,-29.2452085
103.118,-18.483,158.458,130.458,147.041,132.105,136.736,138.63,171.302,301.059,498.876,-48.493781,-33.8662875
103.161,-18.298,158.734,130.487,147.39,132.105,136.736,138.867,171.449,301.063,495.755,-51.0916,-39.573882999999995
103.211,-18.764,159.19,130.487,147.39,132.399,137.015,139.234,172.539,301.669,501.226,-52.855793000000006,-49.237587
103.261,-14.363,159.19,130.54,147.726,132.729,137.378,139.505,171.908,303.732,509.236,-52.8119585,-58.61299150000001
103.413,-18.832,159.774,130.586,148.438,133.501,138.203,140.014,173.211,305.093,506.848,-53.345315,-68.6890795
103.46,-17.743,159.044,130.539,148.669,133.501,138.203,140.277,173.106,305.424,500.922,-51.5196725,-75.924576
103.511,-16.325,159.791,130.539,148.669,133.742,138.442,140.586,173.622,306.23,511.422,-47.972541500000005,-84.799324
103.563,-18.06,159.791,130.501,148.858,134.041,138.782,140.908,174.21,306.266,504.703,-44.1458845,-92.2380675
103.712,-19.495,160.5,130.345,149.506,134.776,139.604,141.688,175.187,308.206,504.367,-30.0349845,-111.291359
103.759,-18.905,160.808,130.408,149.763,134.776,139.604,142.066,175.202,309.357,510.558,-21.299882500000002,-118.076393
103.812,-15.791,161.012,130.408,149.763,134.922,139.845,142.436,176.126,310.541,510.547,-11.84943,-123.5047685
103.86,-17.568,161.012,130.512,150.061,135.244,140.192,142.998,176.82,310.939,511.57,-3.6029625,-127.129654
104.017,-16.401,162.504,131.205,151.202,136.012,141.307,144.058,177.444,314.083,507.081,7.20797,-131.380661
104.062,-13.429,162.772,131.493,151.468,136.012,141.307,144.249,177.89,314.553,508.235,7.747455499999999,-131.65072650000002
104.114,-13.188,162.473,131.493,151.468,136.105,141.602,144.312,178.262,314.123,511.075,9.103374500000001,-132.21963499999998
104.161,-13.729,162.473,131.719,151.767,136.378,141.876,144.677,178.915,314.977,506.241,10.983996999999999,-132.5696105
104.311,-7.818,168.484,134.704,156.404,139.327,145.75,146.056,180.21,319.634,512.343,12.474712499999999,-132.9991075
104.361,-2.992,173.387,139.214,162.896,139.327,145.75,148.079,183.938,322.516,518.216,11.539833,-132.894203
104.414,12.115,183.872,139.214,162.896,142.903,148.98,149.834,186.771,326.244,524.018,11.8910525,-132.8016285
104.461,23.615,183.872,144.149,177.384,147.411,155.181,152.883,189.607,327.819,517.676,14.249016000000001,-132.692558
104.613,31.099,195.869,153.577,199.293,161.761,173.218,164.595,200.191,344.648,542.343,22.355930999999998,-131.875526
104.695,38.628,201.4,157.198,206.249,161.761,173.218,169.789,206.758,356.863,544.303,19.934258,-131.979706
104.713,45.733,208.395,157.198,206.249,166.389,178.0,175.993,215.815,369.271,567.449,19.230430499999997,-132.0333865
104.761,53.023,208.395,162.927,214.346,171.929,184.409,183.167,225.565,388.772,588.128,17.5662385,-131.9943695
104.912,79.636,240.305,191.139,246.821,200.563,218.071,200.274,249.12,444.793,678.506,21.5210915,-131.701973
104.989,97.109,254.721,205.602,265.711,200.563,218.071,213.883,276.269,479.317,731.61,23.9220085,-131.384773
105.011,114.205,268.645,205.602,265.711,215.148,235.738,231.635,300.468,521.773,784.038,23.6172335,-131.40572300000002
105.063,138.209,268.645,222.659,285.176,233.708,255.697,249.737,336.341,569.743,877.18,22.316311,-131.456413
105.211,176.528,328.396,271.533,345.896,293.516,316.863,299.754,422.35,672.296,1012.93,21.6157645,-131.3481905
105.284,195.924,346.167,287.875,369.223,293.516,316.863,317.492,449.948,717.672,1078.703,23.923992,-131.12996650000002
105.312,214.811,368.689,287.875,369.223,313.738,337.411,341.178,494.722,763.748,1162.801,24.633952999999998,-131.0728375
105.359,238.755,368.689,305.077,396.097,332.535,355.156,369.708,575.491,821.965,1239.792,24.9016265,-130.9407805
105.524,279.459,435.678,358.439,485.086,388.465,411.887,430.21,654.355,937.461,1440.332,22.671784,-131.122299
105.561,300.201,458.932,378.032,518.186,388.465,411.887,456.905,687.835,990.444,1523.171,22.805897,-131.186447
105.611,320.694,473.45,378.032,518.186,402.793,425.33,483.488,720.745,1038.359,1615.194,23.2411655,-131.2158435
105.663,340.138,473.45,396.517,550.58,411.482,432.627,510.229,765.433,1091.661,1718.354,23.3690335,-131.1439365
105.815,370.712,512.476,444.298,628.925,448.132,472.28,544.641,817.939,1160.388,1819.264,22.722240499999998,-131.2222595
105.86,385.109,532.274,459.979,652.511,448.132,472.28,561.28,840.959,1200.984,1903.965,22.6011965,-131.371849
105.912,403.908,549.248,459.979,652.511,462.946,488.21,578.358,862.925,1242.396,1959.652,22.189838,-131.5460285
105.961,411.236,549.248,471.498,671.056,474.746,500.156,590.848,882.769,1271.372,2012.806,21.1236955,-131.5917055
106.113,430.194,593.549,488.75,716.648,500.938,530.153,609.69,903.35,1312.782,2098.498,11.4402845,-133.201904
106.161,443.894,610.631,495.045,733.193,500.938,530.153,623.075,920.103,1340.934,2166.57,5.1061060000000005,-133.536842
106.212,455.695,623.429,495.045,733.193,511.316,541.515,634.956,935.575,1370.469,2192.148,0.27749650000000003,-133.311554
106.26,466.325,623.429,500.414,744.972,519.024,549.664,642.561,945.118,1388.375,2231.795,-1.0614435,-132.95808399999999
106.418,480.19,654.161,511.913,774.849,538.777,572.55,656.082,961.953,1416.229,2289.999,18.9355125,-132.266663
106.461,493.153,671.97,516.571,786.678,538.777,572.55,668.219,976.01,1445.369,2309.738,23.169769000000002,-131.8067625
106.539,499.982,681.131,516.571,786.678,547.07,581.501,676.969,988.445,1457.583,2399.335,20.160919,-132.3981245
106.563,508.211,681.131,520.528,794.501,552.927,587.319,682.905,992.652,1482.235,2382.39,15.940170000000002,-132.6738515
106.713,518.115,706.492,531.694,816.23,568.923,604.102,696.907,1014.88,1507.083,2426.607,-0.355419,-132.783638
106.767,519.682,716.082,532.534,822.071,568.923,604.102,699.9,1018.733,1508.221,2410.861,7.590492,-133.18074
106.812,532.316,732.744,532.534,822.071,572.674,609.107,707.171,1028.835,1533.437,2513.439,14.6662865,-133.0042875
106.86,542.593,732.744,538.994,839.8,582.315,621.826,719.977,1044.888,1556.113,2541.968,17.260769,-132.9105755
107.012,555.989,763.957,549.723,864.913,597.635,638.167,733.533,1068.547,1587.177,2582.262,-18.4874805,-131.86253349999998
107.062,559.924,775.568,551.822,875.696,597.635,638.167,738.983,1072.625,1598.76,2605.139,-31.030304,-128.859528
107.118,575.214,796.433,551.822,875.696,602.951,643.85,748.663,1090.46,1624.598,2672.219,-32.410078,-128.576324
107.16,589.871,796.433,559.869,900.038,615.58,658.487,768.071,1122.679,1664.071,2727.783,-25.8730205,-130.38597099999998
107.311,631.992,864.285,579.538,961.746,642.339,686.566,806.061,1179.451,1728.123,2829.83,-10.750885,-132.97567750000002
107.362,638.267,871.41,580.996,970.061,642.339,686.566,807.415,1182.84,1763.236,2830.17,-18.4224665,-131.905251
107.414,636.408,870.698,580.996,970.061,651.136,691.473,813.335,1193.573,1757.159,2848.687,-24.647827,-130.62689949999998
107.459,638.788,870.698,583.058,976.211,651.852,695.789,816.433,1199.378,1748.18,2881.207,-25.709164,-130.5204625
