22.15,-54.959526,-62.676803
22.158,-54.995746,-62.637329
22.167,-54.99467,-62.575897
22.175,-55.120092,-62.459305
22.183,-55.172809,-62.438782
22.192,-55.272728,-62.365646
22.2,-55.294217,-62.328125
22.208,-55.416395,-62.245254
22.217,-55.492805,-62.163559
22.225,-55.583513,-62.055649
22.233,-55.636004,-61.868179
22.242,-55.624458,-61.742447
22.25,-55.580074,-61.541397
22.258,-55.654509,-61.346207
22.267,-55.625749,-61.200302
22.275,-55.658249,-61.015808
22.283,-55.701675,-60.852081
22.292,-55.679601,-60.655685
22.3,-55.820242,-60.412476
22.308,-55.783977,-60.256134
22.317,-55.831955,-60.000198
22.325,-55.745342,-59.696228
22.333,-55.563134,-59.377381
22.342,-55.546978,-59.049301
22.35,-55.473753,-58.638397
22.358,-55.272724,-58.307373
22.367,-55.239692,-57.93274
22.375,-55.22908,-57.559952
22.383,-55.214672,-57.194107
22.392,-55.143932,-56.811584
22.4,-55.127399,-56.425384
22.408,-55.099117,-56.020447
22.417,-55.06484,-55.606796
22.425,-54.973744,-55.15802
22.433,-54.95109,-54.670182
22.442,-54.894091,-54.243789
22.45,-54.837261,-53.783554
22.458,-54.775663,-53.395721
22.467,-54.80162,-52.992142
22.475,-54.727842,-52.653305
22.483,-54.81001,-52.280502
22.492,-54.839416,-51.939804
22.5,-54.846149,-51.695099
22.508,-54.863359,-51.447128
22.517,-54.874075,-51.17015
22.525,-54.879223,-50.968705
22.533,-54.851364,-50.812149
22.542,-54.826961,-50.695007
22.55,-54.87975,-50.511261
22.558,-54.84339,-50.383408
22.567,-54.864058,-50.298111
22.575,-54.870954,-50.282882
22.583,-54.886204,-50.30069
22.592,-54.883669,-50.395554
22.6,-54.93638,-50.412018
22.608,-54.956633,-50.457169
22.617,-54.988634,-50.563079
22.625,-54.950678,-50.594375
22.633,-54.929375,-50.65889
22.642,-54.905913,-50.716797
22.65,-54.82313,-50.831925
22.658,-54.804617,-50.876526
22.667,-54.806324,-50.911377
22.675,-54.771237,-50.983384
22.683,-54.792824,-51.029022
22.692,-54.77455,-51.033509
22.7,-54.753334,-51.026856
22.708,-54.626631,-51.032639
22.717,-54.594894,-51.000794
22.725,-54.587272,-50.914841
22.733,-54.582384,-50.757202
22.742,-54.524862,-50.647827
22.75,-54.505619,-50.490845
22.758,-54.452481,-50.337219
22.767,-54.393469,-50.173569
22.775,-54.400606,-49.940216
22.783,-54.299578,-49.757523
22.792,-54.298786,-49.542022
22.8,-54.287151,-49.294327
22.808,-54.283428,-49.062683
22.817,-54.232286,-48.851044
22.825,-54.22952,-48.636902
22.833,-54.232473,-48.385635
22.842,-54.192413,-48.20491
22.85,-54.158438,-48.009812
22.858,-54.059536,-47.770966
22.867,-54.057045,-47.575409
22.875,-53.984324,-47.351761
22.883,-54.013775,-47.073746
22.892,-53.949343,-46.871154
22.9,-53.829134,-46.699158
22.908,-53.866192,-46.457932
22.917,-53.795174,-46.304123
22.925,-53.807354,-45.944092
22.933,-54.003826,-45.278717
22.942,-53.715553,-45.513534
22.95,-53.850802,-44.925293
22.958,-53.895294,-44.532883
22.967,-53.776443,-44.45015
22.975,-53.827507,-44.190186
22.983,-53.739426,-44.045624
22.992,-53.70166,-43.920776
23,-53.773588,-43.668686
23.008,-53.672657,-43.611099
23.017,-53.736468,-43.381393
23.025,-53.698265,-43.240082
23.033,-53.573183,-43.196198
23.042,-53.431866,-43.236878
23.05,-53.473566,-42.988098
23.058,-53.310938,-43.050598
23.067,-53.31538,-42.871796
23.075,-53.283395,-42.827148
23.083,-53.249825,-42.838745
23.092,-53.236937,-42.821075
23.1,-53.334057,-42.683578
23.108,-53.329516,-42.672089
23.117,-53.323835,-42.662979
23.125,-53.310362,-42.643799
23.133,-53.212921,-42.668228
23.142,-53.107965,-42.709991
23.15,-53.068023,-42.670929
23.158,-53.044172,-42.523208
23.167,-52.899168,-42.407669
23.175,-52.892358,-42.294159
23.183,-52.874384,-42.247132
23.192,-52.781799,-42.365753
23.2,-52.919429,-42.097885
23.208,-52.893472,-42.07518
23.217,-52.841358,-41.991104
23.225,-52.786762,-41.931687
23.233,-52.656894,-41.912522
23.242,-52.613138,-41.705581
23.25,-52.567606,-41.57454
23.258,-52.444893,-41.387115
23.267,-52.444035,-41.059387
23.275,-52.404219,-40.929748
23.283,-52.328859,-40.625962
23.292,-52.265529,-40.491867
23.3,-52.164759,-40.248047
23.308,-52.155142,-39.884048
23.317,-52.042541,-39.677475
23.325,-51.928651,-39.303574
23.333,-51.887915,-39.113449
23.342,-51.778248,-38.800766
23.35,-51.673483,-38.554535
23.358,-51.668544,-38.219742
23.367,-51.582153,-38.050918
23.375,-51.557859,-37.798706
23.383,-51.51648,-37.669159
23.392,-51.474293,-37.428238
23.4,-51.416748,-37.400604
23.408,-51.412325,-37.276001
23.417,-51.42215,-37.133667
23.425,-51.37705,-37.076232
23.433,-51.312212,-37.169067
23.442,-51.384331,-37.131408
23.45,-51.372814,-37.25061
23.458,-51.387074,-37.290191
23.467,-51.407886,-37.238693
23.475,-51.370829,-37.361985
23.483,-51.289719,-37.464081
23.492,-51.212448,-37.556305
23.5,-51.225814,-37.493606
23.508,-51.171944,-37.504319
23.517,-51.11623,-37.462967
23.525,-51.096582,-37.435028
23.533,-51.101578,-37.384583
23.542,-51.109305,-37.34909
23.55,-51.130308,-37.322494
23.558,-51.226867,-37.238067
23.567,-51.283768,-37.217758
23.575,-51.333399,-37.095124
23.583,-51.274843,-37.118027
23.592,-51.283205,-36.994461
23.6,-51.271042,-36.941711
23.608,-51.235672,-36.913543
23.617,-51.197207,-36.888199
23.625,-51.167713,-36.87973
23.633,-51.156586,-36.882141
23.642,-51.148852,-36.891113
23.65,-51.121174,-36.874054
23.658,-51.151449,-36.923401
23.667,-51.149414,-36.965881
23.675,-51.115964,-37.040787
23.683,-51.175305,-37.019043
23.692,-51.113815,-37.076187
23.7,-51.077675,-37.008408
23.708,-51.050163,-36.981277
23.717,-51.020147,-36.950332
23.725,-50.933929,-36.983337
23.733,-50.946629,-36.881897
23.742,-50.949917,-36.743958
23.75,-50.941366,-36.663391
23.758,-50.934747,-36.660797
23.767,-50.936548,-36.604721
23.775,-50.888289,-36.512634
23.783,-50.911577,-36.515243
23.792,-50.882709,-36.555573
23.8,-50.962452,-36.401001
23.808,-50.935398,-36.476928
23.817,-50.975956,-36.365097
23.825,-50.949808,-36.494751
23.833,-51.009787,-36.423782
23.842,-51.010828,-36.447724
23.85,-50.953824,-36.565552
23.858,-50.974005,-36.620423
23.867,-50.964224,-36.675537
23.875,-50.949734,-36.791367
23.883,-50.937072,-36.844223
23.892,-51.006598,-36.81134
23.9,-51.002998,-36.914505
23.908,-51.006138,-36.927674
23.917,-50.962586,-36.919785
23.925,-50.935461,-36.895965
23.933,-50.927311,-36.761825
23.942,-50.87238,-36.694198
23.95,-50.834398,-36.629364
23.958,-50.783405,-36.510238
23.967,-50.746084,-36.419876
23.975,-50.750513,-36.241379
23.983,-50.742451,-36.178986
23.992,-50.783028,-36.014313
24,-50.753459,-35.916656
24.008,-50.717031,-35.841111
24.017,-50.764971,-35.682159
24.025,-50.728491,-35.619324
24.033,-50.626816,-35.517425
24.042,-50.537722,-35.452042
24.05,-50.487822,-35.40448
24.058,-50.456743,-35.374893
24.067,-50.424405,-35.416306
24.075,-50.458099,-35.381562
24.083,-50.534481,-35.465302
24.092,-50.621304,-35.536118
24.1,-50.657852,-35.703598
24.108,-50.643585,-35.830246
24.117,-50.661508,-35.816696
24.125,-50.628977,-35.858108
24.133,-50.623373,-35.880478
24.142,-50.557701,-35.954056
24.15,-50.559672,-35.898834
24.158,-50.497475,-35.980346
24.167,-50.485113,-35.970673
24.175,-50.463848,-35.944672
24.183,-50.50293,-35.836716
24.192,-50.485809,-35.805664
24.2,-50.489418,-35.759002
24.208,-50.519238,-35.667373
24.217,-50.530094,-35.536652
24.225,-50.408615,-35.481644
24.233,-50.405764,-35.313217
24.242,-50.444467,-35.159347
24.25,-50.347236,-35.040115
24.258,-50.253153,-34.932709
24.267,-50.260488,-34.762893
24.275,-50.235831,-34.703262
24.283,-50.245837,-34.671188
24.292,-50.165844,-34.694428
24.3,-50.172827,-34.46695
24.308,-50.083536,-34.484787
24.317,-50.038016,-34.413361
24.325,-49.957096,-34.366333
24.333,-49.875103,-34.286926
24.342,-49.789053,-34.096527
24.35,-49.728891,-34.033707
24.358,-49.56057,-33.928528
24.367,-49.493576,-33.744903
24.375,-49.396841,-33.56778
24.383,-49.331307,-33.372666
24.392,-49.249649,-33.201401
24.4,-49.149303,-32.945068
24.408,-49.111842,-32.780228
24.417,-48.935808,-32.452515
24.425,-48.841288,-32.158035
24.433,-48.654453,-31.941895
24.442,-48.483209,-31.617569
24.45,-48.346186,-31.296326
24.458,-48.056503,-30.899002
24.467,-47.741083,-30.598526
24.475,-47.541996,-30.247025
24.483,-47.196459,-29.822128
24.492,-46.944998,-29.427658
24.5,-46.624887,-29.043045
24.508,-46.374607,-28.701309
24.517,-46.097568,-28.262757
24.525,-45.847826,-27.804825
24.533,-45.638306,-27.367951
24.542,-45.405004,-26.997925
24.55,-45.185345,-26.590622
24.558,-45.018422,-26.124054
24.567,-44.840727,-25.737229
24.575,-44.682762,-25.378753
24.583,-44.523167,-25.112884
24.592,-44.29197,-24.867508
24.6,-44.175589,-24.610413
24.608,-44.02944,-24.356796
24.617,-43.927557,-24.191574
24.625,-43.807203,-24.178848
24.633,-43.802344,-24.075668
24.642,-43.804857,-24.03363
24.65,-43.848988,-24.149216
24.658,-43.878351,-24.214951
24.667,-43.87937,-24.260163
24.675,-43.929327,-24.389862
24.683,-44.006206,-24.5141
24.692,-44.02109,-24.625091
24.7,-44.064552,-24.770645
24.708,-44.122454,-24.960358
24.717,-44.129626,-25.074387
24.725,-44.167803,-25.158981
24.733,-44.201788,-25.255783
24.742,-44.294891,-25.398788
24.75,-44.343491,-25.457779
24.758,-44.353948,-25.494446
24.767,-44.348241,-25.489899
24.775,-44.298719,-25.392517
24.783,-44.25104,-25.321899
24.792,-44.183197,-25.208786
24.8,-44.133888,-25.092163
24.808,-44.058497,-25.028168
24.817,-43.982788,-24.890335
24.825,-43.866548,-24.629623
24.833,-43.714603,-24.484268
24.842,-43.62241,-24.349167
24.85,-43.373318,-24.060348
24.858,-43.349998,-23.922089
24.867,-43.113739,-23.69516
24.875,-42.93559,-23.56868
24.883,-42.781261,-23.312989
24.892,-42.516197,-23.180511
24.9,-42.364792,-22.869552
24.908,-42.175998,-22.718902
24.917,-42.018349,-22.606948
24.925,-41.850834,-22.244827
24.933,-41.630867,-22.081085
24.942,-41.407013,-21.802216
24.95,-41.210949,-21.63269
24.958,-40.89727,-21.325531
24.967,-40.681968,-21.097915
24.975,-40.410255,-20.897873
24.983,-40.219651,-20.602386
24.992,-40.014175,-20.351867
25,-39.706905,-20.099259
25.008,-39.572846,-19.847366
25.017,-39.413777,-19.621903
25.025,-39.185559,-19.478775
25.033,-39.018722,-19.266022
25.042,-38.82452,-19.079041
25.05,-38.584118,-18.835296
25.058,-38.354263,-18.597428
25.067,-38.175495,-18.452927
25.075,-37.897881,-18.260193
25.083,-37.707634,-18.046844
25.092,-37.529423,-17.879532
25.1,-37.342899,-17.79448
25.108,-37.270134,-17.625702
25.117,-37.076817,-17.567749
25.125,-37.04459,-17.453461
25.133,-37.005711,-17.467911
25.142,-36.927417,-17.355591
25.15,-36.902458,-17.326492
25.158,-36.85213,-17.225845
25.167,-36.798058,-17.303268
25.175,-36.763328,-17.301834
25.183,-36.725769,-17.235657
25.192,-36.745014,-17.300476
25.2,-36.672993,-17.2509
25.208,-36.556672,-17.273193
25.217,-36.523986,-17.280533
25.225,-36.46357,-17.269851
25.233,-36.43755,-17.268203
25.242,-36.390976,-17.281601
25.25,-36.339218,-17.2146
25.258,-36.303551,-17.16304
25.267,-36.266343,-17.131851
25.275,-36.218502,-17.084762
25.283,-36.146721,-17.004379
25.292,-36.089878,-16.940644
25.3,-36.028084,-16.908539
25.308,-35.925137,-16.786774
25.317,-35.775711,-16.695084
25.325,-35.675053,-16.603928
25.333,-35.583927,-16.502182
25.342,-35.477143,-16.450531
25.35,-35.373246,-16.334473
25.358,-35.315097,-16.292054
25.367,-35.24186,-16.276443
25.375,-35.117031,-16.137116
25.383,-35.04504,-16.046036
25.392,-34.968864,-15.96669
25.4,-34.859497,-15.91008
25.408,-34.806194,-15.827744
25.417,-34.626968,-15.792587
25.425,-34.494995,-15.722946
25.433,-34.410187,-15.664002
25.442,-34.394203,-15.543152
25.45,-34.237171,-15.48114
25.458,-34.253467,-15.374679
25.467,-34.140823,-15.382431
25.475,-34.070393,-15.354218
25.483,-34.027268,-15.336243
25.492,-33.951469,-15.303253
25.5,-33.862137,-15.230529
25.508,-33.780582,-15.176925
25.517,-33.696156,-15.167206
25.525,-33.527023,-15.097076
25.533,-33.412915,-15.011582
25.542,-33.273773,-14.920761
25.55,-33.157371,-14.84079
25.558,-33.029942,-14.793488
25.567,-32.887695,-14.718002
25.575,-32.793572,-14.622727
25.583,-32.649811,-14.507416
25.592,-32.544479,-14.381714
25.6,-32.396366,-14.287125
25.608,-32.203964,-14.176148
25.617,-32.013035,-14.034684
25.625,-31.856381,-13.961487
25.633,-31.673443,-13.844925
25.642,-31.540897,-13.707337
25.65,-31.318226,-13.592224
25.658,-31.19915,-13.502243
25.667,-31.043281,-13.391754
25.675,-30.867267,-13.272995
25.683,-30.718781,-13.17186
25.692,-30.565643,-13.016327
25.7,-30.520988,-13.054794
25.708,-30.34071,-13.017807
25.717,-30.215427,-12.892212
25.725,-30.059612,-12.815308
25.733,-29.953766,-12.765503
25.742,-29.769806,-12.661835
25.75,-29.65903,-12.656646
25.758,-29.504646,-12.520401
25.767,-29.411716,-12.506699
25.775,-29.241749,-12.422089
25.783,-29.150734,-12.381653
25.792,-29.016872,-12.301682
25.8,-28.848755,-12.186401
25.808,-28.762192,-12.117783
25.817,-28.60426,-11.986175
25.825,-28.514164,-11.920441
25.833,-28.435665,-11.880279
25.842,-28.299873,-11.819321
25.85,-28.214946,-11.842026
25.858,-28.028446,-11.707611
25.867,-27.90065,-11.58081
25.875,-27.829678,-11.650574
25.883,-27.680507,-11.593445
25.892,-27.574501,-11.530854
25.9,-27.428818,-11.452728
25.908,-27.328327,-11.436173
25.917,-27.210613,-11.311997
25.925,-27.123142,-11.241349
25.933,-27.126446,-11.204483
25.942,-27.088295,-11.179031
25.95,-26.974083,-11.136322
25.958,-26.938252,-11.118515
25.967,-26.890915,-11.093491
25.975,-26.768235,-11.097779
25.983,-26.721245,-11.089676
25.992,-26.683376,-11.081359
26,-26.615135,-11.045608
26.008,-26.578922,-10.996399
26.017,-26.401772,-11.045593
26.025,-26.397312,-11.044662
26.033,-26.189598,-10.960541
26.042,-26.088059,-10.958985
26.05,-25.929787,-10.875855
26.058,-25.813954,-10.797073
26.067,-25.62859,-10.766144
26.075,-25.476879,-10.686356
26.083,-25.234718,-10.585098
26.092,-25.061718,-10.567474
26.1,-24.852726,-10.3909
26.108,-24.619976,-10.299026
26.117,-24.440144,-10.232056
26.125,-24.274002,-10.039368
26.133,-24.013607,-9.93425
26.142,-23.684761,-9.857895
26.15,-23.458965,-9.792054
26.158,-23.166695,-9.659164
26.167,-22.927681,-9.559921
26.175,-22.625225,-9.54361
26.183,-22.379379,-9.400269
26.192,-22.208599,-9.314728
26.2,-21.846669,-9.199493
26.208,-21.596329,-9.126648
26.217,-21.285321,-9.121552
26.225,-21.063289,-9.039765
26.233,-20.829574,-8.875763
26.242,-20.564801,-8.798096
26.25,-20.278301,-8.771424
26.258,-20.040176,-8.611633
26.267,-19.762928,-8.577789
26.275,-19.536091,-8.480622
26.283,-19.340794,-8.423889
26.292,-19.197911,-8.222962
26.3,-19.092945,-8.164795
26.308,-18.970985,-8.060028
26.317,-18.933037,-8.013764
26.325,-18.88618,-8.027923
26.333,-18.874702,-7.971253
26.342,-18.923042,-7.898865
26.35,-18.939514,-7.900513
26.358,-18.953216,-7.917237
26.367,-18.981655,-7.976867
26.375,-18.998982,-8.026032
26.383,-19.025292,-8.076661
26.392,-19.088058,-8.166626
26.4,-19.114453,-8.211853
26.408,-19.150245,-8.296539
26.417,-19.196621,-8.313904
26.425,-19.288135,-8.376251
26.433,-19.403095,-8.427887
26.442,-19.510017,-8.403229
26.45,-19.568875,-8.40863
26.458,-19.615238,-8.415436
26.467,-19.703236,-8.463318
26.475,-19.743957,-8.464875
26.483,-19.784496,-8.458313
26.492,-19.807045,-8.451843
26.5,-19.818218,-8.450745
26.508,-19.833474,-8.447143
26.517,-19.847798,-8.450409
26.525,-19.868969,-8.453765
26.533,-19.892478,-8.454987
26.542,-19.912178,-8.457122
26.55,-19.929382,-8.458527
26.558,-19.983063,-8.487884
26.567,-19.995815,-8.488129
26.575,-20.012432,-8.502533
26.583,-20.012009,-8.510224
26.592,-20.016919,-8.519378
26.6,-20.040974,-8.522247
26.608,-20.135837,-8.44104
26.617,-20.217601,-8.429992
26.625,-20.366257,-8.458496
26.633,-20.50473,-8.437317
26.642,-20.70187,-8.439422
26.65,-20.86982,-8.462586
26.658,-21.1003,-8.522675
26.667,-21.370872,-8.575409
26.675,-21.658879,-8.64975
26.683,-21.990158,-8.728089
26.692,-22.340843,-8.82251
26.7,-22.745243,-8.97998
26.708,-23.147041,-9.130294
26.717,-23.633152,-9.340652
26.725,-24.063774,-9.490433
26.733,-24.555016,-9.750259
26.742,-25.012939,-9.934388
26.75,-25.500713,-10.184784
26.758,-25.963063,-10.407715
26.767,-26.462086,-10.683487
26.775,-26.939022,-10.936294
26.783,-27.397609,-11.168151
26.792,-27.841069,-11.433182
26.8,-28.285359,-11.613724
26.808,-28.695538,-11.844818
26.817,-29.120949,-12.121811
26.825,-29.440266,-12.236542
26.833,-29.754551,-12.497376
26.842,-30.044651,-12.650147
26.85,-30.308766,-12.853791
26.858,-30.504681,-12.928772
26.867,-30.729378,-13.079132
26.875,-30.992001,-13.210846
26.883,-31.127666,-13.287659
26.892,-31.279247,-13.334899
26.9,-31.380196,-13.402909
26.908,-31.454014,-13.393265
26.917,-31.48114,-13.408417
26.925,-31.504334,-13.420868
26.933,-31.575122,-13.448898
26.942,-31.607742,-13.474838
26.95,-31.613232,-13.461716
26.958,-31.619903,-13.446899
26.967,-31.62558,-13.412674
26.975,-31.629326,-13.400818
26.983,-31.628536,-13.390335
26.992,-31.614337,-13.397186
27,-31.562668,-13.361145
27.008,-31.559235,-13.340271
27.017,-31.551667,-13.289321
27.025,-31.575928,-13.316757
27.033,-31.58208,-13.324585
27.042,-31.606651,-13.343292
27.05,-31.690254,-13.338043
27.058,-31.782898,-13.378906
27.067,-31.896816,-13.415176
27.075,-31.99435,-13.477539
27.083,-32.091552,-13.539871
27.092,-32.285488,-13.596191
27.1,-32.46492,-13.752594
27.108,-32.669419,-13.869599
27.117,-32.888462,-14.009095
27.125,-33.141674,-14.23085
27.133,-33.377399,-14.332825
27.142,-33.705322,-14.5224
27.15,-34.014724,-14.789825
27.158,-34.351826,-15.025482
27.167,-34.716244,-15.344482
27.175,-35.01794,-15.530503
27.183,-35.406959,-15.863907
27.192,-35.715107,-16.130584
27.2,-36.078999,-16.421997
27.208,-36.433308,-16.755432
27.217,-36.776329,-17.063538
27.225,-37.180381,-17.405533
27.233,-37.525276,-17.636215
27.242,-37.94986,-18.05574
27.25,-38.353736,-18.425628
27.258,-38.705017,-18.73935
27.267,-39.09098,-19.099655
27.275,-39.467907,-19.464707
27.283,-39.776706,-19.733795
27.292,-40.077118,-20.095352
27.3,-40.454899,-20.506653
27.308,-40.69759,-20.791764
27.317,-40.986694,-21.124939
27.325,-41.251758,-21.54715
27.333,-41.381263,-21.714187
27.342,-41.649483,-22.001938
27.35,-41.803036,-22.257965
27.358,-41.981968,-22.475174
27.367,-42.093208,-22.679687
27.375,-42.248813,-22.812485
27.383,-42.402645,-22.990265
27.392,-42.459106,-23.034256
27.4,-42.465941,-23.087799
27.408,-42.489491,-23.106567
27.417,-42.50757,-23.107148
27.425,-42.526091,-23.090576
27.433,-42.576278,-23.056275
27.442,-42.590366,-22.996994
27.45,-42.576763,-22.902252
27.458,-42.552689,-22.83461
27.467,-42.545622,-22.788712
27.475,-42.536505,-22.74768
27.483,-42.52367,-22.713501
27.492,-42.504795,-22.635849
27.5,-42.464809,-22.578964
27.508,-42.49127,-22.607437
27.517,-42.467888,-22.562149
27.525,-42.484423,-22.597901
27.533,-42.488758,-22.631546
27.542,-42.462707,-22.619262
27.55,-42.480123,-22.66925
27.558,-42.487432,-22.697281
27.567,-42.551258,-22.773056
27.575,-42.602886,-22.822983
27.583,-42.69059,-22.829148
27.592,-42.783621,-22.966827
27.6,-42.829536,-23.042114
27.608,-42.823011,-23.104156
27.617,-42.889805,-23.199844
27.625,-42.943861,-23.246887
27.633,-43.039414,-23.338775
27.642,-43.146065,-23.502228
27.65,-43.198576,-23.563507
27.658,-43.347395,-23.613403
27.667,-43.49641,-23.772415
27.675,-43.703974,-24.042725
27.683,-43.85708,-24.094452
27.692,-44.054808,-24.309388
27.7,-44.275022,-24.600692
27.708,-44.504364,-24.777328
27.717,-44.744211,-25.115265
27.725,-44.951389,-25.432342
27.733,-45.205971,-25.75093
27.742,-45.460526,-26.171966
27.75,-45.740749,-26.579727
27.758,-46.022657,-27.069458
27.767,-46.310051,-27.51532
27.775,-46.584746,-27.967697
27.783,-46.824353,-28.450897
27.792,-47.067103,-28.958419
27.8,-47.27897,-29.475556
27.808,-47.479069,-29.918121
27.817,-47.650049,-30.32489
27.825,-47.837118,-30.745773
27.833,-48.067252,-31.169174
27.842,-48.184858,-31.478851
27.85,-48.327633,-31.815033
27.858,-48.5546,-32.079758
27.867,-48.660529,-32.294693
27.875,-48.828003,-32.557984
27.883,-48.895851,-32.700515
27.892,-48.986353,-32.798034
27.9,-49.067194,-32.875717
27.908,-49.153689,-33.027954
27.917,-49.284554,-33.059204
27.925,-49.328495,-33.132004
27.933,-49.361443,-33.164352
27.942,-49.438603,-33.278076
27.95,-49.513283,-33.326111
27.958,-49.546625,-33.423081
27.967,-49.596386,-33.482041
27.975,-49.646233,-33.598602
27.983,-49.651788,-33.634247
27.992,-49.647535,-33.664795
28,-49.607988,-33.67807
28.008,-49.594517,-33.732163
28.017,-49.555233,-33.749756
28.025,-49.577263,-33.781647
28.033,-49.565139,-33.821183
28.042,-49.579664,-33.804413
28.05,-49.582283,-33.835236
28.058,-49.577684,-33.804352
28.067,-49.604137,-33.771652
28.075,-49.623123,-33.823517
28.083,-49.642176,-33.76413
28.092,-49.651472,-33.716873
28.1,-49.663502,-33.72667
28.108,-49.659214,-33.709335
28.117,-49.659466,-33.666717
28.125,-49.647363,-33.620849
28.133,-49.648433,-33.615616
28.142,-49.675091,-33.652848
28.15,-49.692372,-33.667327
28.158,-49.712936,-33.698105
28.167,-49.766166,-33.787262
28.175,-49.854666,-33.928726
28.183,-49.923493,-34.043762
28.192,-50.078009,-34.16391
28.2,-50.144737,-34.371277
28.208,-50.274634,-34.570923
28.217,-50.336186,-34.770523
28.225,-50.455618,-35.11325
28.233,-50.556969,-35.364746
28.242,-50.673844,-35.733017
28.25,-50.863364,-36.14357
28.258,-51.019194,-36.575608
28.267,-51.148528,-36.988571
28.275,-51.277128,-37.502365
28.283,-51.526006,-37.913498
28.292,-51.689955,-38.397064
28.3,-51.781074,-38.956436
28.308,-51.959362,-39.442429
28.317,-52.111513,-39.970779
28.325,-52.172024,-40.465148
28.333,-52.318914,-41.016586
28.342,-52.487539,-41.496094
28.35,-52.624224,-41.945404
28.358,-52.755941,-42.495712
28.367,-52.96788,-42.98381
28.375,-52.92877,-43.960815
28.383,-53.080606,-44.462494
28.392,-53.220247,-44.964798
28.4,-53.359062,-45.45137
28.408,-53.449112,-45.87059
28.417,-53.43597,-46.440537
28.425,-53.451244,-46.836243
28.433,-53.468696,-47.122421
28.442,-53.494698,-47.502182
28.45,-53.511299,-47.822341
28.458,-53.53673,-48.060532
28.467,-53.559412,-48.245498
28.475,-53.573789,-48.357574
28.483,-53.548854,-48.523102
28.492,-53.587288,-48.543426
28.5,-53.580738,-48.515305
28.508,-53.579825,-48.489196
28.517,-53.611141,-48.385788
28.525,-53.605204,-48.28534
28.533,-53.591368,-48.116867
28.542,-53.595734,-47.895249
28.55,-53.605629,-47.763443
28.558,-53.585119,-47.549896
28.567,-53.619169,-47.375992
28.575,-53.603275,-47.170364
28.583,-53.592368,-47.064819
28.592,-53.597669,-46.836808
28.6,-53.539196,-46.727402
28.608,-53.582909,-46.598206
28.617,-53.581574,-46.483368
28.625,-53.564642,-46.449372
28.633,-53.559881,-46.439026
28.642,-53.543953,-46.411956
28.65,-53.525629,-46.48291
28.658,-53.532373,-46.530274
28.667,-53.513027,-46.644241
28.675,-53.566471,-46.783325
28.683,-53.606724,-46.88237
28.692,-53.580529,-47.116303
28.7,-53.663824,-47.237762
28.708,-53.667036,-47.488541
28.717,-53.783983,-47.690903
28.725,-53.85692,-47.997727
28.733,-53.894945,-48.277038
28.742,-53.905117,-48.641297
28.75,-54.054083,-48.91742
28.758,-54.117807,-49.306839
28.767,-54.242681,-49.721801
28.775,-54.281494,-50.109497
28.783,-54.382929,-50.591568
28.792,-54.4304,-51.024063
28.8,-54.486694,-51.635254
28.808,-54.555059,-52.011017
28.817,-54.613979,-52.522141
28.825,-54.636145,-53.025375
28.833,-54.58342,-53.676178
28.842,-54.623501,-54.217025
28.85,-54.665419,-54.697708
28.858,-54.671736,-55.227493
28.867,-54.650951,-55.780929
28.875,-54.627201,-56.370972
28.883,-54.676197,-56.863373
28.892,-54.677807,-57.307648
28.9,-54.634048,-57.795426
28.908,-54.597914,-58.156204
28.917,-54.577438,-58.475128
28.925,-54.587852,-58.795517
28.933,-54.588833,-59.032349
28.942,-54.562414,-59.169006
28.95,-54.489278,-59.31105
28.958,-54.467171,-59.479034
28.967,-54.490895,-59.528747
28.975,-54.577569,-59.528015
28.983,-54.595411,-59.584778
28.992,-54.612825,-59.561752
29,-54.616838,-59.447723
29.008,-54.70808,-59.352997
29.017,-54.752315,-59.238083
29.025,-54.763521,-59.062576
29.033,-54.771286,-58.992203
29.042,-54.768112,-58.797196
29.05,-54.785034,-58.670822
29.058,-54.755979,-58.618515
29.067,-54.780671,-58.556839
29.075,-54.895763,-58.417328
29.083,-54.91127,-58.406539
29.092,-54.922603,-58.40979
29.1,-54.947009,-58.396423
29.108,-54.966172,-58.333862
29.117,-54.913929,-58.397416
29.125,-54.834494,-58.427277
29.133,-54.819326,-58.441497
29.142,-54.751794,-58.557007
29.15,-54.751188,-58.605301
29.158,-54.788061,-58.638534
29.167,-54.78402,-58.757569
29.175,-54.839583,-58.867798
29.183,-54.796337,-59.038132
29.192,-54.865757,-59.190857
29.2,-54.862331,-59.387986
29.208,-54.821436,-59.603653
29.217,-54.862181,-59.733474
29.225,-54.846645,-59.8555
29.233,-54.866283,-60.123856
29.242,-54.923174,-60.450531
29.25,-54.924137,-60.626815
29.258,-54.910232,-60.925003
29.267,-54.997562,-61.209122
29.275,-54.886858,-61.666199
29.283,-54.870209,-62.007995
29.292,-54.924775,-62.373825
29.3,-54.904716,-62.778702
29.308,-54.782124,-63.26912
29.317,-54.700874,-63.77771
29.325,-54.665844,-64.179351
29.333,-54.613796,-64.603805
29.342,-54.546522,-65.085449
29.35,-54.49777,-65.517044
29.358,-54.433413,-65.988892
29.367,-54.276984,-66.491028
29.375,-54.236316,-66.980011
29.383,-54.205964,-67.352783
29.392,-54.085922,-67.832916
29.4,-54.048198,-68.226746
29.408,-54.009529,-68.596375
29.417,-53.906025,-68.99762
29.425,-53.952872,-69.188186
29.433,-53.844965,-69.459839
29.442,-53.80455,-69.630051
29.45,-53.754191,-69.831161
29.458,-53.658786,-70.089157
29.467,-53.678709,-70.158111
29.475,-53.656723,-70.338013
29.483,-53.674715,-70.446808
29.492,-53.64657,-70.628906
29.5,-53.661289,-70.700302
29.508,-53.650475,-70.810913
29.517,-53.652284,-70.812607
29.525,-53.640547,-70.786835
29.533,-53.689327,-70.609115
29.542,-53.646091,-70.623992
29.55,-53.650999,-70.558563
29.558,-53.65613,-70.521057
29.567,-53.677132,-70.496689
29.575,-53.703457,-70.484924
29.583,-53.730353,-70.48172
29.592,-53.75136,-70.467773
29.6,-53.761862,-70.440567
29.608,-53.881189,-70.346695
29.617,-53.869115,-70.235352
29.625,-53.827116,-70.117767
29.633,-53.81467,-70.072236
29.642,-53.852308,-70.045028
29.65,-53.86124,-70.054428
29.658,-53.877787,-70.087006
29.667,-53.92548,-70.177582
29.675,-53.954376,-70.216812
29.683,-53.995765,-70.191696
29.692,-53.919084,-70.360901
29.7,-53.913172,-70.404923
29.708,-53.9055,-70.461075
29.717,-53.81732,-70.605866
29.725,-53.782594,-70.731888
29.733,-53.781589,-70.918869
29.742,-53.775661,-71.085037
29.75,-53.753732,-71.322892
29.758,-53.742849,-71.526062
29.767,-53.711719,-71.794616
29.775,-53.618352,-72.145432
29.783,-53.592033,-72.368638
29.792,-53.482149,-72.646546
29.8,-53.405519,-72.942475
29.808,-53.334383,-73.24141
29.817,-53.234844,-73.550003
29.825,-53.077381,-73.84996
29.833,-52.979141,-74.227676
29.842,-52.904995,-74.555161
29.85,-52.879894,-74.88646
29.858,-52.687516,-75.179367
29.867,-52.633482,-75.473084
29.875,-52.621721,-75.763107
29.883,-52.518575,-76.073761
29.892,-52.446072,-76.323654
29.9,-52.380527,-76.498184
29.908,-52.313822,-76.73671
29.917,-52.258732,-76.968826
29.925,-52.218838,-77.138275
29.933,-52.178543,-77.342773
29.942,-52.138737,-77.488205
29.95,-52.111303,-77.656311
29.958,-52.393306,-77.707824
29.967,-52.368984,-77.78592
29.975,-52.055414,-77.916565
29.983,-51.933317,-78.101975
29.992,-51.925365,-78.170136
30,-51.924698,-78.247757
30.008,-51.962466,-78.341171
30.017,-51.977133,-78.420135
30.025,-51.959701,-78.56932
30.033,-51.952824,-78.65683
30.042,-51.908872,-78.729767
30.05,-51.89049,-78.866562
30.058,-51.881603,-78.964478
30.067,-51.86923,-79.095306
30.075,-51.783112,-79.22435
30.083,-51.713888,-79.495071
30.092,-51.746676,-79.637558
30.1,-51.680805,-79.842545
30.108,-51.625452,-80.004944
30.117,-51.456804,-80.163361
30.125,-51.357304,-80.381287
30.133,-51.369348,-80.587829
30.142,-51.269578,-80.743301
30.15,-51.211092,-80.95256
30.158,-51.138672,-81.111237
30.167,-51.023394,-81.375305
30.175,-50.981081,-81.541641
30.183,-50.832592,-81.714737
30.192,-50.774292,-81.868652
30.2,-50.674477,-82.127182
30.208,-50.648966,-82.259262
30.217,-50.611404,-82.390473
30.225,-50.55719,-82.493942
30.233,-50.452559,-82.644775
30.242,-50.385124,-82.778595
30.25,-50.298459,-82.845001
30.258,-50.337755,-82.914307
30.267,-50.301106,-83.055954
30.275,-50.226376,-83.154709
30.283,-50.282139,-83.230377
30.292,-50.194536,-83.300354
30.3,-50.188113,-83.356781
30.308,-50.234618,-83.454667
30.317,-50.224619,-83.489533
30.325,-50.215414,-83.52385
30.333,-50.205223,-83.572372
30.342,-50.163364,-83.671173
30.35,-50.133883,-83.64209
30.358,-50.152765,-83.739991
30.367,-50.134943,-83.779007
30.375,-50.097704,-83.897355
30.383,-50.035473,-83.944229
30.392,-50.031391,-84.015854
30.4,-50.031568,-84.064255
30.408,-49.995397,-84.091949
30.417,-49.99306,-84.13678
30.425,-49.970798,-84.176635
30.433,-49.961279,-84.203384
30.442,-50.002824,-84.291107
30.45,-49.989725,-84.315963
30.458,-49.971402,-84.365982
30.467,-49.899504,-84.414154
30.475,-49.893227,-84.480514
30.483,-49.951278,-84.548629
30.492,-49.874823,-84.611695
30.5,-49.870646,-84.766434
30.508,-49.899327,-84.801101
30.517,-49.882467,-84.853653
30.525,-49.810541,-84.853516
30.533,-49.725281,-84.970322
30.542,-49.680624,-85.014679
30.55,-49.612515,-85.115311
30.558,-49.588461,-85.203613
30.567,-49.571869,-85.30542
30.575,-49.546129,-85.431167
30.583,-49.511816,-85.634292
30.592,-49.489406,-85.770813
30.6,-49.396833,-85.959351
30.608,-49.344473,-86.138183
30.617,-49.266939,-86.203796
30.625,-49.248848,-86.317093
30.633,-49.182116,-86.369095
30.642,-49.053846,-86.584931
30.65,-49.022747,-86.686096
30.658,-48.975193,-86.797806
30.667,-48.876745,-86.97052
30.675,-48.834187,-87.064865
30.683,-48.784784,-87.170853
30.692,-48.737034,-87.344895
30.7,-48.701294,-87.391937
30.708,-48.634563,-87.486313
30.717,-48.585492,-87.495468
30.725,-48.569692,-87.551148
30.733,-48.535345,-87.644806
30.742,-48.478954,-87.753845
30.75,-48.477188,-87.838974
30.758,-48.482729,-87.918274
30.767,-48.478905,-87.971115
30.775,-48.493359,-88.031326
30.783,-48.482163,-88.03392
30.792,-48.472504,-88.024658
30.8,-48.460632,-88.017364
30.808,-48.437157,-87.986207
30.817,-48.457111,-88.042221
30.825,-48.439125,-88.057327
30.833,-48.443436,-88.200653
30.842,-48.451473,-88.26207
30.85,-48.459671,-88.318558
30.858,-48.465307,-88.364533
30.867,-48.435478,-88.394043
30.875,-48.422962,-88.402725
30.883,-48.378501,-88.458405
30.892,-48.36229,-88.479843
30.9,-48.34627,-88.523758
30.908,-48.335249,-88.588517
30.917,-48.304426,-88.738189
30.925,-48.303265,-88.83841
30.933,-48.288971,-88.929642
30.942,-48.261353,-89.026489
30.95,-48.22164,-89.12413
30.958,-48.14929,-89.145584
30.967,-48.101049,-89.161713
30.975,-48.008759,-89.175888
30.983,-47.94983,-89.274398
30.992,-47.925127,-89.354568
31,-47.893766,-89.51506
31.008,-47.862528,-89.670441
31.017,-47.844032,-89.724304
31.025,-47.823479,-89.829773
31.033,-47.725577,-89.922226
31.042,-47.675705,-90.06189
31.05,-47.638506,-90.140228
31.058,-47.574812,-90.26088
31.067,-47.549778,-90.307907
31.075,-47.495032,-90.504059
31.083,-47.456026,-90.546203
31.092,-47.429354,-90.690933
31.1,-47.311428,-90.893219
31.108,-47.233217,-90.974182
31.117,-47.173347,-91.158554
31.125,-47.114654,-91.321899
31.133,-47.067199,-91.441651
31.142,-47.009295,-91.572159
31.15,-46.900558,-91.710816
31.158,-46.852409,-91.823166
31.167,-46.75817,-92.051484
31.175,-46.719412,-92.137268
31.183,-46.664367,-92.267822
31.192,-46.548853,-92.425201
31.2,-46.464672,-92.522492
31.208,-46.40737,-92.717392
31.217,-46.318668,-92.844528
31.225,-46.248243,-92.915451
31.233,-46.224041,-92.975388
31.242,-46.122965,-93.0578
31.25,-46.050671,-93.220917
31.258,-46.00675,-93.393127
31.267,-45.955694,-93.511399
31.275,-45.874284,-93.605759
31.283,-45.89929,-93.720032
31.292,-45.871639,-93.782257
31.3,-45.720095,-93.844803
31.308,-45.705605,-93.916214
31.317,-45.674761,-93.954223
31.325,-45.615781,-94.052246
31.333,-45.574636,-94.198639
31.342,-45.532306,-94.234131
31.35,-45.511134,-94.336853
31.358,-45.518766,-94.501755
31.367,-45.469907,-94.642014
31.375,-45.473532,-94.689316
31.383,-45.450512,-94.742951
31.392,-45.410261,-94.783509
31.4,-45.331928,-94.821243
31.408,-45.282354,-94.942429
31.417,-45.230477,-95.061249
31.425,-45.183536,-95.131958
31.433,-45.132717,-95.168365
31.442,-45.107016,-95.261597
31.45,-45.060786,-95.452286
31.458,-45.044159,-95.542862
31.467,-45.01191,-95.639145
31.475,-44.930796,-95.72792
31.483,-44.819765,-95.889648
31.492,-44.798264,-95.944992
31.5,-44.740416,-95.97937
31.508,-44.702062,-96.04773
31.517,-44.649134,-96.2099
31.525,-44.518589,-96.241928
31.533,-44.497005,-96.314362
31.542,-44.44357,-96.383896
31.55,-44.381056,-96.502899
31.558,-44.330413,-96.660858
31.567,-44.290499,-96.728393
31.575,-44.276617,-96.788025
31.583,-44.189337,-96.845565
31.592,-44.118544,-96.870956
31.6,-44.051796,-97.069214
31.608,-44.021465,-97.140397
31.617,-44.010216,-97.203415
31.625,-43.982215,-97.269211
31.633,-43.914928,-97.286728
31.642,-43.80439,-97.413498
31.65,-43.745419,-97.461792
31.658,-43.725315,-97.587998
31.667,-43.691136,-97.679199
31.675,-43.711562,-97.824966
31.683,-43.60514,-97.896728
31.692,-43.622122,-98.0495
31.7,-43.60112,-98.136017
31.708,-43.460073,-98.257065
31.717,-43.418951,-98.342224
31.725,-43.357925,-98.420623
31.733,-43.334593,-98.566071
31.742,-43.272276,-98.595017
31.75,-43.208187,-98.725586
31.758,-43.088963,-98.78505
31.767,-43.086733,-98.887986
31.775,-43.03088,-98.961044
31.783,-42.963928,-99.107407
31.792,-42.930451,-99.170563
31.8,-42.873703,-99.265167
31.808,-42.83456,-99.322723
31.817,-42.723912,-99.348678
31.825,-42.725937,-99.475555
31.833,-42.690968,-99.554123
31.842,-42.657253,-99.626236
31.85,-42.670135,-99.73529
31.858,-42.606399,-99.857666
31.867,-42.529118,-99.89354
31.875,-42.482841,-99.944993
31.883,-42.393257,-99.950958
31.892,-42.364475,-99.992355
31.9,-42.331639,-100.048431
31.908,-42.323166,-100.082489
31.917,-42.271805,-100.148392
31.925,-42.211499,-100.310364
31.933,-42.15746,-100.413193
31.942,-42.131722,-100.51065
31.95,-42.081894,-100.524734
31.958,-42.013576,-100.519958
31.967,-41.957111,-100.629074
31.975,-41.944416,-100.761856
31.983,-41.91,-100.81369
31.992,-41.857723,-100.844513
32,-41.851555,-100.882538
32.008,-41.740227,-101.061523
32.017,-41.688953,-101.209915
32.025,-41.592552,-101.221573
32.033,-41.597226,-101.312851
32.042,-41.537636,-101.500869
32.05,-41.477691,-101.584305
32.058,-41.435883,-101.705475
32.067,-41.279091,-101.702881
32.075,-41.229114,-101.882019
32.083,-41.200317,-102.042664
32.092,-41.111721,-102.093033
32.1,-40.973396,-102.197067
32.108,-40.90752,-102.294815
32.117,-40.847973,-102.48848
32.125,-40.732936,-102.547333
32.133,-40.665954,-102.704345
32.142,-40.53788,-102.803344
32.15,-40.461125,-102.963577
32.158,-40.372768,-103.164489
32.167,-40.238983,-103.280884
32.175,-40.118866,-103.348205
32.183,-40.086262,-103.513062
32.192,-39.949891,-103.639771
32.2,-39.827717,-103.717117
32.208,-39.747078,-103.837494
32.217,-39.66621,-103.950241
32.225,-39.550228,-104.193924
32.233,-39.433266,-104.3293
32.242,-39.342178,-104.463028
32.25,-39.238968,-104.613236
32.258,-39.073563,-104.741883
32.267,-39.00716,-104.902436
32.275,-38.900131,-105.043533
32.283,-38.620304,-105.007767
32.292,-38.637447,-105.405289
32.3,-38.519474,-105.560119
32.308,-38.370559,-105.762878
32.317,-38.204109,-105.977035
32.325,-38.116016,-106.207932
32.333,-37.958805,-106.315354
32.342,-37.806,-106.587585
32.35,-37.617805,-106.74356
32.358,-37.511223,-106.82428
32.367,-37.38094,-107.09253
32.375,-37.197201,-107.172241
32.383,-37.070545,-107.398559
32.392,-36.923744,-107.586136
32.4,-36.7337,-107.793076
32.408,-36.593338,-107.939148
32.417,-36.391571,-108.120118
32.425,-36.378018,-108.410568
32.433,-36.116943,-108.4263
32.442,-36.018875,-108.740235
32.45,-35.790684,-108.801345
32.458,-35.640404,-108.938553
32.467,-35.437439,-109.154388
32.475,-35.312779,-109.302414
32.483,-35.198318,-109.603683
32.492,-35.05209,-109.715026
32.5,-34.94635,-109.784469
32.508,-34.78524,-109.996658
32.517,-34.619613,-110.084183
32.525,-34.548386,-110.279831
32.533,-34.468079,-110.49971
32.542,-34.333664,-110.617706
32.55,-34.26326,-110.750061
32.558,-34.111191,-110.872451
32.567,-33.985127,-110.959641
32.575,-33.80299,-111.150101
32.583,-33.817726,-111.336792
32.592,-33.639573,-111.351471
32.6,-33.540119,-111.467133
32.608,-33.459706,-111.703369
32.617,-33.153358,-111.504379
32.625,-33.198242,-111.917953
32.633,-33.075085,-111.989228
32.642,-32.950825,-112.251801
32.65,-32.880421,-112.371337
32.658,-32.767445,-112.539124
32.667,-32.605408,-112.571442
32.675,-32.495559,-112.753266
32.683,-32.332146,-112.8806
32.692,-32.034691,-112.668701
32.7,-32.123963,-113.214386
32.708,-31.934799,-113.348603
32.717,-31.768112,-113.48732
32.725,-31.615544,-113.581879
32.733,-31.486614,-113.793045
32.742,-31.243245,-113.895218
32.75,-31.19661,-114.014724
32.758,-30.975921,-114.210099
32.767,-30.85128,-114.339814
32.775,-30.694073,-114.430801
32.783,-30.444686,-114.621811
32.792,-30.315296,-114.748092
32.8,-30.078983,-114.933976
32.808,-29.975964,-115.031677
32.817,-29.801048,-115.17598
32.825,-29.630455,-115.297104
32.833,-29.458816,-115.345138
32.842,-29.38105,-115.412979
32.85,-29.236679,-115.509354
32.858,-29.062592,-115.667984
32.867,-28.984691,-115.74971
32.875,-28.870087,-115.897797
32.883,-28.673039,-116.025467
32.892,-28.609581,-116.095398
32.9,-28.516793,-116.222702
32.908,-28.452888,-116.287049
32.917,-28.334793,-116.319061
32.925,-28.244152,-116.443924
32.933,-28.166134,-116.559357
32.942,-28.108444,-116.61612
32.95,-28.062165,-116.73993
32.958,-27.966843,-116.816071
32.967,-27.839569,-116.876144
32.975,-27.777886,-116.946762
32.983,-27.719513,-117.110214
32.992,-27.629524,-117.244293
33,-27.527859,-117.38121
33.008,-27.562847,-117.480072
33.017,-27.467911,-117.484238
33.025,-27.411328,-117.583694
33.033,-27.254245,-117.777145
33.042,-27.155189,-117.849778
33.05,-26.970676,-118.01854
33.058,-26.92059,-118.171311
33.067,-26.635098,-118.341491
33.075,-26.547226,-118.427567
33.083,-26.391567,-118.594498
33.092,-26.1856,-118.655746
33.1,-26.086163,-118.766754
33.108,-25.920707,-118.87204
33.117,-25.746547,-118.997528
33.125,-25.552494,-119.105255
33.133,-25.363102,-119.306656
33.142,-25.139393,-119.393921
33.15,-25.048363,-119.641495
33.158,-24.801568,-119.670685
33.167,-24.644882,-119.783341
33.175,-24.533348,-119.90683
33.183,-24.311477,-119.968018
33.192,-24.238133,-120.078492
33.2,-24.072129,-120.130035
33.208,-23.871662,-120.190338
33.217,-23.809983,-120.356125
33.225,-23.640671,-120.517379
33.233,-23.559452,-120.576401
33.242,-23.396034,-120.609436
33.25,-23.320808,-120.619613
33.258,-23.271133,-120.751053
33.267,-23.231579,-120.734619
33.275,-23.176475,-120.823654
33.283,-23.128998,-120.916428
33.292,-23.023777,-120.934921
33.3,-22.891147,-120.966782
33.308,-22.930721,-121.136475
33.317,-22.868657,-121.24208
33.325,-22.799916,-121.261582
33.333,-22.762413,-121.348221
33.342,-22.73922,-121.414169
33.35,-22.613976,-121.457092
33.358,-22.547546,-121.57251
33.367,-22.489479,-121.620361
33.375,-22.425778,-121.72937
33.383,-22.223534,-121.794968
33.392,-22.097286,-121.880859
33.4,-21.913093,-122.160339
33.408,-21.786408,-122.22905
33.417,-21.670406,-122.36174
33.425,-21.459713,-122.549012
33.433,-21.280422,-122.570267
33.442,-21.052642,-122.79573
33.45,-20.791218,-122.820206
33.458,-20.601791,-123.074219
33.467,-20.36369,-123.12561
33.475,-20.230534,-123.43547
33.483,-19.976318,-123.472489
33.492,-19.727185,-123.682815
33.5,-19.553184,-123.678085
33.508,-19.406876,-123.863892
33.517,-19.141052,-123.948044
33.525,-18.810066,-124.055542
33.533,-18.691791,-124.155335
33.542,-18.408829,-124.283935
33.55,-18.248252,-124.381516
33.558,-17.925694,-124.481979
33.567,-17.826679,-124.624619
33.575,-17.568745,-124.700515
33.583,-17.385082,-124.902862
33.592,-17.212628,-124.961167
33.6,-17.063644,-124.958069
33.608,-16.874779,-125.124313
33.617,-16.757618,-125.213546
33.625,-16.660782,-125.219452
33.633,-16.509098,-125.325561
33.642,-16.471939,-125.395126
33.65,-16.373367,-125.48439
33.658,-16.292866,-125.43637
33.667,-16.3027,-125.496582
33.675,-16.274174,-125.524643
33.683,-16.204582,-125.533371
33.692,-16.178112,-125.664429
33.7,-16.154465,-125.689865
33.708,-16.121658,-125.729599
33.717,-16.104668,-125.762771
33.725,-16.123436,-125.818969
33.733,-16.09948,-125.84372
33.742,-16.01323,-125.822861
33.75,-15.997436,-125.919312
33.758,-15.953269,-125.951584
33.767,-15.843181,-125.97876
33.775,-15.787185,-126.036652
33.783,-15.748329,-126.108307
33.792,-15.58982,-126.145142
33.8,-15.514537,-126.259872
33.808,-15.393963,-126.263641
33.817,-15.26949,-126.267379
33.825,-15.085354,-126.3844
33.833,-15.007358,-126.461289
33.842,-14.905731,-126.507294
33.85,-14.750061,-126.50943
33.858,-14.603229,-126.604599
33.867,-14.466885,-126.698777
33.875,-14.289578,-126.654053
33.883,-14.216931,-126.733306
33.892,-14.059078,-126.81041
33.9,-13.961353,-126.840164
33.908,-13.863929,-126.908753
33.917,-13.80629,-126.965561
33.925,-13.68433,-126.930329
33.933,-13.618553,-127.033386
33.942,-13.5266,-127.027862
33.95,-13.442482,-127.004059
33.958,-13.42781,-127.051209
33.967,-13.425655,-127.100326
33.975,-13.383621,-127.07367
33.983,-13.409382,-127.108979
33.992,-13.416485,-127.102798
34,-13.420834,-127.100341
34.008,-13.389908,-127.075516
34.017,-13.38295,-127.089218
34.025,-13.33577,-127.189697
34.033,-13.324772,-127.20874
34.042,-13.30571,-127.229218
34.05,-13.297795,-127.296722
34.058,-13.291,-127.306182
34.067,-13.282196,-127.314438
34.075,-13.27486,-127.273193
34.083,-13.267746,-127.291092
34.092,-13.294098,-127.387604
34.1,-13.185135,-127.335648
34.108,-13.152225,-127.353622
34.117,-13.131061,-127.435272
34.125,-13.023132,-127.526657
34.133,-12.93478,-127.525604
34.142,-12.903465,-127.580047
34.15,-12.795574,-127.665084
34.158,-12.715813,-127.816376
34.167,-12.616112,-127.866027
34.175,-12.544254,-127.930389
34.183,-12.412941,-127.946183
34.192,-12.270027,-127.992981
34.2,-12.170036,-128.080215
34.208,-12.033584,-128.096192
34.217,-11.898575,-128.098724
34.225,-11.796272,-128.181595
34.233,-11.576958,-128.263977
34.242,-11.488518,-128.331909
34.25,-11.416794,-128.399414
34.258,-11.284775,-128.353424
34.267,-11.168464,-128.415481
34.275,-11.075684,-128.492462
34.283,-10.982964,-128.476287
34.292,-10.910217,-128.509323
34.3,-10.847023,-128.536622
34.308,-10.805641,-128.550659
34.317,-10.768433,-128.563675
34.325,-10.743751,-128.567612
34.333,-10.69387,-128.622468
34.342,-10.68676,-128.623123
34.35,-10.678955,-128.632202
34.358,-10.676964,-128.639404
34.367,-10.659324,-128.62146
34.375,-10.686951,-128.658753
34.383,-10.700981,-128.739182
34.392,-10.737984,-128.607727
34.4,-10.749267,-128.685684
34.408,-10.76686,-128.69899
34.417,-10.771614,-128.710343
34.425,-10.772316,-128.716919
34.433,-10.77356,-128.722229
34.442,-10.744865,-128.784653
34.45,-10.739425,-128.783279
34.458,-10.736137,-128.789123
34.467,-10.759094,-128.789718
34.475,-10.651512,-128.856293
34.483,-10.589645,-128.830063
34.492,-10.50322,-128.899795
34.5,-10.460945,-129.004868
34.508,-10.406448,-129.028274
34.517,-10.305152,-129.029342
34.525,-10.211006,-128.964478
34.533,-10.145088,-128.993576
34.542,-10.041771,-129.150467
34.55,-9.978233,-129.153717
34.558,-9.79454,-129.190078
34.567,-9.771851,-129.246994
34.575,-9.610778,-129.309692
34.583,-9.539848,-129.3432
34.592,-9.43087,-129.280442
34.6,-9.36245,-129.381821
34.608,-9.227501,-129.436203
34.617,-9.110069,-129.506744
34.625,-9.028892,-129.517853
34.633,-8.921325,-129.534698
34.642,-8.842506,-129.559677
34.65,-8.742089,-129.630249
34.658,-8.593147,-129.627778
34.667,-8.48896,-129.718979
34.675,-8.414612,-129.755783
34.683,-8.357537,-129.815063
34.692,-8.232529,-129.830948
34.7,-8.078568,-129.894394
34.708,-7.991425,-129.974228
34.717,-7.892097,-129.963699
34.725,-7.783997,-130.052368
34.733,-7.700714,-130.075256
34.742,-7.5793,-130.151199
34.75,-7.431877,-130.184586
34.758,-7.326157,-130.214645
34.767,-7.215507,-130.320953
34.775,-7.041122,-130.286454
34.783,-6.864891,-130.385849
34.792,-6.676995,-130.455536
34.8,-6.557098,-130.53572
34.808,-6.326462,-130.565872
34.817,-6.152946,-130.705749
34.825,-5.961319,-130.674683
34.833,-5.821868,-130.800522
34.842,-5.622452,-130.786743
34.85,-5.490708,-130.820434
34.858,-5.356629,-130.885498
34.867,-5.236259,-130.997162
34.875,-5.167618,-131.011062
34.883,-5.086044,-130.97998
34.892,-5.010429,-130.921753
34.9,-5.016586,-130.911972
34.908,-5.063972,-130.904908
34.917,-5.103187,-130.887879
34.925,-5.185151,-130.875412
34.933,-5.257141,-130.857041
34.942,-5.387527,-130.819214
34.95,-5.479431,-130.805023
34.958,-5.625503,-130.672272
34.967,-5.785378,-130.658753
34.975,-5.95372,-130.653274
34.983,-6.084946,-130.59552
34.992,-6.248756,-130.518738
35,-6.378029,-130.494979
35.008,-6.518753,-130.492554
35.017,-6.706269,-130.52591
35.025,-6.855423,-130.434311
35.033,-6.936508,-130.489471
35.042,-7.005867,-130.521027
35.05,-7.020203,-130.597458
35.058,-6.981422,-130.651168
35.067,-6.986886,-130.590149
35.075,-6.934562,-130.529159
35.083,-6.906875,-130.546204
35.092,-6.925453,-130.623261
35.1,-6.84188,-130.766343
35.108,-6.761734,-130.731263
35.117,-6.666816,-130.72818
35.125,-6.595848,-130.74353
35.133,-6.454025,-130.74411
35.142,-6.470345,-130.811325
35.15,-6.156967,-130.708954
35.158,-6.090111,-130.726349
35.167,-6.039879,-130.737335
35.175,-6.001373,-130.745362
35.183,-5.972671,-130.737671
35.192,-5.902016,-130.742355
35.2,-5.887017,-130.662323
35.208,-5.914917,-130.729966
35.217,-5.941765,-130.684524
35.225,-5.948799,-130.686188
35.233,-5.948586,-130.642105
35.242,-5.971024,-130.623963
35.25,-6.008622,-130.611847
35.258,-6.077484,-130.613907
35.267,-6.116264,-130.605789
35.275,-6.150894,-130.605041
35.283,-6.220985,-130.550827
35.292,-6.282127,-130.580841
35.3,-6.304962,-130.584076
35.308,-6.336457,-130.590714
35.317,-6.365883,-130.588379
35.325,-6.411049,-130.616409
35.333,-6.408005,-130.575393
35.342,-6.45575,-130.670075
35.35,-6.434242,-130.640198
35.358,-6.453178,-130.68341
35.367,-6.453339,-130.685669
35.375,-6.451622,-130.685166
35.383,-6.451011,-130.688354
35.392,-6.444572,-130.688248
35.4,-6.432312,-130.684678
35.408,-6.417618,-130.691666
35.417,-6.398751,-130.693237
35.425,-6.373985,-130.700348
35.433,-6.298187,-130.717102
35.442,-6.322532,-130.706939
35.45,-6.304909,-130.602295
35.458,-6.354004,-130.650772
35.467,-6.353958,-130.645829
35.475,-6.341049,-130.637039
35.483,-6.399971,-130.649735
35.492,-6.368073,-130.616425
35.5,-6.372742,-130.608139
35.508,-6.379799,-130.598678
35.517,-6.386329,-130.512817
35.525,-6.433914,-130.587372
35.533,-6.452331,-130.588608
35.542,-6.496696,-130.668518
35.55,-6.49633,-130.636307
35.558,-6.55478,-130.665955
35.567,-6.6007,-130.655762
35.575,-6.657707,-130.631485
35.583,-6.752144,-130.570373
35.592,-6.838135,-130.60379
35.6,-6.895645,-130.595489
35.608,-6.959206,-130.57811
35.617,-7.101288,-130.530701
35.625,-7.200279,-130.510925
35.633,-7.318168,-130.446045
35.642,-7.35939,-130.337723
35.65,-7.482232,-130.291901
35.658,-7.60878,-130.307693
35.667,-7.745507,-130.219741
35.675,-7.860451,-130.186767
35.683,-8.07505,-130.042617
35.692,-8.243729,-129.979858
35.7,-8.397323,-129.864197
35.708,-8.659539,-129.912155
35.717,-8.907981,-129.796921
35.725,-8.96064,-129.678208
35.733,-9.174698,-129.609696
35.742,-9.436486,-129.604858
35.75,-9.597496,-129.43872
35.758,-9.758369,-129.366303
35.767,-10.049126,-129.321807
35.775,-10.19548,-129.176712
35.783,-10.379417,-129.182694
35.792,-10.655411,-129.071121
35.8,-10.814613,-129.01387
35.808,-11.124443,-128.943771
35.817,-11.296105,-128.846802
35.825,-11.49646,-128.794464
35.833,-11.58181,-128.737732
35.842,-11.719085,-128.710892
35.85,-11.890381,-128.628341
35.858,-12.106506,-128.522965
35.867,-12.305268,-128.510864
35.875,-12.561455,-128.530899
35.883,-12.653038,-128.451767
35.892,-12.791107,-128.378937
35.9,-12.929169,-128.320816
35.908,-13.014816,-128.297562
35.917,-13.114677,-128.27768
35.925,-13.184193,-128.244293
35.933,-13.263127,-128.202972
35.942,-13.313026,-128.061859
35.95,-13.428612,-128.05011
35.958,-13.520176,-128.064636
35.967,-13.467167,-127.998657
35.975,-13.619888,-127.966171
35.983,-13.583012,-127.933639
35.992,-13.646431,-127.892761
36,-13.67754,-127.870499
36.008,-13.662011,-127.831925
36.017,-13.643418,-127.777282
36.025,-13.666584,-127.763916
36.033,-13.739776,-127.733948
36.042,-13.787532,-127.6931
36.05,-13.807808,-127.63855
36.058,-13.863884,-127.603897
36.067,-13.974388,-127.521103
36.075,-14.084236,-127.526367
36.083,-14.22644,-127.456055
36.092,-14.294083,-127.361435
36.1,-14.443371,-127.353836
36.108,-14.57389,-127.320709
36.117,-14.653339,-127.251938
36.125,-14.793553,-127.160659
36.133,-14.999276,-127.069657
36.142,-15.13237,-127.003784
36.15,-15.342873,-126.94542
36.158,-15.530476,-126.820404
36.167,-15.739457,-126.792877
36.175,-15.884907,-126.641815
36.183,-16.108471,-126.605453
36.192,-16.245446,-126.495224
36.2,-16.418156,-126.380097
36.208,-16.60157,-126.326355
36.217,-16.785801,-126.27945
36.225,-16.941361,-126.20308
36.233,-17.112946,-126.119889
36.242,-17.187047,-126.043136
36.25,-17.301163,-126.049988
36.258,-17.45866,-125.972259
36.267,-17.515778,-125.884094
36.275,-17.612987,-125.801117
36.283,-17.656586,-125.747116
36.292,-17.701793,-125.725495
36.3,-17.766048,-125.760482
36.308,-17.833572,-125.765595
36.317,-17.86071,-125.746337
36.325,-17.882858,-125.728729
36.333,-17.920246,-125.706131
36.342,-17.96141,-125.64746
36.35,-17.983089,-125.633927
36.358,-18.003887,-125.616012
36.367,-18.018391,-125.596131
36.375,-18.079097,-125.526062
36.383,-18.089096,-125.431839
36.392,-18.175579,-125.48378
36.4,-18.210075,-125.437088
36.408,-18.265828,-125.363617
36.417,-18.311394,-125.324005
36.425,-18.303516,-125.316986
36.433,-18.376679,-125.212463
36.442,-18.472568,-125.301529
36.45,-18.554451,-125.204498
36.458,-18.657322,-125.095672
36.467,-18.727119,-125.016998
36.475,-18.929516,-124.990113
36.483,-18.975056,-124.860138
36.492,-19.086327,-124.786469
36.5,-19.270218,-124.801132
36.508,-19.422161,-124.615341
36.517,-19.543362,-124.520295
36.525,-19.719768,-124.511002
36.533,-19.922931,-124.423844
36.542,-20.085251,-124.337982
36.55,-20.266689,-124.202011
36.558,-20.433624,-124.10643
36.567,-20.65155,-124.018372
36.575,-20.832729,-123.878265
36.583,-21.066044,-123.79039
36.592,-21.233227,-123.657425
36.6,-21.437889,-123.505691
36.608,-21.591545,-123.425247
36.617,-21.779244,-123.360779
36.625,-21.928001,-123.316361
36.633,-22.040267,-123.164505
36.642,-22.251965,-123.032517
36.65,-22.429267,-122.967712
36.658,-22.56366,-122.796601
36.667,-22.705238,-122.667816
36.675,-22.834957,-122.672532
36.683,-22.97776,-122.550308
36.692,-23.023945,-122.542617
36.7,-23.151097,-122.357528
36.708,-23.308625,-122.40802
36.717,-23.361103,-122.355102
36.725,-23.39922,-122.161865
36.733,-23.476425,-122.146653
36.742,-23.521965,-122.075882
36.75,-23.658112,-122.13594
36.758,-23.673909,-122.047135
36.767,-23.663204,-121.889404
36.775,-23.679524,-121.815247
36.783,-23.707154,-121.786895
36.792,-23.709786,-121.674073
36.8,-23.758103,-121.678741
36.808,-23.767323,-121.666245
36.817,-23.804268,-121.64798
36.825,-23.850372,-121.690872
36.833,-23.857517,-121.680465
36.842,-23.831688,-121.643601
36.85,-23.858738,-121.672119
36.858,-23.836216,-121.63324
36.867,-23.843445,-121.623093
36.875,-23.85532,-121.606476
36.883,-23.902393,-121.662613
36.892,-23.941254,-121.540146
36.9,-24.008834,-121.487762
36.908,-24.023068,-121.496292
36.917,-24.036873,-121.422349
36.925,-24.022187,-121.351181
36.933,-24.020977,-121.291412
36.942,-24.148178,-121.222916
36.95,-24.224472,-121.235611
36.958,-24.255425,-121.111282
36.967,-24.370415,-121.153519
36.975,-24.381408,-120.931564
36.983,-24.535458,-120.893524
36.992,-24.65651,-120.824372
37,-24.700454,-120.733292
37.008,-24.746033,-120.652832
37.017,-24.91108,-120.580093
37.025,-25.034813,-120.487839
37.033,-25.139603,-120.472839
37.042,-25.286495,-120.485031
37.05,-25.347367,-120.340653
37.058,-25.463058,-120.165252
37.067,-25.665226,-120.152786
37.075,-25.791416,-120.166306
37.083,-25.848129,-119.936127
37.092,-25.997757,-119.838959
37.1,-26.101571,-119.775055
37.108,-26.212467,-119.795334
37.117,-26.318112,-119.689103
37.125,-26.478176,-119.598541
37.133,-26.48539,-119.465317
37.142,-26.590164,-119.488144
37.15,-26.694271,-119.416458
37.158,-26.862606,-119.321213
37.167,-26.956207,-119.210587
37.175,-26.966461,-119.048782
37.183,-27.160572,-119.085068
37.192,-27.238876,-118.974762
37.2,-27.302704,-118.823242
37.208,-27.344989,-118.729874
37.217,-27.511848,-118.780823
37.225,-27.609485,-118.6651
37.233,-27.681633,-118.605117
37.242,-27.688598,-118.45224
37.25,-27.849282,-118.409592
37.258,-27.989952,-118.32785
37.267,-28.048111,-118.280624
37.275,-28.062386,-118.177597
37.283,-28.105793,-118.087723
37.292,-28.259537,-118.0056
37.3,-28.365814,-118.021362
37.308,-28.414146,-117.865768
37.317,-28.412838,-117.791915
37.325,-28.548458,-117.672134
37.333,-28.601082,-117.65863
37.342,-28.729454,-117.51535
37.35,-28.799144,-117.507721
37.358,-28.960189,-117.377746
37.367,-28.959416,-117.237763
37.375,-29.087197,-117.049102
37.383,-29.057506,-116.946015
37.392,-29.275364,-116.857803
37.4,-29.352401,-116.780686
37.408,-29.449268,-116.6725
37.417,-29.567356,-116.525497
37.425,-29.70248,-116.478439
37.433,-29.781609,-116.361618
37.442,-29.959343,-116.183106
37.45,-30.088585,-116.144394
37.458,-30.231548,-115.831237
37.467,-30.390423,-115.75914
37.475,-30.532097,-115.565124
37.483,-30.722183,-115.447113
37.492,-30.826863,-115.355194
37.5,-31.045483,-115.199829
37.508,-31.14983,-115.026047
37.517,-31.313546,-114.829895
37.525,-31.499905,-114.786453
37.533,-31.705917,-114.526459
37.542,-31.835712,-114.362335
37.55,-32.030857,-114.183273
37.558,-32.225208,-114.006287
37.567,-32.414009,-113.899948
37.575,-32.553761,-113.728913
37.583,-32.715851,-113.47905
37.592,-32.985092,-113.478561
37.6,-33.064305,-113.257934
37.608,-33.262909,-113.081741
37.617,-33.460656,-113.05011
37.625,-33.660293,-112.820251
37.633,-33.719776,-112.648453
37.642,-33.973995,-112.568939
37.65,-34.075695,-112.31395
37.658,-34.286927,-112.15242
37.667,-34.446347,-111.996964
37.675,-34.61908,-111.824417
37.683,-34.707066,-111.724503
37.692,-34.780205,-111.613723
37.7,-34.896026,-111.177048
37.708,-35.095253,-111.308533
37.717,-35.13884,-111.175018
37.725,-35.313564,-111.068024
37.733,-35.407398,-111.034713
37.742,-35.502468,-110.913864
37.75,-35.540123,-110.704223
37.758,-35.687385,-110.70929
37.767,-35.695827,-110.62529
37.775,-35.728142,-110.589997
37.783,-35.766326,-110.598511
37.792,-35.773319,-110.569488
37.8,-35.781235,-110.464111
37.808,-35.796132,-110.530716
37.817,-35.770229,-110.576141
37.825,-35.763111,-110.601685
37.833,-35.728328,-110.5755
37.842,-35.704701,-110.592712
37.85,-35.709316,-110.645096
37.858,-35.623584,-110.665604
37.867,-35.572536,-110.609192
37.875,-35.54427,-110.728455
37.883,-35.420063,-110.713501
37.892,-35.391391,-110.856781
37.9,-35.329445,-110.834671
37.908,-35.21225,-110.837662
37.917,-35.171791,-110.807327
37.925,-35.15094,-110.805481
37.933,-35.083954,-110.756561
37.942,-35.07188,-110.749283
37.95,-35.067692,-110.734558
37.958,-35.06913,-110.712295
37.967,-35.123833,-110.611054
37.975,-35.173523,-110.475388
37.983,-35.21793,-110.46878
37.992,-35.254154,-110.414184
38,-35.311699,-110.301041
38.008,-35.387638,-110.237671
38.017,-35.476754,-110.100143
38.025,-35.606461,-109.977875
38.033,-35.729549,-109.86908
38.042,-35.856339,-109.743073
38.05,-36.024216,-109.548599
38.058,-36.107788,-109.386704
38.067,-36.244324,-109.36705
38.075,-36.367428,-109.117356
38.083,-36.590893,-109.007812
38.092,-36.692134,-108.958267
38.1,-36.854134,-108.830368
38.108,-37.016987,-108.784348
38.117,-37.067616,-108.613205
38.125,-37.1572,-108.551849
38.133,-37.245785,-108.498337
38.142,-37.360886,-108.468048
38.15,-37.440578,-108.357025
38.158,-37.470932,-108.25621
38.167,-37.603359,-108.120255
38.175,-37.674038,-108.0793
38.183,-37.751411,-108.031967
38.192,-37.822582,-107.979477
38.2,-37.791336,-107.949631
38.208,-37.72702,-107.717072
38.217,-37.861507,-107.701142
38.225,-37.936653,-107.648651
38.233,-37.978863,-107.547409
38.242,-37.98497,-107.450501
38.25,-38.088749,-107.456543
38.258,-38.096736,-107.332199
38.267,-38.133102,-107.213806
38.275,-38.17825,-107.211517
38.283,-38.201313,-107.169357
38.292,-38.19928,-107.054565
38.3,-38.238552,-106.988556
38.308,-38.303287,-106.950973
38.317,-38.327488,-106.902206
38.325,-38.399925,-106.880356
38.333,-38.410404,-106.783371
38.342,-38.42675,-106.718582
38.35,-38.45454,-106.687271
38.358,-38.453723,-106.616943
38.367,-38.49382,-106.538772
38.375,-38.619915,-106.504868
38.383,-38.653358,-106.429245
38.392,-38.672398,-106.33699
38.4,-38.757114,-106.324646
38.408,-38.776657,-106.271591
38.417,-38.837128,-106.284699
38.425,-38.908966,-106.236374
38.433,-38.951653,-106.157822
38.442,-38.998745,-106.019745
38.45,-39.044525,-105.903
38.458,-39.157859,-105.816437
38.467,-39.263351,-105.662445
38.475,-39.242851,-105.425934
38.483,-39.386165,-105.536255
38.492,-39.4543,-105.549545
38.5,-39.566902,-105.484955
38.508,-39.579017,-105.274887
38.517,-39.547863,-104.929001
38.525,-39.83636,-104.992279
38.533,-39.908436,-104.807465
38.542,-40.04364,-104.68689
38.55,-40.154487,-104.501937
38.558,-40.206292,-104.380844
38.567,-40.308719,-104.256623
38.575,-40.40237,-104.043762
38.583,-40.640705,-103.869674
38.592,-40.737892,-103.653061
38.6,-40.794438,-103.500473
38.608,-40.820091,-103.340637
38.617,-40.923919,-103.239197
38.625,-41.018101,-103.11943
38.633,-41.093205,-103.041046
38.642,-41.221478,-102.938568
38.65,-41.323216,-102.83699
38.658,-41.463887,-102.680999
38.667,-41.60936,-102.600921
38.675,-41.572826,-102.420578
38.683,-41.616592,-102.350571
38.692,-41.673222,-102.28685
38.7,-41.735458,-102.279571
38.708,-41.816475,-102.16803
38.717,-41.829521,-102.065262
38.725,-41.864971,-102.021424
38.733,-41.97815,-102.038163
38.742,-41.970333,-101.921662
38.75,-42.044579,-101.891586
38.758,-42.080646,-101.698136
38.767,-42.109002,-101.630112
38.775,-42.128437,-101.483047
38.783,-42.179524,-101.511932
38.792,-42.195087,-101.437027
38.8,-42.217785,-101.395706
38.808,-42.293403,-101.392822
38.817,-42.323353,-101.292176
38.825,-42.358093,-101.168457
38.833,-42.416901,-101.087937
38.842,-42.447704,-100.957473
38.85,-42.501781,-100.777755
38.858,-42.539608,-100.642304
38.867,-42.630478,-100.526459
38.875,-42.714798,-100.379135
38.883,-42.780865,-100.293396
38.892,-42.823048,-100.187912
38.9,-42.886547,-100.057876
38.908,-43.01241,-100.017227
38.917,-43.079438,-99.896378
38.925,-43.15118,-99.699158
38.933,-43.214575,-99.678131
38.942,-43.317523,-99.465027
38.95,-43.392315,-99.437835
38.958,-43.505142,-99.225525
38.967,-43.571221,-99.101745
38.975,-43.62617,-99.012009
38.983,-43.697788,-98.856949
38.992,-43.837332,-98.74321
39,-43.937391,-98.504685
39.008,-43.980528,-98.410508
39.017,-44.178078,-98.211304
39.025,-44.279112,-97.983383
39.033,-44.308161,-97.820023
39.042,-44.347492,-97.728653
39.05,-44.572735,-97.514236
39.058,-44.647148,-97.343491
39.067,-44.726765,-97.263077
39.075,-44.931231,-97.063217
39.083,-44.966423,-96.980102
39.092,-45.016634,-96.82817
39.1,-45.12249,-96.695114
39.108,-45.251288,-96.562836
39.117,-45.379587,-96.352768
39.125,-45.391981,-96.21199
39.133,-45.437338,-96.096512
39.142,-45.508808,-95.918457
39.15,-45.608048,-95.843811
39.158,-45.641136,-95.718963
39.167,-45.740568,-95.6333
39.175,-45.798092,-95.538819
39.183,-45.824133,-95.496719
39.192,-45.83328,-95.526764
39.2,-45.846747,-95.49826
39.208,-45.845737,-95.423004
39.217,-45.851481,-95.370697
39.225,-45.85533,-95.310806
39.233,-45.88702,-95.205002
39.242,-45.881245,-95.206009
39.25,-45.868856,-95.244003
39.258,-45.819795,-95.371064
39.267,-45.798334,-95.442856
39.275,-45.777719,-95.494156
39.283,-45.788645,-95.502579
39.292,-45.738016,-95.535309
39.3,-45.677626,-95.442062
39.308,-45.640289,-95.429245
39.317,-45.623792,-95.406387
39.325,-45.619995,-95.425262
39.333,-45.594324,-95.38057
39.342,-45.591774,-95.355759
39.35,-45.609272,-95.248093
39.358,-45.644135,-95.230957
39.367,-45.634926,-95.145065
39.375,-45.622688,-95.014694
39.383,-45.597694,-94.879318
39.392,-45.596634,-94.783738
39.4,-45.693024,-94.754257
39.408,-45.793018,-94.615463
39.417,-45.884664,-94.494857
39.425,-45.94515,-94.302185
39.433,-46.036932,-94.101807
39.442,-46.093135,-93.965409
39.45,-46.244987,-93.759323
39.458,-46.325197,-93.615387
39.467,-46.484576,-93.390168
39.475,-46.537907,-93.207504
39.483,-46.688174,-92.981201
39.492,-46.763841,-92.821716
39.5,-46.930799,-92.614304
39.508,-47.043419,-92.488205
39.517,-47.117607,-92.346405
39.525,-47.234749,-92.172867
39.533,-47.300125,-91.980179
39.542,-47.468201,-91.802521
39.55,-47.485428,-91.642777
39.558,-47.634637,-91.622223
39.567,-47.665672,-91.411255
39.575,-47.740046,-91.271912
39.583,-47.802267,-91.159225
39.592,-47.851894,-91.084564
39.6,-47.919382,-90.929306
39.608,-47.950393,-90.84169
39.617,-47.982913,-90.71167
39.625,-48.009875,-90.619888
39.633,-48.077547,-90.46814
39.642,-48.100237,-90.364426
39.65,-48.102905,-90.236618
39.658,-48.142891,-90.051925
39.667,-48.23638,-89.919922
39.675,-48.243744,-89.809769
39.683,-48.337431,-89.616547
39.692,-48.372353,-89.53331
39.7,-48.403341,-89.454193
39.708,-48.454796,-89.401474
39.717,-48.550152,-89.264298
39.725,-48.632336,-89.160217
39.733,-48.667099,-88.9608
39.742,-48.711035,-88.806045
39.75,-48.750557,-88.593933
39.758,-48.824665,-88.370179
39.767,-48.862438,-88.195709
39.775,-48.942503,-87.978058
39.783,-49.007231,-87.810501
39.792,-49.121799,-87.558258
39.8,-49.212858,-87.417877
39.808,-49.307247,-87.230057
39.817,-49.41148,-87.078766
39.825,-49.471539,-86.873749
39.833,-49.565632,-86.659073
39.842,-49.650637,-86.411316
39.85,-49.758262,-86.21968
39.858,-49.846031,-85.919831
39.867,-49.849089,-85.732819
39.875,-49.947161,-85.49501
39.883,-50.056364,-85.362152
39.892,-50.194527,-85.10994
39.9,-50.253345,-84.896713
39.908,-50.37146,-84.657593
39.917,-50.470146,-84.429702
39.925,-50.521649,-84.19252
39.933,-50.60228,-84.041656
39.942,-50.667602,-83.875183
39.95,-50.725352,-83.688538
39.958,-50.84844,-83.359161
39.967,-50.887958,-83.203491
39.975,-50.975899,-83.073654
39.983,-51.072149,-82.85109
39.992,-51.130968,-82.726684
40,-51.187027,-82.557114
40.008,-51.241611,-82.292313
40.017,-51.338474,-82.021911
40.025,-51.420904,-81.864929
40.033,-51.471473,-81.631622
40.042,-51.474428,-81.451492
40.05,-51.543015,-81.202835
40.058,-51.556995,-81.028885
40.067,-51.660244,-80.768799
40.075,-51.695618,-80.613494
40.083,-51.784961,-80.526215
40.092,-51.839343,-80.354203
40.1,-51.850925,-80.22879
40.108,-51.917179,-80.032654
40.117,-51.936411,-79.891098
40.125,-51.965,-79.709824
40.133,-52.051964,-79.565231
40.142,-52.072936,-79.502716
40.15,-52.07777,-79.474639
40.158,-52.156862,-79.449021
40.167,-52.197191,-79.470505
40.175,-52.187458,-79.423661
40.183,-52.219229,-79.448379
40.192,-52.217327,-79.46547
40.2,-52.194258,-79.479187
40.208,-52.175836,-79.552673
40.217,-52.115198,-79.659317
40.225,-52.031506,-79.771896
40.233,-52.022526,-79.878052
40.242,-51.965216,-79.917267
40.25,-51.892056,-80.079788
40.258,-51.804311,-80.155609
40.267,-51.728441,-80.256851
40.275,-51.649843,-80.345429
40.283,-51.52906,-80.459122
40.292,-51.462637,-80.489242
40.3,-51.492258,-80.550339
40.308,-51.399829,-80.59314
40.317,-51.342876,-80.582795
40.325,-51.270571,-80.60585
40.333,-51.302298,-80.660904
40.342,-51.312628,-80.669495
40.35,-51.251981,-80.59018
40.358,-51.347334,-80.510972
40.367,-51.281591,-80.402924
40.375,-51.290078,-80.1335
40.383,-51.322697,-79.925003
40.392,-51.403444,-79.673462
40.4,-51.492905,-79.416885
40.408,-51.518351,-79.174652
40.417,-51.652066,-78.77385
40.425,-51.723007,-78.360107
40.433,-51.854082,-77.933243
40.442,-51.989905,-77.321289
40.45,-52.12114,-76.798447
40.458,-52.227728,-76.291519
40.467,-52.445173,-75.671051
40.475,-52.570263,-75.157791
40.483,-52.719581,-74.58049
40.492,-52.959581,-74.0047
40.5,-53.121582,-73.357513
40.508,-53.311348,-72.668823
40.517,-53.460156,-72.000488
40.525,-53.657513,-71.320297
40.533,-53.768149,-70.671555
40.542,-53.925201,-69.99884
40.55,-54.055668,-69.363831
40.558,-54.181983,-68.74202
40.567,-54.338604,-68.148651
40.575,-54.467747,-67.589981
40.583,-54.599192,-67.152954
40.592,-54.746697,-66.741531
40.6,-54.824434,-66.485672
40.608,-54.981077,-66.229355
40.617,-55.112768,-66.123825
40.625,-55.090227,-66.012909
40.633,-55.1381,-65.975342
40.642,-55.142811,-65.963775
40.65,-55.118078,-66.001572
40.658,-55.084797,-66.123306
40.667,-54.991244,-66.241394
40.675,-54.967821,-66.486114
40.683,-54.858097,-66.709687
40.692,-54.747753,-66.961655
40.7,-54.676743,-67.328659
40.708,-54.60104,-67.660141
40.717,-54.488138,-68.015228
40.725,-54.395512,-68.390564
40.733,-54.286871,-68.673523
40.742,-54.252047,-69.005676
40.75,-54.090103,-69.220749
40.758,-54.000851,-69.421249
40.767,-53.957677,-69.518692
40.775,-53.838265,-69.58229
40.783,-53.78352,-69.666992
40.792,-53.761692,-69.673279
40.8,-53.729813,-69.664657
40.808,-53.755396,-69.611969
40.817,-53.772043,-69.523423
40.825,-53.785971,-69.431092
40.833,-53.92337,-69.274078
40.842,-53.939144,-69.013351
40.85,-54.055752,-68.79364
40.858,-54.010963,-68.547776
40.867,-54.112882,-68.294174
40.875,-54.153725,-67.994324
40.883,-54.136322,-67.643921
40.892,-54.225523,-67.369126
40.9,-54.301817,-67.094574
40.908,-54.325217,-66.905014
40.917,-54.406254,-66.670288
40.925,-54.559458,-66.502533
40.933,-54.53841,-66.230057
40.942,-54.589338,-66.101395
40.95,-54.587768,-65.856644
40.958,-54.629289,-65.686371
40.967,-54.671255,-65.393677
40.975,-54.674211,-65.240769
40.983,-54.664992,-65.129196
40.992,-54.645333,-64.945755
41,-54.627442,-64.80925
41.008,-54.66938,-64.7146
41.017,-54.699519,-64.531037
41.025,-54.687693,-64.290176
41.033,-54.723114,-64.079987
41.042,-54.662651,-63.862076
41.05,-54.681856,-63.647568
41.058,-54.589336,-63.40535
41.067,-54.67712,-62.98407
41.075,-54.666172,-62.823089
41.083,-54.635285,-62.522552
41.092,-54.639968,-62.275223
41.1,-54.671244,-61.970917
41.108,-54.781799,-61.685395
41.117,-54.803718,-61.284271
41.125,-54.783623,-60.935044
41.133,-54.817704,-60.585464
41.142,-54.766963,-60.300964
41.15,-54.725677,-60.017593
41.158,-54.652966,-59.756302
41.167,-54.662971,-59.428864
41.175,-54.761559,-59.111923
41.183,-54.680066,-58.931259
41.192,-54.763785,-58.641144
41.2,-54.711273,-58.535904
41.208,-54.826235,-58.142166
41.217,-54.789704,-57.801132
41.225,-54.653551,-57.539551
41.233,-54.58176,-57.338913
41.242,-54.591347,-57.013855
41.25,-54.491901,-56.83429
41.258,-54.491787,-56.497741
41.267,-54.467047,-56.233322
41.275,-54.461935,-55.905792
41.283,-54.475868,-55.581116
41.292,-54.450239,-55.338257
41.3,-54.427721,-55.072999
41.308,-54.461513,-54.73468
41.317,-54.429442,-54.488922
41.325,-54.345041,-54.071625
41.333,-54.372448,-53.616318
41.342,-54.36723,-53.298599
41.35,-54.378612,-52.968887
41.358,-54.327352,-52.649491
41.367,-54.305832,-52.286667
41.375,-54.203846,-51.950912
41.383,-54.153574,-51.566971
41.392,-54.154178,-51.180817
41.4,-54.101954,-50.922211
41.408,-54.047941,-50.631287
41.417,-54.062322,-50.332825
41.425,-54.053543,-49.982712
41.433,-54.047396,-49.612824
41.442,-53.961569,-49.402648
41.45,-53.88614,-49.130005
41.458,-53.791492,-48.977005
41.467,-53.760683,-48.613694
41.475,-53.71418,-48.431656
41.483,-53.733704,-48.214447
41.492,-53.723455,-47.967926
41.5,-53.687605,-47.868973
41.508,-53.667547,-47.796525
41.517,-53.586937,-47.75975
41.525,-53.58545,-47.559021
41.533,-53.546152,-47.577713
41.542,-53.577994,-47.509247
41.55,-53.632027,-47.466598
41.558,-53.591251,-47.503097
41.567,-53.560852,-47.499649
41.575,-53.510469,-47.498962
41.583,-53.452347,-47.378921
41.592,-53.427206,-47.374466
41.6,-53.393638,-47.334381
41.608,-53.394155,-47.427628
41.617,-53.438206,-47.481796
41.625,-53.455211,-47.493713
41.633,-53.479761,-47.507767
41.642,-53.520145,-47.457367
41.65,-53.519638,-47.38414
41.658,-53.406284,-47.290191
41.667,-53.322732,-47.293534
41.675,-53.337088,-47.072632
41.683,-53.298537,-46.906677
41.692,-53.189977,-46.743805
41.7,-53.116834,-46.539048
41.708,-53.07713,-46.433197
41.717,-52.994358,-46.190445
41.725,-53.046646,-45.972565
41.733,-53.016331,-45.710038
41.742,-53.014414,-45.36113
41.75,-52.934103,-45.083298
41.758,-52.760323,-44.714981
41.767,-52.634079,-44.301087
41.775,-52.414978,-43.840943
41.783,-52.281456,-43.406845
41.792,-52.158943,-43.028076
41.8,-52.011309,-42.569778
41.808,-51.906182,-42.073333
41.817,-51.910637,-41.554444
41.825,-51.758253,-41.170334
41.833,-51.683744,-40.673111
41.842,-51.48625,-40.128234
41.85,-51.318239,-39.577652
41.858,-51.12804,-39.086792
41.867,-50.912556,-38.50795
41.875,-50.706615,-37.925186
41.883,-50.461428,-37.421753
41.892,-50.264712,-36.852478
41.9,-50.036307,-36.31015
41.908,-49.874113,-35.761154
41.917,-49.699476,-35.269409
41.925,-49.537899,-34.831558
41.933,-49.451328,-34.304261
41.942,-49.284502,-33.908248
41.95,-49.075306,-33.457046
41.958,-48.919232,-33.044373
41.967,-48.707311,-32.698212
41.975,-48.569906,-32.354218
41.983,-48.384901,-32.008118
41.992,-48.293167,-31.791016
42,-48.162903,-31.442734
42.008,-48.056116,-31.257096
42.017,-47.969212,-31.03566
42.025,-47.853188,-30.952439
42.033,-47.800026,-30.839874
42.042,-47.660394,-30.772979
42.05,-47.580891,-30.593506
42.058,-47.501372,-30.491867
42.067,-47.47208,-30.366531
42.075,-47.396349,-30.283493
42.083,-47.287737,-30.115951
42.092,-47.083,-30.081131
42.1,-46.89905,-29.923309
42.108,-46.75744,-29.80626
42.117,-46.641204,-29.549744
42.125,-46.402243,-29.401886
42.133,-46.256145,-29.177948
42.142,-46.038517,-28.888672
42.15,-45.873079,-28.639862
42.158,-45.647438,-28.269806
42.167,-45.47455,-28.052841
42.175,-45.242079,-27.668212
42.183,-44.982055,-27.305008
42.192,-44.740192,-26.871536
42.2,-44.493508,-26.510284
42.208,-44.177828,-26.096085
42.217,-43.91341,-25.667297
42.225,-43.624097,-25.265426
42.233,-43.283426,-24.869339
42.242,-43.001595,-24.44461
42.25,-42.658194,-24.026901
42.258,-42.339332,-23.674576
42.267,-42.055671,-23.234497
42.275,-41.742748,-22.858277
42.283,-41.449997,-22.444031
42.292,-41.216133,-22.059692
42.3,-40.902328,-21.714386
42.308,-40.743927,-21.37886
42.317,-40.393024,-21.100982
42.325,-40.132809,-20.796569
42.333,-39.965095,-20.522385
42.342,-39.708927,-20.321975
42.35,-39.57132,-20.12175
42.358,-39.438633,-19.950332
42.367,-39.393441,-19.856796
42.375,-39.150753,-19.669556
42.383,-39.018108,-19.552841
42.392,-38.900085,-19.554123
42.4,-38.82404,-19.499665
42.408,-38.750191,-19.468612
42.417,-38.692559,-19.379837
42.425,-38.535294,-19.248734
42.433,-38.374596,-19.279754
42.442,-38.251213,-19.218368
42.45,-38.221065,-19.1418
42.458,-38.056537,-19.094726
42.467,-37.886334,-18.942321
42.475,-37.749756,-18.902847
42.483,-37.635941,-18.74089
42.492,-37.491478,-18.60318
42.5,-37.391236,-18.472549
42.508,-37.17355,-18.394012
42.517,-37.079041,-18.195068
42.525,-36.891197,-17.977021
42.533,-36.775605,-17.781356
42.542,-36.558213,-17.657928
42.55,-36.378868,-17.462601
42.558,-36.171272,-17.231812
42.567,-36.00573,-17.130493
42.575,-35.83361,-16.909744
42.583,-35.698208,-16.802155
42.592,-35.515987,-16.735764
42.6,-35.365101,-16.634353
42.608,-35.180641,-16.470001
42.617,-35.009697,-16.414872
42.625,-34.818981,-16.257782
42.633,-34.567692,-16.168931
42.642,-34.33165,-16.013901
42.65,-33.999085,-15.875442
42.658,-33.695564,-15.716858
42.667,-33.350895,-15.519577
42.675,-32.94466,-15.398544
42.683,-32.613407,-15.11763
42.692,-32.216256,-14.902526
42.7,-31.882809,-14.538452
42.708,-31.546223,-14.296783
42.717,-31.363888,-13.980286
42.725,-31.054787,-13.744323
42.733,-30.722908,-13.421325
42.742,-30.412052,-13.228134
42.75,-30.002895,-12.923325
42.758,-29.71429,-12.653122
42.767,-29.343701,-12.479095
42.775,-29.024292,-12.217255
42.783,-28.715866,-12.047837
42.792,-28.452431,-11.851517
42.8,-28.19585,-11.746826
42.808,-27.937096,-11.57602
42.817,-27.723972,-11.472458
42.825,-27.561223,-11.348282
42.833,-27.354603,-11.40921
42.842,-27.221684,-11.352234
42.85,-27.051654,-11.303223
42.858,-26.877926,-11.29152
42.867,-26.703789,-11.259643
42.875,-26.577057,-11.222885
42.883,-26.294609,-11.190429
42.892,-26.237076,-11.1353
42.9,-25.998249,-11.044907
42.908,-25.848117,-10.9366
42.917,-25.707958,-10.87854
42.925,-25.501419,-10.818634
42.933,-25.353786,-10.77623
42.942,-25.177208,-10.597458
42.95,-24.925053,-10.57077
42.958,-24.775398,-10.461731
42.967,-24.708904,-10.367294
42.975,-24.503582,-10.206955
42.983,-24.369282,-10.141403
42.992,-24.227162,-10.041382
43,-24.067349,-10.016204
43.008,-23.922603,-9.942566
43.017,-23.804298,-9.861602
43.025,-23.664211,-9.791229
43.033,-23.530201,-9.731384
43.042,-23.426227,-9.709365
43.05,-23.34512,-9.668229
43.058,-23.292801,-9.646988
43.067,-23.258034,-9.645325
43.075,-23.178982,-9.663391
43.083,-23.142353,-9.670456
43.092,-23.062889,-9.65065
43.1,-23.028427,-9.641358
43.108,-22.985714,-9.642487
43.117,-22.942253,-9.625366
43.125,-22.900085,-9.625183
43.133,-22.849147,-9.636826
43.142,-22.736114,-9.642243
43.15,-22.704182,-9.635116
43.158,-22.678494,-9.619889
43.167,-22.641655,-9.579712
43.175,-22.588383,-9.550171
43.183,-22.520412,-9.526916
43.192,-22.392437,-9.507004
43.2,-22.256859,-9.494583
43.208,-22.083973,-9.441513
43.217,-21.940033,-9.412491
43.225,-21.694786,-9.322006
43.233,-21.546242,-9.289398
43.242,-21.341767,-9.218964
43.25,-21.217579,-9.170883
43.258,-21.067253,-9.066834
43.267,-20.976917,-9.016709
43.275,-20.765861,-8.895859
43.283,-20.665612,-8.848434
43.292,-20.533016,-8.818116
43.3,-20.392925,-8.722382
43.308,-20.233577,-8.711212
43.317,-20.079808,-8.63498
43.325,-19.964905,-8.607941
43.333,-19.824497,-8.486603
43.342,-19.731015,-8.477173
43.35,-19.676967,-8.470947
43.358,-19.645653,-8.465271
43.367,-19.619034,-8.432464
43.375,-19.613994,-8.423157
43.383,-19.630932,-8.44104
43.392,-19.647606,-8.458221
43.4,-19.676174,-8.465484
43.408,-19.713268,-8.48526
43.417,-19.762501,-8.489074
43.425,-19.812011,-8.5083
43.433,-19.942036,-8.613403
43.442,-20.006115,-8.640686
43.45,-20.0541,-8.667999
43.458,-20.096977,-8.695526
43.467,-20.147125,-8.730927
43.475,-20.226677,-8.782532
43.483,-20.296253,-8.788605
43.492,-20.371739,-8.799347
43.5,-20.531292,-8.846772
43.508,-20.647575,-8.837159
43.517,-20.749561,-8.853058
43.525,-20.943623,-8.8414
43.533,-21.053329,-8.930222
43.542,-21.23312,-8.975769
43.55,-21.404114,-9.036545
43.558,-21.534977,-9.069717
43.567,-21.644272,-9.119141
43.575,-21.721138,-9.204575
43.583,-21.830879,-9.270019
43.592,-21.94746,-9.320862
43.6,-22.054451,-9.389496
43.608,-22.198623,-9.45729
43.617,-22.341973,-9.484695
43.625,-22.488346,-9.536179
43.633,-22.632335,-9.570114
43.642,-22.846669,-9.594131
43.65,-22.982758,-9.628601
43.658,-23.230202,-9.619949
43.667,-23.353821,-9.677658
43.675,-23.570988,-9.745026
43.683,-23.78904,-9.859833
43.692,-24.008388,-9.907944
43.7,-24.277161,-9.950363
43.708,-24.49242,-10.02153
43.717,-24.785682,-10.136505
43.725,-25.077103,-10.328445
43.733,-25.388065,-10.439453
43.742,-25.696895,-10.520462
43.75,-25.954792,-10.696076
43.758,-26.284252,-10.88472
43.767,-26.521958,-11.013031
43.775,-26.893055,-11.260681
43.783,-27.204094,-11.395828
43.792,-27.564789,-11.571671
43.8,-27.924714,-11.765701
43.808,-28.288254,-11.907913
43.817,-28.675389,-12.136444
43.825,-29.000965,-12.328552
43.833,-29.353035,-12.541031
43.842,-29.682862,-12.707031
43.85,-30.015991,-12.865997
43.858,-30.37199,-13.122483
43.867,-30.682842,-13.331405
43.875,-31.044445,-13.609588
43.883,-31.370244,-13.740753
43.892,-31.651291,-13.97461
43.9,-32.020268,-14.179428
43.908,-32.277046,-14.406662
43.917,-32.595333,-14.587524
43.925,-32.878235,-14.886216
43.933,-33.156838,-15.038773
43.942,-33.34087,-15.246597
43.95,-33.642247,-15.399887
43.958,-33.846306,-15.591217
43.967,-34.150268,-15.780243
43.975,-34.391087,-15.960113
43.983,-34.611584,-16.114227
43.992,-34.851895,-16.274124
44,-35.103725,-16.464127
44.008,-35.327854,-16.594589
44.017,-35.541912,-16.761063
44.025,-35.768353,-16.88359
44.033,-35.968251,-17.114655
44.042,-36.166455,-17.282989
44.05,-36.372173,-17.443817
44.058,-36.566421,-17.579544
44.067,-36.796891,-17.77681
44.075,-37.063869,-17.988266
44.083,-37.375023,-18.271653
44.092,-37.598084,-18.46756
44.1,-37.921166,-18.745132
44.108,-38.189988,-18.98317
44.117,-38.488659,-19.311585
44.125,-38.758815,-19.539581
44.133,-39.087616,-19.84906
44.142,-39.362743,-20.099014
44.15,-39.711739,-20.480134
44.158,-40.020206,-20.845413
44.167,-40.38432,-21.230362
44.175,-40.719745,-21.555436
44.183,-41.051933,-21.973206
44.192,-41.435971,-22.35144
44.2,-41.763382,-22.809433
44.208,-42.088009,-23.200317
44.217,-42.352655,-23.599014
44.225,-42.622109,-23.997024
44.233,-42.934687,-24.436768
44.242,-43.190106,-24.820251
44.25,-43.517296,-25.232055
44.258,-43.773824,-25.592682
44.267,-44.027958,-25.92131
44.275,-44.263546,-26.293991
44.283,-44.480415,-26.639649
44.292,-44.753016,-26.926818
44.3,-44.946406,-27.271088
44.308,-45.163954,-27.617661
44.317,-45.358997,-27.780273
44.325,-45.576217,-28.115341
44.333,-45.718189,-28.369217
44.342,-45.88434,-28.588516
44.35,-46.07164,-28.868591
44.358,-46.21901,-29.145736
44.367,-46.342555,-29.315094
44.375,-46.500111,-29.629776
44.383,-46.602624,-29.799133
44.392,-46.728909,-30.045517
44.4,-46.803334,-30.217224
44.408,-46.976068,-30.544296
44.417,-47.078526,-30.656494
44.425,-47.246395,-30.941055
44.433,-47.315424,-31.083984
44.442,-47.430208,-31.322891
44.45,-47.591098,-31.529907
44.458,-47.672073,-31.736923
44.467,-47.835584,-31.988479
44.475,-47.984453,-32.193329
44.483,-48.132963,-32.425644
44.492,-48.241767,-32.674469
44.5,-48.399351,-33.013016
44.508,-48.566133,-33.260986
44.517,-48.745343,-33.636353
44.525,-48.915899,-33.935562
44.533,-49.048872,-34.299804
44.542,-49.219471,-34.70282
44.55,-49.348751,-35.05693
44.558,-49.534352,-35.506485
44.567,-49.70725,-35.944016
44.575,-49.859974,-36.289643
44.583,-50.024464,-36.719436
44.592,-50.162622,-37.160064
44.6,-50.277594,-37.548752
44.608,-50.404566,-38.001343
44.617,-50.562175,-38.425903
44.625,-50.673481,-38.813675
44.633,-50.82295,-39.260331
44.642,-50.984645,-39.644332
44.65,-51.10562,-40.032181
44.658,-51.276262,-40.465561
44.667,-51.383097,-40.876907
44.675,-51.538532,-41.341462
44.683,-51.680008,-41.785721
44.692,-51.867164,-42.267304
44.7,-52.018921,-42.732879
44.708,-52.192652,-43.184418
44.717,-52.36033,-43.73021
44.725,-52.525982,-44.30838
44.733,-52.655088,-44.90564
44.742,-52.764421,-45.55423
44.75,-52.935218,-46.151184
44.758,-53.025599,-46.886703
44.767,-53.131555,-47.591614
44.775,-53.236807,-48.330337
44.783,-53.364189,-49.148453
44.792,-53.473658,-49.971817
44.8,-53.578636,-50.8125
44.808,-53.64834,-51.681045
44.817,-53.738011,-52.589508
44.825,-53.824443,-53.430496
44.833,-53.845015,-54.354035
44.842,-53.867075,-55.131851
44.85,-53.935059,-56.108841
44.858,-53.964332,-56.931274
44.867,-53.964659,-57.759751
44.875,-53.976274,-58.634323
44.883,-53.910183,-59.442825
44.892,-53.886067,-60.275436
44.9,-53.815544,-61.050766
44.908,-53.786799,-61.679245
44.917,-53.722499,-62.290863
44.925,-53.730151,-62.964844
44.933,-53.638838,-63.515747
44.942,-53.535485,-64.054413
44.95,-53.49935,-64.440841
44.958,-53.523777,-64.881317
44.967,-53.592625,-65.218689
44.975,-53.498984,-65.545914
44.983,-53.443346,-65.790909
44.992,-53.456754,-66.060119
45,-53.430876,-66.184266
45.008,-53.518826,-66.325104
45.017,-53.457678,-66.510972
45.025,-53.588526,-66.628082
45.033,-53.578039,-66.729263
45.042,-53.613774,-66.931503
45.05,-53.626072,-67.022186
45.058,-53.620979,-67.166397
45.067,-53.635355,-67.421066
45.075,-53.64421,-67.483642
45.083,-53.559075,-67.696182
45.092,-53.525599,-67.905304
45.1,-53.469908,-68.036698
45.108,-53.402822,-68.254608
45.117,-53.382221,-68.404923
45.125,-53.304782,-68.630249
45.133,-53.258936,-68.845871
45.142,-53.206361,-69.006714
45.15,-53.132627,-69.204392
45.158,-53.112663,-69.320831
45.167,-53.048578,-69.498871
45.175,-52.997909,-69.645172
45.183,-52.991621,-69.720582
45.192,-52.979116,-69.799835
45.2,-52.973162,-69.860321
45.208,-52.957127,-69.964417
45.217,-52.971119,-69.998353
45.225,-52.986597,-70.032089
45.233,-53.003468,-70.068024
45.242,-53.079023,-70.152146
45.25,-53.095854,-70.199768
45.258,-53.115578,-70.2603
45.267,-53.135912,-70.350708
45.275,-53.109893,-70.519501
45.283,-53.124964,-70.63977
45.292,-53.112675,-70.845688
45.3,-53.096557,-71.024917
45.308,-53.048416,-71.290665
45.317,-52.996408,-71.57309
45.325,-52.94165,-71.866501
45.333,-52.86771,-72.181625
45.342,-52.766946,-72.504944
45.35,-52.655186,-72.914185
45.358,-52.585943,-73.221253
45.367,-52.494609,-73.586258
45.375,-52.373932,-73.960784
45.383,-52.2526,-74.366303
45.392,-52.098972,-74.665939
45.4,-51.995226,-74.980179
45.408,-51.879156,-75.336716
45.417,-51.819876,-75.579986
45.425,-51.736241,-75.847382
45.433,-51.616671,-76.105209
45.442,-51.567238,-76.324265
45.45,-51.534457,-76.499191
45.458,-51.489181,-76.71228
45.467,-51.469122,-76.877808
45.475,-51.39115,-77.114578
45.483,-51.381719,-77.265946
45.492,-51.371862,-77.405121
45.5,-51.324333,-77.58017
45.508,-51.266046,-77.706436
45.517,-51.238596,-77.813461
45.525,-51.191561,-78.156479
45.533,-51.149126,-78.272065
45.542,-51.132473,-78.334442
45.55,-50.997488,-78.500656
45.558,-50.966866,-78.552567
45.567,-50.998577,-78.827881
45.575,-50.803686,-78.911178
45.583,-50.799471,-79.158707
45.592,-50.710487,-79.248322
45.6,-50.650234,-79.361481
45.608,-50.721153,-79.475266
45.617,-50.660299,-79.685195
45.625,-50.594128,-79.695649
45.633,-50.593609,-79.727966
45.642,-50.590805,-79.808578
45.65,-50.600321,-79.877198
45.658,-50.586136,-80.138259
45.667,-50.505365,-80.142548
45.675,-50.557652,-80.293945
45.683,-50.524746,-80.302032
45.692,-50.580784,-80.462006
45.7,-50.462156,-80.678803
45.708,-50.454189,-80.78775
45.717,-50.431971,-80.953003
45.725,-50.389633,-81.087983
45.733,-50.365678,-81.231567
45.742,-50.309437,-81.467133
45.75,-50.345145,-81.64447
45.758,-50.179588,-81.977051
45.767,-50.045419,-82.249985
45.775,-49.97019,-82.50821
45.783,-49.868613,-82.886551
45.792,-49.715292,-83.238464
45.8,-49.679258,-83.604645
45.808,-49.509735,-84.018876
45.817,-49.318796,-84.416259
45.825,-49.163122,-84.877152
45.833,-48.965481,-85.306122
45.842,-48.768734,-85.802292
45.85,-48.544355,-86.277496
45.858,-48.304798,-86.791901
45.867,-48.079424,-87.358292
45.875,-47.834253,-87.916962
45.883,-47.560629,-88.5439
45.892,-47.329686,-89.204208
45.9,-47.024531,-89.845184
45.908,-46.755053,-90.467163
45.917,-46.40405,-91.109741
45.925,-46.071645,-91.66919
45.933,-45.715893,-92.281418
45.942,-45.399372,-92.798629
45.95,-45.045154,-93.386093
45.958,-44.708415,-93.991745
45.967,-44.325485,-94.608628
45.975,-43.993652,-95.20639
45.983,-43.639309,-95.783172
45.992,-43.295568,-96.326004
46,-42.928963,-96.866104
46.008,-42.600684,-97.411316
46.017,-42.299972,-97.845932
46.025,-42.000965,-98.244461
46.033,-41.706939,-98.697418
46.042,-41.423676,-99.064483
46.05,-41.170719,-99.485138
46.058,-40.940357,-99.944245
46.067,-40.689347,-100.308228
46.075,-40.409058,-100.761307
46.083,-40.184807,-101.150605
46.092,-40.046085,-101.572281
46.1,-39.784596,-101.876404
46.108,-39.607121,-102.220199
46.117,-39.385437,-102.514786
46.125,-39.245678,-102.755799
46.133,-39.006333,-102.989639
46.142,-38.891124,-103.227066
46.15,-38.754215,-103.433746
46.158,-38.578717,-103.718933
46.167,-38.426975,-103.935547
46.175,-38.295166,-104.119217
46.183,-38.219758,-104.33226
46.192,-38.131859,-104.516067
46.2,-37.968258,-104.607238
46.208,-37.912072,-104.727936
46.217,-37.864571,-104.876297
46.225,-37.737056,-104.982773
46.233,-37.6283,-105.093017
46.242,-37.593101,-105.216141
46.25,-37.52549,-105.284027
46.258,-37.448853,-105.411209
46.267,-37.424248,-105.508362
46.275,-37.412339,-105.639068
46.283,-37.301364,-105.700806
46.292,-37.277191,-105.742248
46.3,-37.258766,-105.777939
46.308,-37.225502,-105.849732
46.317,-37.207054,-105.885361
46.325,-37.195252,-105.957276
46.333,-37.160385,-105.966812
46.342,-37.147712,-106.121994
46.35,-37.123009,-106.174881
46.358,-37.060429,-106.290497
46.367,-36.958977,-106.36731
46.375,-36.930099,-106.475845
46.383,-36.868122,-106.589157
46.392,-36.835571,-106.712402
46.4,-36.793057,-106.838181
46.408,-36.638535,-106.990204
46.417,-36.524952,-107.146012
46.425,-36.462971,-107.299805
46.433,-36.299518,-107.43277
46.442,-36.128952,-107.633484
46.45,-35.971852,-107.837906
46.458,-35.807529,-108.001725
46.467,-35.582462,-108.272446
46.475,-35.391861,-108.548767
46.483,-35.157971,-108.772949
46.492,-34.974716,-109.08963
46.5,-34.664467,-109.387527
46.508,-34.5158,-109.64917
46.517,-34.227086,-109.953918
46.525,-33.91325,-110.283554
46.533,-33.605042,-110.640106
46.542,-33.280132,-110.830826
46.55,-32.916325,-111.269867
46.558,-32.57874,-111.630982
46.567,-32.2855,-112.014526
46.575,-31.909115,-112.331849
46.583,-31.532792,-112.697662
46.592,-31.24535,-113.013749
46.6,-30.828061,-113.364548
46.608,-30.437782,-113.795731
46.617,-30.031872,-114.173905
46.625,-29.611645,-114.561646
46.633,-29.2098,-114.943222
46.642,-28.758659,-115.389679
46.65,-28.271164,-115.781814
46.658,-27.821915,-116.107727
46.667,-27.394584,-116.460327
46.675,-27.020348,-116.790009
46.683,-26.570614,-117.103485
46.692,-26.090633,-117.456421
46.7,-25.682197,-117.848205
46.708,-25.260387,-118.177536
46.717,-24.815144,-118.489777
46.725,-24.441906,-118.86409
46.733,-24.024978,-119.199966
46.742,-23.639683,-119.477234
46.75,-23.208774,-119.74469
46.758,-22.799195,-119.969955
46.767,-22.413921,-120.2827
46.775,-22.107914,-120.651886
46.783,-21.798668,-121.006516
46.792,-21.491016,-121.103378
46.8,-21.17128,-121.373962
46.808,-20.913323,-121.695938
46.817,-20.487393,-121.879212
46.825,-20.256549,-122.047973
46.833,-19.955642,-122.345413
46.842,-19.643841,-122.514831
46.85,-19.344792,-122.861649
46.858,-19.033969,-123.055984
46.867,-18.77549,-123.222656
46.875,-18.466641,-123.413177
46.883,-18.259281,-123.640656
46.892,-17.938446,-123.843109
46.9,-17.636799,-123.99762
46.908,-17.338573,-124.20578
46.917,-17.063373,-124.430252
46.925,-16.771816,-124.644471
46.933,-16.482529,-124.878907
46.942,-16.11647,-124.980407
46.95,-15.836033,-125.281113
46.958,-15.511334,-125.443466
46.967,-15.150173,-125.610473
46.975,-14.856052,-125.821975
46.983,-14.545613,-126.046692
46.992,-14.126816,-126.288132
47,-13.73499,-126.542892
47.008,-13.259315,-126.632232
47.017,-12.855057,-126.900055
47.025,-12.417972,-127.166108
47.033,-11.977878,-127.41603
47.042,-11.576561,-127.630554
47.05,-11.058136,-127.827744
47.058,-10.592331,-128.014648
47.067,-10.113541,-128.206421
47.075,-9.582046,-128.41388
47.083,-9.100471,-128.661041
47.092,-8.547951,-128.847931
47.1,-8.097695,-129.007278
47.108,-7.543358,-129.280212
47.117,-7.132828,-129.434768
47.125,-6.574997,-129.631363
47.133,-6.129684,-129.789047
47.142,-5.71064,-129.916382
47.15,-5.264031,-130.083679
47.158,-4.901467,-130.187363
47.167,-4.503189,-130.316224
47.175,-4.09552,-130.431076
47.183,-3.849976,-130.552185
47.192,-3.469879,-130.657074
47.2,-3.207985,-130.67923
47.208,-2.869217,-130.828476
47.217,-2.683502,-130.93985
47.225,-2.401184,-131.040985
47.233,-2.205444,-131.108566
47.242,-1.921463,-131.192048
47.25,-1.737167,-131.158997
47.258,-1.556901,-131.248612
47.267,-1.387894,-131.371903
47.275,-1.199364,-131.483002
47.283,-1.01651,-131.594895
47.292,-1.029495,-131.6371
47.3,-0.881928,-131.629211
47.308,-0.714363,-131.83931
47.317,-0.54068,-131.807999
47.325,-0.414307,-131.823456
47.333,-0.207267,-131.890823
47.342,-0.026649,-131.963944
47.35,0.175766,-132.025757
47.358,0.362404,-131.98085
47.367,0.590057,-132.212524
47.375,0.708274,-132.105255
47.383,0.946877,-132.169159
47.392,1.205475,-132.281021
47.4,1.423111,-132.306381
47.408,1.709526,-132.428772
47.417,1.949554,-132.425812
47.425,2.116615,-132.436401
47.433,2.409546,-132.549011
47.442,2.660469,-132.505844
47.45,2.983604,-132.497803
47.458,3.170272,-132.678589
47.467,3.459793,-132.700516
47.475,3.674134,-132.694107
47.483,3.894737,-132.709304
47.492,4.145188,-132.793548
47.5,4.343285,-132.789887
47.508,4.502769,-132.842728
47.517,4.730079,-132.835861
47.525,4.92099,-132.816391
47.533,5.151543,-132.89212
47.542,5.330063,-132.984207
47.55,5.383606,-132.909379
47.558,5.48053,-132.893357
47.567,5.526322,-132.880585
47.575,5.571564,-132.876618
47.583,5.595901,-132.938903
47.592,5.714294,-132.900284
47.6,5.837631,-133.035889
47.608,5.854347,-133.035904
47.617,5.798454,-132.968872
47.625,5.768288,-132.96225
47.633,5.741173,-132.952041
47.642,5.739776,-132.944168
47.65,5.765465,-132.946976
47.658,5.79264,-132.954559
47.667,5.776711,-132.979492
47.675,5.756042,-133.018082
47.683,5.722222,-133.010758
47.692,5.692948,-132.997986
47.7,5.686332,-132.986664
47.708,5.707023,-132.983063
47.717,5.761467,-132.946686
47.725,5.807892,-132.951157
47.733,5.843491,-133.00151
47.742,5.887176,-133.005539
47.75,5.903778,-133.085418
47.758,6.028664,-133.030487
47.767,6.053451,-133.138839
47.775,6.168686,-133.062546
47.783,6.282769,-133.091965
47.792,6.372666,-133.05307
47.8,6.459434,-133.020767
47.808,6.596878,-133.098191
47.817,6.675827,-133.101303
47.825,6.727562,-133.143036
47.833,6.836197,-133.111527
47.842,6.995461,-133.149139
47.85,7.0859,-133.235169
47.858,7.144966,-133.260757
47.867,7.100128,-133.254303
47.875,7.096435,-133.202042
47.883,7.140625,-133.150299
47.892,7.143356,-133.108795
47.9,7.115814,-133.130493
47.908,7.117843,-133.063232
47.917,6.862679,-133.179504
47.925,6.803406,-133.14325
47.933,6.677421,-133.090195
47.942,6.523674,-133.109161
47.95,6.427459,-133.185165
47.958,6.150764,-133.081711
47.967,5.996711,-133.081879
47.975,5.908707,-133.05896
47.983,5.703636,-132.974396
47.992,5.554009,-133.04924
48,5.443367,-133.058701
48.008,5.290467,-133.030609
48.017,5.14579,-132.936203
48.025,5.01027,-132.913437
48.033,4.947532,-132.937454
48.042,4.864891,-132.968155
48.05,4.847275,-132.930435
48.058,4.796646,-132.892456
48.067,4.746162,-132.878083
48.075,4.806343,-132.897674
48.083,4.829002,-132.901733
48.092,4.883239,-132.949631
48.1,4.899849,-133.043259
48.108,4.973869,-133.040421
48.117,4.994408,-132.988602
48.125,5.089599,-133.031617
48.133,5.109574,-133.048523
48.142,5.138573,-133.053619
48.15,5.180847,-133.109421
48.158,5.171638,-133.050858
48.167,5.033417,-133.003189
48.175,5.035225,-133.004364
48.183,4.973793,-133.011017
48.192,4.873939,-133.049133
48.2,4.779007,-133.033905
48.208,4.56456,-132.972
48.217,4.316208,-132.935776
48.225,4.153,-132.948562
48.233,3.701065,-132.831223
48.242,3.425583,-132.814011
48.25,2.991813,-132.731995
48.258,2.626397,-132.63031
48.267,2.159142,-132.54686
48.275,1.718949,-132.543778
48.283,1.250824,-132.498825
48.292,0.825791,-132.387039
48.3,0.392296,-132.268464
48.308,-0.059754,-132.187927
48.317,-0.562211,-132.057266
48.325,-0.906128,-132.043244
48.333,-1.341522,-131.999253
48.342,-1.711411,-131.829987
48.35,-2.035874,-131.816971
48.358,-2.208023,-131.885177
48.367,-2.514885,-131.763565
48.375,-2.665146,-131.695022
48.383,-2.78051,-131.750183
48.392,-2.915985,-131.639893
48.4,-2.975357,-131.723571
48.408,-2.994377,-131.667023
48.417,-2.933464,-131.692306
48.425,-2.88623,-131.744384
48.433,-2.870453,-131.787689
48.442,-2.679383,-131.815185
48.45,-2.60437,-131.774658
48.458,-2.476212,-131.839813
48.467,-2.368332,-131.722153
48.475,-2.215714,-131.805465
48.483,-2.163749,-131.805786
48.492,-2.11602,-131.808625
48.5,-2.054718,-131.850296
48.508,-1.948708,-131.755035
48.517,-1.938439,-131.68985
48.525,-2.014466,-131.677505
48.533,-2.14756,-131.628067
48.542,-2.263855,-131.548157
48.55,-2.504517,-131.430206
48.558,-2.668594,-131.349212
48.567,-2.950142,-131.332901
48.575,-3.238868,-131.191345
48.583,-3.562653,-131.121017
48.592,-3.90255,-131.027008
48.6,-4.313461,-130.884094
48.608,-4.69004,-130.896225
48.617,-5.091622,-130.733581
48.625,-5.60717,-130.741348
48.633,-5.877716,-130.511383
48.642,-6.360428,-130.466583
48.65,-6.713013,-130.285995
48.658,-7.128251,-130.327729
48.667,-7.501022,-130.277343
48.675,-7.795128,-130.139282
48.683,-8.172889,-130.043
48.692,-8.52948,-129.979446
48.7,-8.713921,-129.889511
48.708,-9.011002,-129.823975
48.717,-9.17659,-129.782684
48.725,-9.385353,-129.722214
48.733,-9.5438,-129.637955
48.742,-9.715873,-129.607147
48.75,-9.821663,-129.565949
48.758,-9.908279,-129.492874
48.767,-9.970826,-129.312333
48.775,-10.041474,-129.283218
48.783,-10.0998,-129.171799
48.792,-10.212959,-129.146972
48.8,-10.275306,-129.027283
48.808,-10.329933,-128.884643
48.817,-10.464165,-128.906052
48.825,-10.598236,-128.792618
48.833,-10.719337,-128.738937
48.842,-10.866317,-128.609634
48.85,-11.016159,-128.553543
48.858,-11.207878,-128.378555
48.867,-11.388885,-128.35939
48.875,-11.592728,-128.226166
48.883,-11.831596,-128.146897
48.892,-12.067543,-128.019531
48.9,-12.36142,-127.911529
48.908,-12.655422,-127.821136
48.917,-12.957965,-127.699875
48.925,-13.225399,-127.581985
48.933,-13.551655,-127.447159
48.942,-13.825142,-127.378144
48.95,-14.188267,-127.307052
48.958,-14.53701,-127.151459
48.967,-14.792316,-126.976944
48.975,-15.156402,-126.8582
48.983,-15.459748,-126.783722
48.992,-15.765281,-126.580749
49,-16.076535,-126.534317
49.008,-16.337806,-126.332992
49.017,-16.624225,-126.190567
49.025,-16.917332,-126.068054
49.033,-17.172474,-125.964157
49.042,-17.361843,-125.758621
49.05,-17.57415,-125.731308
49.058,-17.755432,-125.593689
49.067,-17.957615,-125.465301
49.075,-18.127212,-125.327789
49.083,-18.289989,-125.255966
49.092,-18.454159,-125.099747
49.1,-18.67469,-125.010178
49.108,-18.791683,-124.82309
49.117,-18.965705,-124.789902
49.125,-19.057614,-124.628936
49.133,-19.214455,-124.567718
49.142,-19.354775,-124.491882
49.15,-19.437672,-124.350663
49.158,-19.600784,-124.280685
49.167,-19.764587,-124.201004
49.175,-19.868965,-124.064453
49.183,-20.018554,-123.904526
49.192,-20.181198,-123.877365
49.2,-20.379192,-123.777405
49.208,-20.487591,-123.602066
49.217,-20.655739,-123.532852
49.225,-20.782196,-123.469116
49.233,-20.81147,-123.27649
49.242,-21.045929,-123.179611
49.25,-21.19595,-122.985932
49.258,-21.443734,-122.872345
49.267,-21.628372,-122.659744
49.275,-21.916351,-122.572876
49.283,-22.117103,-122.274521
49.292,-22.418224,-122.230576
49.3,-22.600597,-121.892426
49.308,-22.901203,-121.898316
49.317,-23.151683,-121.69606
49.325,-23.373344,-121.495056
49.333,-23.652656,-121.325897
49.342,-23.876976,-121.081833
49.35,-24.13171,-120.861298
49.358,-24.400322,-120.677597
49.367,-24.730343,-120.524674
49.375,-25.014355,-120.218476
49.383,-25.187256,-120.061493
49.392,-25.515416,-119.844208
49.4,-25.762413,-119.747894
49.408,-26.056469,-119.499985
49.417,-26.256875,-119.215439
49.425,-26.548137,-119.098251
49.433,-26.831616,-118.82811
49.442,-27.099975,-118.679336
49.45,-27.328144,-118.393173
49.458,-27.648151,-118.170898
49.467,-27.976147,-117.859253
49.475,-28.065601,-117.742675
49.483,-28.3218,-117.391922
49.492,-28.615009,-117.163681
49.5,-28.744621,-116.927948
49.508,-29.060184,-116.715362
49.517,-29.316079,-116.466126
49.525,-29.513535,-116.237747
49.533,-29.797314,-116.11148
49.542,-30.081673,-115.768189
49.55,-30.246601,-115.587875
49.558,-30.534222,-115.337158
49.567,-30.801231,-115.116654
49.575,-31.004948,-114.736938
49.583,-31.251514,-114.692108
49.592,-31.406963,-114.44545
49.6,-31.74403,-114.210633
49.608,-31.826199,-114.07048
49.617,-32.089676,-113.868927
49.625,-32.223275,-113.720002
49.633,-32.410503,-113.477463
49.642,-32.617485,-113.401611
49.65,-32.748966,-113.191101
49.658,-32.968178,-113.084869
49.667,-33.115425,-112.891022
49.675,-33.280808,-112.785858
49.683,-33.385121,-112.642853
49.692,-33.501637,-112.464584
49.7,-33.653019,-112.37883
49.708,-33.760891,-112.289277
49.717,-33.886505,-112.123123
49.725,-33.982204,-112.029373
49.733,-34.103825,-111.89685
49.742,-34.153092,-111.807434
49.75,-34.337757,-111.611282
49.758,-34.378842,-111.455368
49.767,-34.50977,-111.228744
49.775,-34.692589,-111.185593
49.783,-34.731975,-110.977478
49.792,-34.730464,-110.898102
49.8,-34.793857,-110.816421
49.808,-34.952694,-110.630859
49.817,-35.02744,-110.440857
49.825,-35.09938,-110.159835
49.833,-35.287941,-110.082184
49.842,-35.400212,-109.81871
49.85,-35.612938,-109.513398
49.858,-35.758724,-109.313202
49.867,-35.974159,-109.125473
49.875,-36.109375,-108.90747
49.883,-36.322213,-108.717407
49.892,-36.458897,-108.558548
49.9,-36.698326,-108.227402
49.908,-36.882355,-108.005921
49.917,-37.143635,-107.689865
49.925,-37.315396,-107.412445
49.933,-37.580356,-107.124329
49.942,-37.878437,-106.844681
49.95,-38.069939,-106.581436
49.958,-38.331878,-106.294738
49.967,-38.612488,-106.099243
49.975,-38.783535,-105.770661
49.983,-39.110989,-105.572083
49.992,-39.309327,-105.275986
50,-39.614597,-104.89949
50.008,-39.776519,-104.663285
50.017,-40.038089,-104.402572
50.025,-40.237347,-104.125489
50.033,-40.502712,-103.940537
50.042,-40.694413,-103.627167
50.05,-40.903206,-103.457108
50.058,-41.008198,-103.190704
50.067,-41.274494,-102.993637
50.075,-41.371238,-102.76677
50.083,-41.537876,-102.604172
50.092,-41.670196,-102.345672
50.1,-41.74313,-102.118637
50.108,-41.873379,-102.000977
50.117,-41.988663,-101.813416
50.125,-42.075177,-101.71875
50.133,-42.111339,-101.600341
50.142,-42.192063,-101.502578
50.15,-42.215645,-101.335174
50.158,-42.285171,-101.240524
50.167,-42.311286,-101.146286
50.175,-42.360764,-101.02066
50.183,-42.361935,-100.873978
50.192,-42.292488,-100.660263
50.2,-42.311657,-100.581101
50.208,-42.339512,-100.524613
50.217,-42.391278,-100.441163
50.225,-42.404979,-100.401779
50.233,-42.417893,-100.331131
50.242,-42.435268,-100.280243
50.25,-42.490776,-100.16774
50.258,-42.520833,-100.054733
50.267,-42.548016,-99.931076
50.275,-42.591061,-99.809616
50.283,-42.713826,-99.617707
50.292,-42.760018,-99.516464
50.3,-42.874838,-99.382797
50.308,-42.967918,-99.126587
50.317,-43.055712,-99.096664
50.325,-43.218061,-98.796737
50.333,-43.30196,-98.627212
50.342,-43.47199,-98.443467
50.35,-43.610344,-98.198425
50.358,-43.729246,-97.883087
50.367,-43.908283,-97.717194
50.375,-44.075259,-97.428482
50.383,-44.263374,-97.213913
50.392,-44.387613,-96.988342
50.4,-44.610924,-96.710968
50.408,-44.751835,-96.511947
50.417,-44.912994,-96.273056
50.425,-45.101482,-95.955887
50.433,-45.194256,-95.710739
50.442,-45.452169,-95.440948
50.45,-45.566013,-95.188934
50.458,-45.733298,-94.948883
50.467,-45.855852,-94.608399
50.475,-45.976118,-94.454803
50.483,-46.158547,-94.212662
50.492,-46.270536,-93.964355
50.5,-46.356737,-93.79068
50.508,-46.427332,-93.646973
50.517,-46.592457,-93.488831
50.525,-46.617251,-93.326066
50.533,-46.697737,-93.162567
50.542,-46.744627,-92.995971
50.55,-46.784311,-92.869339
50.558,-46.887827,-92.701294
50.567,-46.940378,-92.518264
50.575,-46.968958,-92.416153
50.583,-47.021146,-92.28595
50.592,-47.051508,-92.162887
50.6,-47.076546,-92.069061
50.608,-47.098055,-91.970947
50.617,-47.122686,-91.820679
50.625,-47.147936,-91.696137
50.633,-47.192515,-91.550979
50.642,-47.263294,-91.398651
50.65,-47.284416,-91.275406
50.658,-47.292992,-91.217758
50.667,-47.390585,-91.202973
50.675,-47.431268,-91.167725
50.683,-47.468532,-91.056641
50.692,-47.49721,-90.956772
50.7,-47.503268,-90.827682
50.708,-47.558165,-90.634781
50.717,-47.536789,-90.504455
50.725,-47.544768,-90.304092
50.733,-47.618482,-90.225769
50.742,-47.642212,-90.070831
50.75,-47.684391,-89.956391
50.758,-47.726385,-89.870636
50.767,-47.800258,-89.695358
50.775,-47.883827,-89.602554
50.783,-47.993759,-89.542358
50.792,-48.036756,-89.416382
50.8,-48.07819,-89.298065
50.808,-48.119038,-89.174072
50.817,-48.177439,-89.033753
50.825,-48.221644,-88.894715
50.833,-48.315653,-88.812729
50.842,-48.356596,-88.690338
50.85,-48.38545,-88.595703
50.858,-48.448663,-88.420929
50.867,-48.478054,-88.342316
50.875,-48.516334,-88.266526
50.883,-48.545221,-88.176758
50.892,-48.573183,-88.078583
50.9,-48.6245,-87.981018
50.908,-48.645779,-87.904312
50.917,-48.715139,-87.816833
50.925,-48.7391,-87.744324
50.933,-48.784861,-87.644317
50.942,-48.834465,-87.530807
50.95,-48.819477,-87.404267
50.958,-48.867855,-87.352036
50.967,-48.885449,-87.250626
50.975,-48.90727,-87.160568
50.983,-48.927055,-87.092758
50.992,-48.971686,-86.99237
51,-48.998674,-86.879989
51.008,-49.019038,-86.763092
51.017,-49.039849,-86.659088
51.025,-49.092877,-86.496536
51.033,-49.157497,-86.359253
51.042,-49.181631,-86.257248
51.05,-49.209412,-86.147766
51.058,-49.254086,-86.041031
51.067,-49.320209,-85.944153
51.075,-49.356714,-85.860305
51.083,-49.389286,-85.743607
51.092,-49.488435,-85.571731
51.1,-49.521845,-85.427383
51.108,-49.545159,-85.2798
51.117,-49.592829,-85.108642
51.125,-49.617403,-85.006256
51.133,-49.673531,-84.890228
51.142,-49.740679,-84.785721
51.15,-49.829963,-84.722153
51.158,-49.870394,-84.634293
51.167,-49.972666,-84.5159
51.175,-49.968181,-84.482635
51.183,-49.995786,-84.354905
51.192,-50.054447,-84.217941
51.2,-50.109703,-84.014237
51.208,-50.117192,-83.878112
51.217,-50.185603,-83.659576
51.225,-50.205402,-83.520127
51.233,-50.204027,-83.422455
51.242,-50.250476,-83.275467
51.25,-50.348234,-83.122055
51.258,-50.412447,-83.001877
51.267,-50.46774,-82.85263
51.275,-50.510244,-82.741592
51.283,-50.543678,-82.578705
51.292,-50.570385,-82.412979
51.3,-50.60733,-82.246308
51.308,-50.639761,-82.042465
51.317,-50.711708,-81.883438
51.325,-50.76976,-81.700806
51.333,-50.820316,-81.505936
51.342,-50.880783,-81.37236
51.35,-50.929733,-81.205857
51.358,-50.998129,-81.110169
51.367,-51.069206,-81.007706
51.375,-51.154556,-80.846054
51.383,-51.214708,-80.666062
51.392,-51.264682,-80.501815
51.4,-51.288605,-80.333511
51.408,-51.329954,-80.137176
51.417,-51.352491,-79.972657
51.425,-51.372568,-79.828339
51.433,-51.392126,-79.700973
51.442,-51.531649,-79.516525
51.45,-51.503159,-79.425781
51.458,-51.532616,-79.304566
51.467,-51.577785,-79.208694
51.475,-51.659374,-79.083374
51.483,-51.617481,-79.001038
51.492,-51.641263,-78.859542
51.5,-51.686793,-78.747619
51.508,-51.697887,-78.629791
51.517,-51.664826,-78.466247
51.525,-51.769131,-78.326751
51.533,-51.785479,-78.202774
51.542,-51.832981,-78.079102
51.55,-51.854071,-77.933472
51.558,-51.883548,-77.812286
51.567,-51.893393,-77.680634
51.575,-51.917526,-77.503036
51.583,-51.936097,-77.336243
51.592,-51.911482,-77.085785
51.6,-51.953091,-76.89679
51.608,-51.97625,-76.655075
51.617,-52.003435,-76.427918
51.625,-51.986009,-76.108765
51.633,-52.0795,-75.947235
51.642,-52.18829,-75.627487
51.65,-52.246689,-75.369674
51.658,-52.315191,-75.144806
51.667,-52.297414,-74.777985
51.675,-52.455321,-74.551193
51.683,-52.528869,-74.252563
51.692,-52.613498,-73.996567
51.7,-52.735771,-73.673569
51.708,-52.844503,-73.380111
51.717,-52.869657,-73.10379
51.725,-52.904196,-72.834915
51.733,-52.962393,-72.677291
51.742,-53.059933,-72.402512
51.75,-53.092245,-72.195816
51.758,-53.272579,-72.064301
51.767,-53.296667,-71.929245
51.775,-53.321068,-71.729797
51.783,-53.401625,-71.637268
51.792,-53.4323,-71.473862
51.8,-53.300158,-71.321793
51.808,-53.378162,-71.201629
51.817,-53.409588,-71.165161
51.825,-53.402766,-71.111511
51.833,-53.402361,-71.083618
51.842,-53.402248,-71.070678
51.85,-53.403648,-71.072312
51.858,-53.407976,-71.07225
51.867,-53.402912,-71.068619
51.875,-53.392403,-71.04599
51.883,-53.328112,-71.008148
51.892,-53.220367,-70.887436
51.9,-53.193857,-70.823318
51.908,-53.188537,-70.706894
51.917,-53.234873,-70.631973
51.925,-53.128268,-70.471863
51.933,-53.117965,-70.374482
51.942,-53.136185,-70.222839
51.95,-53.138315,-70.107315
51.958,-53.186999,-69.945785
51.967,-53.235171,-69.692733
51.975,-53.273861,-69.479111
51.983,-53.299399,-69.191727
51.992,-53.255401,-68.853622
52,-53.28645,-68.504639
52.008,-53.324003,-68.163025
52.017,-53.384661,-67.821976
52.025,-53.444988,-67.490845
52.033,-53.512104,-67.177002
52.042,-53.579658,-66.825485
52.05,-53.674812,-66.461014
52.058,-53.712342,-66.177597
52.067,-53.77055,-65.804337
52.075,-53.835207,-65.537491
52.083,-53.932,-65.19806
52.092,-53.94331,-64.945725
52.1,-54.005707,-64.716812
52.108,-54.01432,-64.426834
52.117,-54.048024,-64.253907
52.125,-54.10164,-63.912033
52.133,-54.083139,-63.730927
52.142,-54.109343,-63.487458
52.15,-54.089072,-63.325684
52.158,-54.073981,-63.070389
52.167,-54.098282,-62.947235
52.175,-54.010278,-62.783783
52.183,-54.062141,-62.573746
52.192,-54.067276,-62.38121
52.2,-54.09071,-62.151092
52.208,-54.027021,-61.974472
52.217,-54.070593,-61.828598
52.225,-54.044271,-61.611648
52.233,-54.050631,-61.450058
52.242,-54.069979,-61.248368
52.25,-54.093971,-61.051056
52.258,-54.100004,-60.890595
52.267,-54.125681,-60.707672
52.275,-54.107685,-60.633545
52.283,-54.207746,-60.367386
52.292,-54.219084,-60.292496
52.3,-54.231281,-60.239639
52.308,-54.259252,-60.168182
52.317,-54.322852,-60.129806
52.325,-54.318213,-60.103409
52.333,-54.351357,-60.020417
52.342,-54.279034,-60.011413
52.35,-54.254412,-59.999176
52.358,-54.22661,-60.002578
52.367,-54.174816,-60.069596
52.375,-54.108073,-60.182678
52.383,-54.118348,-60.22696
52.392,-54.101422,-60.317841
52.4,-54.106292,-60.386841
52.408,-54.114418,-60.460327
52.417,-54.08823,-60.585343
52.425,-54.079994,-60.626571
52.433,-54.058195,-60.642151
52.442,-54.011636,-60.657029
52.45,-53.958298,-60.628555
52.458,-53.982569,-60.56253
52.467,-53.972023,-60.524261
52.475,-53.982838,-60.430618
52.483,-53.962652,-60.345596
52.492,-53.974611,-60.280899
52.5,-53.982315,-60.199036
52.508,-53.995651,-60.061997
52.517,-54.022329,-59.868317
52.525,-54.054426,-59.644882
52.533,-54.062961,-59.412018
52.542,-54.044562,-59.218079
52.55,-54.062733,-58.977204
52.558,-54.03458,-58.703964
52.567,-54.060017,-58.503693
52.575,-54.067032,-58.296051
52.583,-54.095751,-58.097473
52.592,-54.126747,-57.830429
52.6,-54.172104,-57.631836
52.608,-54.154867,-57.412751
52.617,-54.118443,-57.168228
52.625,-54.079466,-56.849991
52.633,-54.02063,-56.664261
52.642,-54.024812,-56.376404
52.65,-54.007534,-56.107987
52.658,-53.897541,-55.894135
52.667,-53.892013,-55.614136
52.675,-53.868637,-55.37413
52.683,-53.85392,-55.139389
52.692,-53.823178,-54.819611
52.7,-53.811884,-54.559937
52.708,-53.81225,-54.283676
52.717,-53.785013,-53.986496
52.725,-53.763604,-53.703049
52.733,-53.749808,-53.308105
52.742,-53.752475,-53.010956
52.75,-53.771021,-52.703247
52.758,-53.741303,-52.492386
52.767,-53.667084,-52.190826
52.775,-53.66262,-51.895035
52.783,-53.626465,-51.636231
52.792,-53.597961,-51.368317
52.8,-53.53743,-51.046966
52.808,-53.502753,-50.805557
52.817,-53.47262,-50.572845
52.825,-53.456492,-50.361038
52.833,-53.412064,-50.13498
52.842,-53.39219,-49.932205
52.85,-53.383749,-49.736527
52.858,-53.34923,-49.485931
52.867,-53.284301,-49.234314
52.875,-53.183339,-49.060028
52.883,-53.13653,-48.773789
52.892,-53.035494,-48.466812
52.9,-52.906927,-48.203949
52.908,-52.816839,-47.83519
52.917,-52.752646,-47.46431
52.925,-52.619807,-47.063934
52.933,-52.492071,-46.684494
52.942,-52.402979,-46.252853
52.95,-52.363539,-45.793076
52.958,-52.2698,-45.272644
52.967,-52.18985,-44.807434
52.975,-52.081318,-44.303253
52.983,-51.967762,-43.741745
52.992,-51.885482,-43.219239
53,-51.747631,-42.695877
53.008,-51.544045,-42.162796
53.017,-51.451129,-41.544739
53.025,-51.280731,-41.034668
53.033,-51.116455,-40.511445
53.042,-50.975024,-39.909545
53.05,-50.789677,-39.497132
53.058,-50.683643,-39.061355
53.067,-50.569612,-38.662644
53.075,-50.477514,-38.260178
53.083,-50.372097,-37.876739
53.092,-50.309191,-37.668717
53.1,-50.279455,-37.414017
53.108,-50.317034,-37.148208
53.117,-50.166449,-37.048523
53.125,-50.092035,-36.943252
53.133,-50.051922,-36.859161
53.142,-49.97398,-36.696427
53.15,-49.865988,-36.620468
53.158,-49.750112,-36.535111
53.167,-49.655911,-36.471267
53.175,-49.545613,-36.418137
53.183,-49.484936,-36.34169
53.192,-49.416855,-36.273652
53.2,-49.351707,-36.156357
53.208,-49.281944,-36.068756
53.217,-49.174794,-35.919433
53.225,-49.137502,-35.697082
53.233,-49.064844,-35.544388
53.242,-48.994839,-35.272294
53.25,-48.890745,-35.078781
53.258,-48.786089,-34.77684
53.267,-48.690979,-34.439331
53.275,-48.556548,-34.204071
53.283,-48.37055,-33.802979
53.292,-48.166431,-33.394027
53.3,-47.910888,-33.013931
53.308,-47.656092,-32.564499
53.317,-47.394007,-32.1073
53.325,-47.079689,-31.747299
53.333,-46.929766,-31.251526
53.342,-46.719656,-30.807633
53.35,-46.550696,-30.386063
53.358,-46.311512,-29.972595
53.367,-46.088089,-29.521973
53.375,-45.887438,-29.085694
53.383,-45.621706,-28.704102
53.392,-45.349005,-28.249039
53.4,-45.125301,-27.778641
53.408,-44.777336,-27.354507
53.417,-44.472565,-26.98053
53.425,-44.179432,-26.54068
53.433,-43.871664,-26.152253
53.442,-43.655632,-25.704987
53.45,-43.344856,-25.360459
53.458,-43.094999,-25.075104
53.467,-42.919422,-24.670593
53.475,-42.698452,-24.320205
53.483,-42.467842,-24.062256
53.492,-42.199753,-23.742218
53.5,-41.950463,-23.397369
53.508,-41.669399,-23.124145
53.517,-41.342895,-22.883728
53.525,-41.073608,-22.552139
53.533,-40.727009,-22.284057
53.542,-40.426777,-21.996689
53.55,-40.050335,-21.666702
53.558,-39.738613,-21.362808
53.567,-39.266857,-21.019074
53.575,-38.923932,-20.660476
53.583,-38.53883,-20.276489
53.592,-38.044678,-19.840866
53.6,-37.565415,-19.372192
53.608,-37.200032,-19.013351
53.617,-36.713722,-18.585281
53.625,-36.224736,-18.10817
53.633,-35.797264,-17.66098
53.642,-35.274254,-17.192459
53.65,-34.756302,-16.717758
53.658,-34.233093,-16.282486
53.667,-33.646023,-15.803406
53.675,-33.1647,-15.43364
53.683,-32.555122,-14.989212
53.692,-31.969978,-14.550415
53.7,-31.461754,-14.156402
53.708,-30.940659,-13.826446
53.717,-30.512013,-13.429032
53.725,-30.009117,-13.079453
53.733,-29.567681,-12.788543
53.742,-29.11911,-12.524292
53.75,-28.670944,-12.335968
53.758,-28.372955,-12.172668
53.767,-28.001465,-11.912033
53.775,-27.45705,-11.698181
53.783,-27.077808,-11.565415
53.792,-26.646488,-11.344712
53.8,-26.229966,-11.16681
53.808,-25.903286,-11.066162
53.817,-25.646202,-10.901657
53.825,-25.393757,-10.795715
53.833,-25.202282,-10.675385
53.842,-25.030163,-10.636658
53.85,-24.865703,-10.522369
53.858,-24.807785,-10.462509
53.867,-24.785572,-10.392853
53.875,-24.737709,-10.338318
53.883,-24.717476,-10.30719
53.892,-24.707565,-10.284409
53.9,-24.696907,-10.244659
53.908,-24.719253,-10.291305
53.917,-24.730056,-10.224625
53.925,-24.792141,-10.342575
53.933,-24.838928,-10.370056
53.942,-24.894718,-10.496979
53.95,-24.969135,-10.450531
53.958,-25.016926,-10.541809
53.967,-25.071926,-10.575546
53.975,-25.116105,-10.667435
53.983,-25.179165,-10.779007
53.992,-25.321564,-10.750503
54,-25.413422,-10.818344
54.008,-25.540348,-10.855285
54.017,-25.769451,-10.820984
54.025,-25.940181,-10.931549
54.033,-26.103641,-10.951309
54.042,-26.311565,-11.018097
54.05,-26.43932,-11.105042
54.058,-26.58265,-11.182724
54.067,-26.752247,-11.25563
54.075,-26.891236,-11.33374
54.083,-26.993553,-11.416382
54.092,-27.151172,-11.52118
54.1,-27.277378,-11.641281
54.108,-27.486538,-11.6978
54.117,-27.612957,-11.835846
54.125,-27.792686,-11.913895
54.133,-27.905373,-12.015808
54.142,-28.124034,-12.093521
54.15,-28.240512,-12.168655
54.158,-28.406768,-12.190582
54.167,-28.566513,-12.273544
54.175,-28.792633,-12.391113
54.183,-28.933815,-12.495376
54.192,-29.189053,-12.545014
54.2,-29.452469,-12.676102
54.208,-29.743431,-12.728546
54.217,-30.03027,-12.922043
54.225,-30.351177,-13.044373
54.233,-30.655246,-13.24498
54.242,-30.995971,-13.416474
54.25,-31.362828,-13.587372
54.258,-31.735901,-13.847412
54.267,-32.151493,-14.135773
54.275,-32.589157,-14.444534
54.283,-33.079303,-14.791885
54.292,-33.567207,-15.151672
54.3,-34.134666,-15.589142
54.308,-34.76836,-16.055526
54.317,-35.377926,-16.554428
54.325,-36.013259,-17.075318
54.333,-36.641247,-17.61293
54.342,-37.256901,-18.161133
54.35,-37.974774,-18.797409
54.358,-38.588803,-19.423858
54.367,-39.185898,-20.028213
54.375,-39.854473,-20.754486
54.383,-40.429985,-21.401291
54.392,-41.030967,-22.174012
54.4,-41.513176,-22.863678
54.408,-42.057838,-23.562317
54.417,-42.560322,-24.292542
54.425,-43.047798,-25.001434
54.433,-43.528242,-25.703858
54.442,-43.899196,-26.269043
54.45,-44.295427,-26.888001
54.458,-44.697197,-27.453506
54.467,-45.022049,-28.020691
54.475,-45.301311,-28.523773
54.483,-45.554314,-28.918167
54.492,-45.759289,-29.304245
54.5,-45.959536,-29.622375
54.508,-46.185539,-29.923965
54.517,-46.404191,-30.216751
54.525,-46.588292,-30.425003
54.533,-46.7372,-30.694824
54.542,-46.878505,-30.818055
54.55,-47.03412,-31.102111
54.558,-47.141193,-31.131897
54.567,-47.237583,-31.287414
54.575,-47.342384,-31.484971
54.583,-47.398628,-31.535416
54.592,-47.491821,-31.678161
54.6,-47.568312,-31.849457
54.608,-47.732497,-32.056916
54.617,-47.819714,-32.202667
54.625,-47.958258,-32.42302
54.633,-48.160664,-32.613159
54.642,-48.275744,-32.848755
54.65,-48.415103,-33.129807
54.658,-48.493002,-33.395981
54.667,-48.593149,-33.695206
54.675,-48.715964,-34.047592
54.683,-48.813839,-34.266221
54.692,-48.95933,-34.633255
54.7,-49.154576,-34.986847
54.708,-49.476036,-35.44838
54.717,-49.595325,-35.917312
54.725,-49.824226,-36.493209
54.733,-50.035817,-36.990341
54.742,-50.353891,-37.497406
54.75,-50.52417,-38.09105
54.758,-50.761812,-38.666657
54.767,-50.92049,-39.350723
54.775,-51.119968,-39.932434
54.783,-51.403312,-40.549148
54.792,-51.481825,-41.241089
54.8,-51.685016,-41.975678
54.808,-51.832552,-42.636399
54.817,-52.055746,-43.322647
54.825,-52.129449,-44.028336
54.833,-52.281116,-44.713516
54.842,-52.42357,-45.380143
54.85,-52.508115,-46.068146
54.858,-52.571966,-46.663712
54.867,-52.737159,-47.310288
54.875,-52.844026,-47.911163
54.883,-53.005369,-48.493927
54.892,-53.122612,-49.106202
54.9,-53.219765,-49.776337
54.908,-53.385702,-50.382294
54.917,-53.511285,-50.992935
54.925,-53.591791,-51.518265
54.933,-53.725359,-52.17839
54.942,-53.816593,-52.730728
54.95,-53.826698,-53.383072
54.958,-53.916849,-53.96997
54.967,-53.886154,-54.625092
54.975,-53.913418,-55.218704
54.983,-53.95575,-55.830811
54.992,-53.945893,-56.55545
55,-53.926089,-57.238846
55.008,-53.95585,-57.814789
55.017,-53.965721,-58.556488
55.025,-53.984326,-59.161057
55.033,-53.876857,-59.79065
55.042,-53.83861,-60.373337
55.05,-53.784781,-60.926697
55.058,-53.727798,-61.482406
55.067,-53.689015,-61.990295
55.075,-53.720957,-62.560807
55.083,-53.709902,-63.039627
55.092,-53.713646,-63.561005
55.1,-53.712664,-64.030121
55.108,-53.711261,-64.491531
55.117,-53.723074,-64.713791
55.125,-53.728892,-65.088211
55.133,-53.598353,-65.392517
55.142,-53.605492,-65.54895
55.15,-53.60814,-65.855194
55.158,-53.556851,-66.121139
55.167,-53.609205,-66.410583
55.175,-53.622432,-66.872268
55.183,-53.623555,-67.167969
55.192,-53.594305,-67.488815
55.2,-53.622162,-67.868973
55.208,-53.577774,-68.161728
55.217,-53.484635,-68.416168
55.225,-53.384033,-68.733352
55.233,-53.316667,-68.980332
55.242,-53.215812,-69.198608
55.25,-53.106586,-69.521408
55.258,-53.041002,-69.789612
55.267,-52.984528,-70.134186
55.275,-52.928595,-70.554123
55.283,-52.90712,-70.899246
55.292,-52.869649,-71.239975
55.3,-52.791572,-71.57515
55.308,-52.733879,-71.840714
55.317,-52.655288,-72.15158
55.325,-52.603792,-72.298538
55.333,-52.542942,-72.570999
55.342,-52.451358,-72.82341
55.35,-52.373036,-73.091324
55.358,-52.336697,-73.344772
55.367,-52.296287,-73.683441
55.375,-52.258661,-74.081101
55.383,-52.226801,-74.472885
55.392,-52.18009,-74.877853
55.4,-52.109226,-75.280182
55.408,-51.953621,-75.800766
55.417,-51.865751,-76.230194
55.425,-51.781032,-76.777954
55.433,-51.627319,-77.309754
55.442,-51.456812,-77.868835
55.45,-51.285883,-78.432815
55.458,-51.096103,-79.120056
55.467,-50.875467,-79.872238
55.475,-50.668212,-80.517379
55.483,-50.399622,-81.305038
55.492,-50.146492,-82.111267
55.5,-49.96625,-82.85817
55.508,-49.539182,-83.553283
55.517,-49.219286,-84.264786
55.525,-48.83613,-84.898773
55.533,-48.509287,-85.579148
55.542,-48.194035,-86.18161
55.55,-47.845335,-86.890503
55.558,-47.517359,-87.479401
55.567,-47.267315,-88.138703
55.575,-46.999495,-88.768768
55.583,-46.647565,-89.339447
55.592,-46.449243,-89.859924
55.6,-46.213885,-90.289795
55.608,-45.984058,-90.658356
55.617,-45.7748,-90.982574
55.625,-45.621376,-91.298096
55.633,-45.455723,-91.617798
55.642,-45.293529,-91.862778
55.65,-45.192093,-92.098968
55.658,-45.078795,-92.43425
55.667,-44.988934,-92.681442
55.675,-44.937921,-92.910111
55.683,-44.925455,-93.129409
55.692,-44.881107,-93.317535
55.7,-44.809826,-93.44838
55.708,-44.78866,-93.529663
55.717,-44.771807,-93.663758
55.725,-44.738293,-93.783921
55.733,-44.668646,-93.889298
55.742,-44.651003,-94.063965
55.75,-44.680603,-94.228897
55.758,-44.598728,-94.469528
55.767,-44.621634,-94.656891
55.775,-44.550188,-94.895294
55.783,-44.482617,-95.138107
55.792,-44.404396,-95.310959
55.8,-44.281006,-95.498001
55.808,-44.195452,-95.68808
55.817,-44.139052,-95.997818
55.825,-43.945091,-96.303726
55.833,-43.83775,-96.479798
55.842,-43.623356,-96.903885
55.85,-43.458832,-97.186356
55.858,-43.285381,-97.46933
55.867,-43.067569,-97.891067
55.875,-42.859363,-98.078689
55.883,-42.632591,-98.435013
55.892,-42.408421,-98.740815
55.9,-42.225967,-99.01065
55.908,-41.959053,-99.194931
55.917,-41.638466,-99.390473
55.925,-41.50882,-99.59079
55.933,-41.223274,-99.898514
55.942,-41.076779,-100.175827
55.95,-40.863156,-100.487625
55.958,-40.697242,-100.653457
55.967,-40.532154,-100.966278
55.975,-40.411476,-101.137879
55.983,-40.177021,-101.229126
55.992,-40.092903,-101.333694
56,-40.023106,-101.440918
56.008,-39.877815,-101.56102
56.017,-39.779678,-101.671676
56.025,-39.727951,-101.799225
56.033,-39.66095,-101.973846
56.042,-39.618976,-102.106125
56.05,-39.558647,-102.222824
56.058,-39.471047,-102.341354
56.067,-39.483178,-102.523788
56.075,-39.457676,-102.641616
56.083,-39.438026,-102.84578
56.092,-39.389012,-102.934845
56.1,-39.330383,-103.096497
56.108,-39.300083,-103.303437
56.117,-39.206665,-103.460511
56.125,-39.125523,-103.657059
56.133,-39.028,-104.01796
56.142,-38.889515,-104.095642
56.15,-38.812165,-104.355026
56.158,-38.663173,-104.509247
56.167,-38.480362,-104.830216
56.175,-38.316307,-105.115464
56.183,-38.107052,-105.267395
56.192,-37.835129,-105.621506
56.2,-37.587661,-106.028961
56.208,-37.357262,-106.341858
56.217,-37.041207,-106.727127
56.225,-36.819176,-107.02356
56.233,-36.507874,-107.359894
56.242,-36.16803,-107.746644
56.25,-35.786869,-108.102737
56.258,-35.415645,-108.506027
56.267,-35.045871,-108.927536
56.275,-34.638279,-109.323105
56.283,-34.224274,-109.725372
56.292,-33.796696,-110.02945
56.3,-33.393398,-110.454971
56.308,-32.924446,-110.956009
56.317,-32.591019,-111.337616
56.325,-32.070972,-111.669845
56.333,-31.660606,-112.186646
56.342,-31.231007,-112.590332
56.35,-30.734314,-112.973419
56.358,-30.30999,-113.478607
56.367,-29.929375,-114.004395
56.375,-29.535538,-114.421769
56.383,-29.120152,-114.712417
56.392,-28.71439,-115.015732
56.4,-28.326065,-115.339783
56.408,-27.985127,-115.601608
56.417,-27.629315,-115.95343
56.425,-27.289928,-116.303619
56.433,-26.924736,-116.578796
56.442,-26.641155,-116.697189
56.45,-26.41301,-117.08905
56.458,-26.129464,-117.263046
56.467,-25.86523,-117.517823
56.475,-25.728538,-117.659104
56.483,-25.509186,-117.806549
56.492,-25.368309,-117.932098
56.5,-25.183918,-118.051545
56.508,-25.090046,-118.192032
56.517,-25.035793,-118.39061
56.525,-24.953286,-118.472687
56.533,-24.770999,-118.50856
56.542,-24.747837,-118.607971
56.55,-24.810909,-118.682067
56.558,-24.750797,-118.782364
56.567,-24.727215,-118.819138
56.575,-24.705574,-118.856033
56.583,-24.682175,-118.941437
56.592,-24.603374,-119.0253
56.6,-24.593418,-119.113404
56.608,-24.59946,-119.220397
56.617,-24.5205,-119.202103
56.625,-24.447273,-119.296143
56.633,-24.33474,-119.479691
56.642,-24.300003,-119.605881
56.65,-24.18079,-119.807983
56.658,-23.975247,-119.846176
56.667,-23.879997,-120.028427
56.675,-23.710213,-120.106857
56.683,-23.577999,-120.299347
56.692,-23.375324,-120.538803
56.7,-23.132057,-120.624618
56.708,-22.790248,-120.774399
56.717,-22.578018,-121.038971
56.725,-22.331143,-121.213105
56.733,-22.059475,-121.426147
56.742,-21.727894,-121.6604
56.75,-21.410683,-121.703003
56.758,-21.107388,-122.069061
56.767,-20.827214,-122.137298
56.775,-20.513587,-122.368378
56.783,-20.184734,-122.591095
56.792,-19.861805,-122.707215
56.8,-19.519936,-122.853394
56.808,-19.246105,-123.056686
56.817,-18.943268,-123.220459
56.825,-18.647438,-123.284043
56.833,-18.358437,-123.582413
56.842,-18.135643,-123.626694
56.85,-17.862728,-123.862488
56.858,-17.625992,-123.920243
56.867,-17.37904,-124.129699
56.875,-17.192414,-124.200882
56.883,-17.034874,-124.381225
56.892,-16.744144,-124.404266
56.9,-16.587535,-124.602112
56.908,-16.440158,-124.707092
56.917,-16.266625,-124.760178
56.925,-16.146114,-124.932556
56.933,-15.987503,-124.994873
56.942,-15.825759,-125.066803
56.95,-15.751869,-125.219788
56.958,-15.663917,-125.274872
56.967,-15.518639,-125.337876
56.975,-15.455574,-125.49408
56.983,-15.359504,-125.492019
56.992,-15.232864,-125.604019
57,-15.166393,-125.664062
57.008,-15.093426,-125.779892
57.017,-15.024682,-125.754059
57.025,-15.046471,-125.749512
57.033,-15.072029,-125.832764
57.042,-14.998188,-125.763412
57.05,-14.988316,-125.823853
57.058,-14.930572,-125.74292
57.067,-14.922973,-125.741241
57.075,-14.918888,-125.741013
57.083,-14.968261,-125.750488
57.092,-14.900837,-125.702515
57.1,-14.916668,-125.687622
57.108,-15.029026,-125.590012
57.117,-15.136631,-125.597565
57.125,-15.194798,-125.552643
57.133,-15.289119,-125.472473
57.142,-15.336373,-125.365631
57.15,-15.447914,-125.414185
57.158,-15.538204,-125.374924
57.167,-15.704372,-125.313385
57.175,-15.806644,-125.272735
57.183,-15.959862,-125.186081
57.192,-16.140087,-125.016006
57.2,-16.35743,-124.985886
57.208,-16.61211,-124.757553
57.217,-16.846749,-124.717804
57.225,-17.14423,-124.487824
57.233,-17.409713,-124.33519
57.242,-17.771485,-124.105286
57.25,-18.276543,-123.837265
57.258,-18.753234,-123.479157
57.267,-19.336929,-123.064987
57.275,-19.865791,-122.637238
57.283,-20.527157,-122.026795
57.292,-21.199825,-121.73941
57.3,-21.8653,-121.131729
57.308,-22.693077,-120.680939
57.317,-23.400944,-120.135819
57.325,-24.212994,-119.51564
57.333,-24.969917,-118.933915
57.342,-25.771999,-118.26561
57.35,-26.654087,-117.656418
57.358,-27.515243,-117.040557
57.367,-28.268238,-116.489334
57.375,-29.036888,-115.955566
57.383,-29.815552,-115.302581
57.392,-30.525551,-114.787445
57.4,-31.173248,-114.221008
57.408,-31.763508,-113.659088
57.417,-32.354615,-113.314865
57.425,-32.882198,-112.979111
57.433,-33.316204,-112.6436
57.442,-33.731209,-112.332031
57.45,-34.051094,-112.183487
57.458,-34.359604,-112.044738
57.467,-34.528824,-111.868026
57.475,-34.731872,-111.679627
57.483,-34.808415,-111.545578
57.492,-34.871723,-111.517166
57.5,-34.88953,-111.382797
57.508,-34.871037,-111.35733
57.517,-34.770363,-111.270294
57.525,-34.701446,-111.220337
57.533,-34.600284,-111.190644
57.542,-34.487381,-111.139526
57.55,-34.411259,-111.02858
57.558,-34.235202,-110.929229
57.567,-34.120545,-110.845734
57.575,-34.07993,-110.721145
57.583,-33.993576,-110.630127
57.592,-33.895413,-110.444474
57.6,-33.819034,-110.354523
57.608,-33.850345,-110.169861
57.617,-33.858566,-109.973954
57.625,-33.900913,-109.684265
57.633,-34.074158,-109.530838
57.642,-34.220867,-109.238952
57.65,-34.449406,-108.94519
57.658,-34.6684,-108.55983
57.667,-34.973492,-108.284592
57.675,-35.289658,-107.856781
57.683,-35.673447,-107.501495
57.692,-36.031708,-107.203797
57.7,-36.404358,-106.816879
57.708,-36.813855,-106.521545
57.717,-37.222859,-106.234878
57.725,-37.678165,-105.843338
57.733,-38.120072,-105.545151
57.742,-38.528412,-105.160004
57.75,-38.938694,-104.832871
57.758,-39.340531,-104.503983
57.767,-39.728576,-104.113251
57.775,-40.092716,-103.722458
57.783,-40.469166,-103.413758
57.792,-40.795227,-103.081742
57.8,-41.148449,-102.819107
57.808,-41.457409,-102.480469
57.817,-41.679306,-102.134171
57.825,-41.94368,-101.916122
57.833,-42.226581,-101.587479
57.842,-42.372902,-101.261185
57.85,-42.587589,-100.903275
57.858,-42.724556,-100.570694
57.867,-42.917183,-100.297486
57.875,-42.998591,-99.933288
57.883,-43.134094,-99.461228
57.892,-43.321097,-99.102997
57.9,-43.402956,-98.76532
57.908,-43.520847,-98.415283
57.917,-43.643877,-98.042526
57.925,-43.645445,-97.624435
57.933,-43.815169,-97.222457
57.942,-43.88361,-96.743729
57.95,-44.00498,-96.314483
57.958,-44.169928,-95.850448
57.967,-44.218354,-95.314377
57.975,-44.425478,-94.785263
57.983,-44.661544,-94.319138
57.992,-44.853806,-93.772171
58,-45.159323,-93.201141
58.008,-45.410481,-92.67337
58.017,-45.701241,-92.119049
58.025,-46.042299,-91.631317
58.033,-46.337765,-91.02562
58.042,-46.713466,-90.551621
58.05,-47.046184,-90.03003
58.058,-47.397398,-89.54181
58.067,-47.751921,-89.000274
58.075,-48.14043,-88.547333
58.083,-48.475985,-88.014373
58.092,-48.844017,-87.557327
58.1,-49.149004,-87.044983
58.108,-49.402713,-86.522598
58.117,-49.678888,-86.130402
58.125,-49.953861,-85.604294
58.133,-50.167912,-85.195038
58.142,-50.392566,-84.801208
58.15,-50.590669,-84.504516
58.158,-50.771832,-84.147323
58.167,-50.894527,-83.843948
58.175,-50.997598,-83.52095
58.183,-51.060379,-83.232498
58.192,-51.151364,-82.9729
58.2,-51.181757,-82.723755
58.208,-51.244262,-82.343521
58.217,-51.232628,-82.134262
58.225,-51.236252,-81.88565
58.233,-51.215155,-81.631562
58.242,-51.066547,-81.441056
58.25,-51.037165,-81.201844
58.258,-50.946135,-80.936737
58.267,-50.895645,-80.734817
58.275,-50.795332,-80.410629
58.283,-50.751415,-80.193848
58.292,-50.747785,-79.982422
58.3,-50.708198,-79.757233
58.308,-50.738933,-79.5728
58.317,-50.762241,-79.37944
58.325,-50.785442,-79.188477
58.333,-50.788189,-78.923263
58.342,-50.874983,-78.71466
58.35,-50.906609,-78.38623
58.358,-50.935683,-78.077972
58.367,-51.010308,-77.686157
58.375,-51.084133,-77.365723
58.383,-51.191652,-77.027771
58.392,-51.297733,-76.577331
58.4,-51.427542,-76.221466
58.408,-51.585741,-75.840942
58.417,-51.785153,-75.468888
58.425,-51.934587,-75.205414
58.433,-52.146906,-74.835449
58.442,-52.292299,-74.489395
58.45,-52.482929,-74.091446
58.458,-52.619337,-73.765945
58.467,-52.739492,-73.436218
58.475,-52.91842,-73.055801
58.483,-53.006287,-72.726685
58.492,-53.134151,-72.401825
58.5,-53.279935,-72.103821
58.508,-53.314795,-71.733123
58.517,-53.370741,-71.430359
58.525,-53.411512,-71.159683
58.533,-53.457521,-70.811737
58.542,-53.480341,-70.512314
58.55,-53.494009,-70.2415
58.558,-53.498266,-69.935471
58.567,-53.53872,-69.579438
58.575,-53.550238,-69.268357
58.583,-53.504776,-68.950058
58.592,-53.524404,-68.566803
58.6,-53.529219,-68.18837
58.608,-53.562268,-67.725692
58.617,-53.514337,-67.250061
58.625,-53.486032,-66.84555
58.633,-53.552918,-66.298797
58.642,-53.565722,-65.850266
58.65,-53.580112,-65.400116
58.658,-53.589826,-64.982849
58.667,-53.655317,-64.465896
58.675,-53.743553,-63.952743
58.683,-53.795931,-63.421692
58.692,-53.83571,-62.934113
58.7,-53.781035,-62.479858
58.708,-53.809306,-61.94812
58.717,-53.871338,-61.396149
58.725,-53.869417,-60.843628
58.733,-53.880737,-60.393845
58.742,-53.952909,-59.961319
58.75,-53.985268,-59.568802
58.758,-54.060747,-59.156143
58.767,-54.084436,-58.795456
58.775,-54.121908,-58.540985
58.783,-54.203361,-58.267761
58.792,-54.269806,-58.017593
58.8,-54.292502,-57.794739
58.808,-54.304512,-57.569
58.817,-54.277851,-57.259933
58.825,-54.248959,-57.096848
58.833,-54.229599,-56.879288
58.842,-54.138975,-56.74414
58.85,-54.094111,-56.555435
58.858,-54.087477,-56.279114
58.867,-54.128907,-56.27098
58.875,-54.140167,-56.184295
58.883,-54.157077,-56.066773
58.892,-54.107086,-55.95874
58.9,-54.191355,-55.81636
58.908,-54.116156,-55.654694
58.917,-53.962801,-55.47873
58.925,-53.914383,-55.346009
58.933,-53.946635,-55.152191
58.942,-53.854185,-54.962784
58.95,-53.862909,-54.83931
58.958,-53.919548,-54.660126
58.967,-53.854279,-54.428971
58.975,-53.848879,-54.35701
58.983,-53.769448,-54.210312
58.992,-53.717141,-54.096314
59,-53.636437,-53.806396
59.008,-53.59951,-53.683701
59.017,-53.584095,-53.468017
59.025,-53.505491,-53.29248
59.033,-53.40861,-53.044815
59.042,-53.404509,-52.908906
59.05,-53.388472,-52.714981
59.058,-53.347841,-52.511154
59.067,-53.341145,-52.311706
59.075,-53.357392,-52.274826
59.083,-53.325717,-52.107803
59.092,-53.317846,-51.890824
59.1,-53.380007,-51.785675
59.108,-53.400044,-51.668014
59.117,-53.372982,-51.544647
59.125,-53.470785,-51.398453
59.133,-53.542769,-51.252152
59.142,-53.475405,-51.196961
59.15,-53.506424,-51.015625
59.158,-53.473471,-50.930725
59.167,-53.449108,-50.835373
59.175,-53.340153,-50.743133
59.183,-53.298084,-50.641022
59.192,-53.353369,-50.404175
59.2,-53.3072,-50.282852
59.208,-53.313476,-50.129669
59.217,-53.297155,-49.941604
59.225,-53.217697,-49.701538
59.233,-53.185347,-49.481842
59.242,-53.148033,-49.248291
59.25,-53.074524,-48.956299
59.258,-52.985052,-48.638077
59.267,-52.962141,-48.375656
59.275,-52.938601,-48.059997
59.283,-52.894832,-47.701248
59.292,-52.851593,-47.400222
59.3,-52.825717,-47.085511
59.308,-52.843806,-46.87651
59.317,-52.84847,-46.582779
59.325,-52.651661,-46.358872
59.333,-52.650534,-46.1745
59.342,-52.671166,-46.02417
59.35,-52.647917,-45.863113
59.358,-52.631374,-45.808182
59.367,-52.524204,-45.76741
59.375,-52.496729,-45.750824
59.383,-52.522364,-45.722549
59.392,-52.498405,-45.737152
59.4,-52.461331,-45.829239
59.408,-52.38469,-45.881745
59.417,-52.384913,-45.880204
59.425,-52.341695,-45.961197
59.433,-52.233565,-46.06192
59.442,-52.256003,-46.089736
59.45,-52.2629,-46.193405
59.458,-52.345052,-46.232605
59.467,-52.384853,-46.218842
59.475,-52.395527,-46.363831
59.483,-52.435521,-46.399322
59.492,-52.466162,-46.422363
59.5,-52.561512,-46.428726
59.508,-52.585999,-46.45253
59.517,-52.526006,-46.461808
59.525,-52.53948,-46.471436
59.533,-52.615334,-46.475556
59.542,-52.633837,-46.496017
59.55,-52.651072,-46.523529
59.558,-52.56662,-46.557602
59.567,-52.605389,-46.568893
59.575,-52.645565,-46.672516
59.583,-52.684134,-46.741226
59.592,-52.658949,-46.793075
59.6,-52.66522,-46.838242
59.608,-52.586355,-46.8685
59.617,-52.644022,-46.890793
59.625,-52.564212,-46.917892
59.633,-52.584923,-46.967315
59.642,-52.579914,-46.995605
59.65,-52.681003,-47.021225
59.658,-52.625475,-47.141616
59.667,-52.540136,-47.174148
59.675,-52.600319,-47.165024
59.683,-52.538817,-47.190705
59.692,-52.656979,-47.160599
59.7,-52.671951,-47.164901
59.708,-52.606387,-47.180679
59.717,-52.650869,-47.142975
59.725,-52.58124,-47.153748
59.733,-52.543023,-47.1987
59.742,-52.557738,-47.231125
59.75,-52.652443,-47.287918
59.758,-52.675363,-47.28125
59.767,-52.751099,-47.36969
59.775,-52.833256,-47.502655
59.783,-52.828928,-47.585907
59.792,-52.815296,-47.731095
59.8,-52.813715,-47.782394
59.808,-52.814091,-47.838593
59.817,-52.785755,-47.935424
59.825,-52.795248,-48.102569
59.833,-52.761322,-48.082794
59.842,-52.810543,-48.380875
59.85,-52.826054,-48.450607
59.858,-52.917448,-48.589371
59.867,-53.060064,-48.814071
59.875,-53.028973,-48.927231
59.883,-53.032715,-49.060929
59.892,-53.074387,-49.243287
59.9,-53.130907,-49.388931
59.908,-53.15946,-49.553574
59.917,-53.174641,-49.74823
59.925,-53.206528,-49.959183
59.933,-53.335285,-50.219101
59.942,-53.366829,-50.535064
59.95,-53.430031,-50.83281
59.958,-53.514,-51.220261
59.967,-53.551606,-51.612716
59.975,-53.677656,-52.048187
59.983,-53.669638,-52.524689
59.992,-53.732481,-52.994537
60,-53.748568,-53.445175
60.008,-53.730096,-53.958908
60.017,-53.718044,-54.561828
60.025,-53.722119,-55.046509
60.033,-53.727104,-55.538955
60.042,-53.74339,-56.105576
60.05,-53.696804,-56.666657
60.058,-53.697499,-57.145217
60.067,-53.743742,-57.663879
60.075,-53.727642,-58.188934
60.083,-53.712693,-58.65979
60.092,-53.75434,-59.118317
60.1,-53.721172,-59.5737
60.108,-53.669815,-59.96759
60.117,-53.672367,-60.300049
60.125,-53.680635,-60.577668
60.133,-53.725029,-60.904572
60.142,-53.69714,-61.194351
60.15,-53.718088,-61.399445
60.158,-53.705763,-61.64447
60.167,-53.724719,-61.823807
60.175,-53.711114,-62.04483
60.183,-53.730194,-62.206162
60.192,-53.760893,-62.446701
60.2,-53.77433,-62.594834
60.208,-53.76367,-62.766266
60.217,-53.789289,-63.031845
60.225,-53.744446,-63.094574
60.233,-53.755672,-63.214233
60.242,-53.719109,-63.415741
60.25,-53.724817,-63.537964
60.258,-53.71151,-63.718567
60.267,-53.699667,-63.892929
60.275,-53.690662,-64.090683
60.283,-53.727638,-64.307861
60.292,-53.778017,-64.419739
60.3,-53.653085,-64.726578
60.308,-53.705687,-64.842285
60.317,-53.591448,-65.088227
60.325,-53.640484,-65.315353
60.333,-53.575296,-65.533615
60.342,-53.566994,-65.637008
60.35,-53.57464,-65.975036
60.358,-53.556954,-66.217788
60.367,-53.511011,-66.551941
60.375,-53.401057,-66.741883
60.383,-53.550352,-67.078384
60.392,-53.587275,-67.396713
60.4,-53.549614,-67.73941
60.408,-53.492811,-68.121017
60.417,-53.409021,-68.506973
60.425,-53.360394,-68.910156
60.433,-53.310337,-69.340759
60.442,-53.244005,-69.829285
60.45,-53.169947,-70.293594
60.458,-53.070395,-70.875671
60.467,-52.932388,-71.506653
60.475,-52.872284,-72.03064
60.483,-52.629202,-72.606751
60.492,-52.484894,-73.260818
60.5,-52.303794,-73.834976
60.508,-52.1791,-74.452301
60.517,-51.952923,-75.122605
60.525,-51.793896,-75.835311
60.533,-51.59984,-76.495865
60.542,-51.430312,-77.192871
60.55,-51.198591,-77.915191
60.558,-51.001524,-78.618424
60.567,-50.784508,-79.199783
60.575,-50.565947,-79.854157
60.583,-50.334398,-80.450989
60.592,-50.14695,-80.991059
60.6,-49.871759,-81.519822
60.608,-49.643577,-82.058075
60.617,-49.457018,-82.569321
60.625,-49.264944,-83.180466
60.633,-49.102745,-83.673371
60.642,-48.928421,-84.193619
60.65,-48.736983,-84.607224
60.658,-48.553037,-85.053482
60.667,-48.389805,-85.4254
60.675,-48.210396,-85.792938
60.683,-48.064137,-86.050095
60.692,-47.844607,-86.331939
60.7,-47.729935,-86.658463
60.708,-47.588282,-87.01886
60.717,-47.476528,-87.390076
60.725,-47.398586,-87.73645
60.733,-47.303877,-88.114212
60.742,-47.222887,-88.415985
60.75,-47.106149,-88.650314
60.758,-47.003157,-88.764908
60.767,-46.855002,-88.94101
60.775,-46.766191,-89.098343
60.783,-46.725761,-89.247803
60.792,-46.665072,-89.418274
60.8,-46.624863,-89.590134
60.808,-46.517577,-89.801162
60.817,-46.451889,-89.962783
60.825,-46.43843,-90.167541
60.833,-46.407663,-90.334397
60.842,-46.38513,-90.435562
60.85,-46.320637,-90.482788
60.858,-46.283314,-90.514526
60.867,-46.260148,-90.550171
60.875,-46.231511,-90.640854
60.883,-46.21467,-90.718796
60.892,-46.200926,-90.810135
60.9,-46.194778,-90.934693
60.908,-46.140623,-91.11435
60.917,-46.128427,-91.243698
60.925,-46.066631,-91.389312
60.933,-46.046131,-91.521622
60.942,-46.067139,-91.651703
60.95,-46.03447,-91.722061
60.958,-45.99547,-91.778854
60.967,-45.92869,-91.915039
60.975,-45.866014,-92.040527
60.983,-45.823801,-92.177841
60.992,-45.727072,-92.380066
61,-45.66737,-92.619599
61.008,-45.579345,-92.928909
61.017,-45.528448,-93.106552
61.025,-45.425829,-93.39772
61.033,-45.252594,-93.660553
61.042,-45.185061,-93.954589
61.05,-45.011008,-94.205337
61.058,-44.81296,-94.448623
61.067,-44.641413,-94.807373
61.075,-44.428469,-95.263382
61.083,-44.222295,-95.644592
61.092,-43.995811,-96.048142
61.1,-43.737032,-96.512863
61.108,-43.470657,-96.903748
61.117,-43.247393,-97.403762
61.125,-42.940435,-97.865982
61.133,-42.637735,-98.335754
61.142,-42.27985,-98.797531
61.15,-41.960533,-99.314438
61.158,-41.616543,-99.774704
61.167,-41.27501,-100.307388
61.175,-40.894673,-100.830933
61.183,-40.49944,-101.363159
61.192,-40.125576,-101.9599
61.2,-39.711959,-102.463852
61.208,-39.314823,-103.026321
61.217,-38.890778,-103.601898
61.225,-38.496139,-104.107209
61.233,-38.022396,-104.606048
61.242,-37.579998,-105.113937
61.25,-37.181065,-105.633316
61.258,-36.732216,-106.044083
61.267,-36.346249,-106.624802
61.275,-35.860195,-107.048858
61.283,-35.473938,-107.630447
61.292,-35.009079,-108.139709
61.3,-34.676746,-108.584305
61.308,-34.361062,-109.046265
61.317,-33.959377,-109.441544
61.325,-33.5699,-109.812271
61.333,-33.210045,-110.190155
61.342,-32.863899,-110.467545
61.35,-32.594868,-110.736786
61.358,-32.303104,-111.111603
61.367,-32.036121,-111.336563
61.375,-31.76595,-111.559037
61.383,-31.510708,-111.767471
61.392,-31.335373,-112.026215
61.4,-31.234219,-112.155075
61.408,-31.155037,-112.186234
61.417,-31.113067,-112.222259
61.425,-31.059848,-112.318344
61.433,-31.057666,-112.319946
61.442,-31.06789,-112.312226
61.45,-31.124695,-112.226105
61.458,-31.217453,-112.192489
61.467,-31.281097,-112.225723
61.475,-31.399693,-112.251587
61.483,-31.514782,-112.261933
61.492,-31.541676,-112.294128
61.5,-31.653431,-112.179169
61.508,-31.890961,-112.097367
61.517,-31.985318,-112.026398
61.525,-32.116981,-111.802902
61.533,-32.334217,-111.765274
61.542,-32.420681,-111.718658
61.55,-32.572086,-111.610611
61.558,-32.689529,-111.649491
61.567,-32.74292,-111.62442
61.575,-32.823761,-111.635483
61.583,-32.903194,-111.60437
61.592,-33.003941,-111.452515
61.6,-33.032047,-111.437393
61.608,-33.043678,-111.431702
61.617,-33.047531,-111.434662
61.625,-33.030472,-111.560089
61.633,-32.987412,-111.551178
61.642,-32.955189,-111.581757
61.65,-32.833172,-111.635758
61.658,-32.803833,-111.708466
61.667,-32.709587,-111.682663
61.675,-32.582345,-111.878556
61.683,-32.493172,-111.990509
61.692,-32.344791,-112.042083
61.7,-32.16753,-112.12442
61.708,-32.059521,-112.303711
61.717,-31.97414,-112.47261
61.725,-31.716454,-112.525207
61.733,-31.604699,-112.569793
61.742,-31.462841,-112.777679
61.75,-31.265255,-112.915069
61.758,-31.109089,-113.035355
61.767,-30.948513,-113.214722
61.775,-30.74577,-113.426423
61.783,-30.550792,-113.685394
61.792,-30.405109,-113.788711
61.8,-30.120361,-114.050217
61.808,-29.923683,-114.161118
61.817,-29.713173,-114.497207
61.825,-29.472778,-114.682114
61.833,-29.275536,-114.917298
61.842,-29.072189,-115.292755
61.85,-28.757927,-115.497559
61.858,-28.493148,-115.788147
61.867,-28.314553,-116.098251
61.875,-28.012024,-116.327256
61.883,-27.758003,-116.590179
61.892,-27.415352,-116.892624
61.9,-27.09705,-117.096192
61.908,-26.778911,-117.439667
61.917,-26.495235,-117.782669
61.925,-26.140713,-118.108383
61.933,-25.794918,-118.384674
61.942,-25.418758,-118.698334
61.95,-25.029247,-118.972717
61.958,-24.694561,-119.204346
61.967,-24.351635,-119.432938
61.975,-23.970196,-119.714569
61.983,-23.56982,-119.911758
61.992,-23.228702,-120.23558
62,-22.832848,-120.505524
62.008,-22.471481,-120.655029
62.017,-22.084652,-120.936905
62.025,-21.744209,-121.197693
62.033,-21.361912,-121.410446
62.042,-21.00137,-121.681396
62.05,-20.658634,-121.811737
62.058,-20.347564,-122.107956
62.067,-20.036266,-122.198319
62.075,-19.836129,-122.452622
62.083,-19.590447,-122.567596
62.092,-19.338509,-122.707077
62.1,-19.150017,-122.795212
62.108,-18.91882,-123.028778
62.117,-18.704818,-123.165146
62.125,-18.473072,-123.380326
62.133,-18.307526,-123.542404
62.142,-18.161389,-123.650711
62.15,-17.954266,-123.638244
62.158,-17.837516,-123.904709
62.167,-17.716442,-123.945556
62.175,-17.55109,-124.031647
62.183,-17.440148,-124.136063
62.192,-17.277008,-124.306519
62.2,-17.14872,-124.444168
62.208,-17.080238,-124.627258
62.217,-16.841083,-124.674652
62.225,-16.730255,-124.856644
62.233,-16.624794,-125.003723
62.242,-16.460083,-124.999466
62.25,-16.404496,-125.148559
62.258,-16.157814,-125.245422
62.267,-15.993878,-125.334427
62.275,-15.805386,-125.464646
62.283,-15.637314,-125.584594
62.292,-15.386028,-125.612671
62.3,-15.2579,-125.789704
62.308,-15.010815,-125.865479
62.317,-14.723568,-126.039352
62.325,-14.559548,-126.140075
62.333,-14.240589,-126.32695
62.342,-14.003827,-126.366974
62.35,-13.727272,-126.488831
62.358,-13.432919,-126.681427
62.367,-13.187558,-126.723526
62.375,-12.861465,-126.960205
62.383,-12.56868,-127.087296
62.392,-12.241008,-127.21518
62.4,-11.94268,-127.382004
62.408,-11.670842,-127.524887
62.417,-11.327049,-127.747986
62.425,-11.009171,-127.905853
62.433,-10.730339,-127.9767
62.442,-10.515564,-128.111679
62.45,-10.186722,-128.192459
62.458,-9.92376,-128.40509
62.467,-9.636436,-128.450501
62.475,-9.391502,-128.611908
62.483,-9.16172,-128.705261
62.492,-8.868836,-128.779664
62.5,-8.653061,-128.869706
62.508,-8.412384,-129.021439
62.517,-8.155136,-129.07251
62.525,-8.011773,-129.221191
62.533,-7.75827,-129.303924
62.542,-7.57457,-129.369644
62.55,-7.44091,-129.501373
62.558,-7.269714,-129.634278
62.567,-7.081123,-129.676269
62.575,-7.016106,-129.803116
62.583,-6.789162,-129.842285
62.592,-6.651954,-129.88498
62.6,-6.45031,-130.007767
62.608,-6.300453,-130.007141
62.617,-6.097969,-130.209717
62.625,-5.8927,-130.2789
62.633,-5.754234,-130.350006
62.642,-5.456627,-130.408356
62.65,-5.313652,-130.523498
62.658,-5.14608,-130.545684
62.667,-4.917778,-130.641754
62.675,-4.707634,-130.716049
62.683,-4.491562,-130.783646
62.692,-4.291412,-130.875138
62.7,-4.011383,-130.950348
62.708,-3.753487,-131.037705
62.717,-3.567177,-131.096832
62.725,-3.241455,-131.262176
62.733,-3.045959,-131.2267
62.742,-2.713669,-131.406799
62.75,-2.476342,-131.437119
62.758,-2.190743,-131.525497
62.767,-1.898026,-131.546418
62.775,-1.618645,-131.711319
62.783,-1.342301,-131.68808
62.792,-0.963432,-131.920562
62.8,-0.666832,-131.905944
62.808,-0.294876,-132.027343
62.817,0.033097,-132.109604
62.825,0.360977,-132.135132
62.833,0.686676,-132.292679
62.842,1.052887,-132.376419
62.85,1.360847,-132.33928
62.858,1.689095,-132.428513
62.867,2.042809,-132.470459
62.875,2.372177,-132.55632
62.883,2.753166,-132.652176
62.892,2.982636,-132.641479
62.9,3.248054,-132.833908
62.908,3.490448,-132.821137
62.917,3.799302,-132.826904
62.925,4.102844,-132.937622
62.933,4.381821,-132.924347
62.942,4.62426,-132.929276
62.95,4.929589,-133.040863
62.958,5.11956,-133.022248
62.967,5.389916,-133.029831
62.975,5.595589,-133.108704
62.983,5.787422,-133.035339
62.992,6.016571,-133.077561
63,6.164482,-133.116639
63.008,6.37355,-133.17836
63.017,6.515244,-133.154816
63.025,6.649804,-133.171753
63.033,6.802368,-133.093933
63.042,6.99591,-133.166519
63.05,7.170723,-133.252945
63.058,7.294487,-133.19722
63.067,7.428551,-133.15062
63.075,7.634598,-133.181076
63.083,7.836655,-133.205597
63.092,7.947769,-133.282364
63.1,8.123909,-133.201736
63.108,8.327758,-133.2724
63.117,8.530823,-133.292831
63.125,8.709747,-133.289413
63.133,8.938111,-133.314117
63.142,9.037056,-133.245483
63.15,9.303208,-133.266769
63.158,9.427048,-133.384598
63.167,9.558052,-133.356186
63.175,9.761193,-133.333222
63.183,10.127411,-133.248687
63.192,10.380005,-133.301117
63.2,10.665588,-133.280517
63.208,10.862755,-133.227508
63.217,11.221481,-133.236801
63.225,11.46492,-133.336029
63.233,11.723603,-133.329636
63.242,11.785934,-133.295242
63.25,11.995163,-133.20253
63.258,12.14914,-133.233582
63.267,12.35891,-133.189362
63.275,12.560776,-133.292008
63.283,12.641503,-133.443757
63.292,12.734268,-133.293335
63.3,12.853936,-133.22792
63.308,12.891342,-133.228516
63.317,13.005417,-133.270722
63.325,12.993293,-133.215058
63.333,12.979095,-133.245407
63.342,13.082741,-133.228729
63.35,13.034966,-133.219437
63.358,13.037124,-133.268249
63.367,12.886261,-133.208557
63.375,12.814759,-133.170181
63.383,12.727806,-133.175598
63.392,12.619149,-133.24881
63.4,12.446114,-133.277343
63.408,12.423691,-133.23526
63.417,12.297218,-133.237564
63.425,12.215439,-133.273544
63.433,12.191643,-133.33223
63.442,12.004868,-133.263687
63.45,12.044258,-133.184112
63.458,11.920883,-133.253921
63.467,11.933128,-133.215103
63.475,11.917564,-133.210694
63.483,11.919174,-133.299667
63.492,11.868492,-133.312882
63.5,11.891587,-133.306198
63.508,12.002235,-133.305679
63.517,12.036721,-133.257096
63.525,12.159195,-133.252503
63.533,12.23146,-133.314117
63.542,12.329735,-133.254547
63.55,12.521278,-133.341461
63.558,12.679756,-133.318176
63.567,12.804924,-133.288269
63.575,13.008446,-133.223968
63.583,13.043984,-133.299545
63.592,13.277275,-133.230026
63.6,13.42205,-133.276734
63.608,13.51751,-133.26123
63.617,13.662041,-133.296051
63.625,13.724549,-133.301392
63.633,13.769104,-133.287841
63.642,13.885681,-133.38945
63.65,13.873611,-133.334656
63.658,13.986328,-133.381729
63.667,14.034729,-133.344223
63.675,13.924263,-133.257446
63.683,13.873344,-133.264114
63.692,13.819993,-133.348175
63.7,13.637978,-133.243133
63.708,13.534431,-133.286346
63.717,13.357796,-133.354599
63.725,13.108315,-133.269836
63.733,12.842422,-133.296768
63.742,12.732064,-133.336899
63.75,12.435257,-133.230194
63.758,12.203667,-133.285584
63.767,12.054588,-133.31192
63.775,11.829308,-133.362305
63.783,11.668281,-133.287552
63.792,11.422905,-133.302856
63.8,11.219452,-133.267166
63.808,11.05774,-133.268524
63.817,10.957809,-133.254319
63.825,10.857125,-133.280441
63.833,10.703217,-133.15152
63.842,10.670151,-133.247544
63.85,10.642792,-133.251876
63.858,10.632622,-133.293839
63.867,10.641075,-133.297104
63.875,10.669968,-133.296463
63.883,10.727776,-133.315414
63.892,10.871331,-133.352387
63.9,10.946266,-133.368667
63.908,11.050087,-133.36409
63.917,11.132409,-133.364731
63.925,11.260139,-133.362564
63.933,11.36499,-133.416641
63.942,11.435898,-133.428635
63.95,11.519211,-133.395767
63.958,11.625931,-133.394959
63.967,11.702576,-133.446167
63.975,11.727524,-133.457367
63.983,11.682289,-133.509109
63.992,11.66449,-133.476776
64,11.642143,-133.464722
64.008,11.542305,-133.421859
64.017,11.465462,-133.429016
64.025,11.281876,-133.431382
64.033,11.149552,-133.443115
64.042,10.913971,-133.491501
64.05,10.722763,-133.40593
64.058,10.436981,-133.425796
64.067,10.194481,-133.475174
64.075,9.983009,-133.427765
64.083,9.690292,-133.371582
64.092,9.424339,-133.422302
64.1,9.294549,-133.44368
64.108,9.033218,-133.40567
64.117,8.847008,-133.449814
64.125,8.597733,-133.411819
64.133,8.393517,-133.460174
64.142,8.22921,-133.393173
64.15,8.054016,-133.376419
64.158,7.939881,-133.449448
64.167,7.791268,-133.386627
64.175,7.642113,-133.361663
64.183,7.45546,-133.387848
64.192,7.363006,-133.384353
64.2,7.256447,-133.334198
64.208,7.190841,-133.383698
64.217,7.113594,-133.401108
64.225,7.085922,-133.411698
64.233,7.055015,-133.422897
64.242,7.008583,-133.384506
64.25,6.958168,-133.41507
64.258,6.896996,-133.397278
64.267,6.823059,-133.373977
64.275,6.773696,-133.380615
64.283,6.691582,-133.383117
64.292,6.62735,-133.343353
64.3,6.520775,-133.323853
64.308,6.44828,-133.393097
64.317,6.267891,-133.326966
64.325,6.153015,-133.297622
64.333,6.026627,-133.322906
64.342,5.85994,-133.247208
64.35,5.764786,-133.316177
64.358,5.562607,-133.248474
64.367,5.42443,-133.290054
64.375,5.218216,-133.242401
64.383,5.086967,-133.238235
64.392,4.865913,-133.234558
64.4,4.73529,-133.230453
64.408,4.628959,-133.308304
64.417,4.416779,-133.249633
64.425,4.293854,-133.253861
64.433,4.055939,-133.238571
64.442,3.882644,-133.130219
64.45,3.716248,-133.12712
64.458,3.550979,-133.080093
64.467,3.445137,-133.07077
64.475,3.29261,-133.08516
64.483,3.13192,-133.080246
64.492,2.991951,-133.111206
64.5,2.814987,-133.079101
64.508,2.641525,-133.044616
64.517,2.484147,-132.999878
64.525,2.31054,-133.004486
64.533,2.121864,-132.96283
64.542,1.972854,-132.908005
64.55,1.752503,-132.816162
64.558,1.578034,-132.870712
64.567,1.414734,-132.791137
64.575,1.245209,-132.751983
64.583,1.115997,-132.776428
64.592,0.944526,-132.671951
64.6,0.807083,-132.593537
64.608,0.654884,-132.591843
64.617,0.563744,-132.646668
64.625,0.391914,-132.58931
64.633,0.315109,-132.540329
64.642,0.207336,-132.536896
64.65,0.138969,-132.529083
64.658,0.055329,-132.570344
64.667,-0.063202,-132.529648
64.675,-0.114311,-132.564529
64.683,-0.158623,-132.569748
64.692,-0.205009,-132.57341
64.7,-0.280082,-132.612243
64.708,-0.427246,-132.555497
64.717,-0.510216,-132.54364
64.725,-0.59404,-132.535416
64.733,-0.782707,-132.368469
64.742,-0.874305,-132.382782
64.75,-0.986503,-132.362152
64.758,-1.132553,-132.365906
64.767,-1.259895,-132.400207
64.775,-1.477318,-132.289459
64.783,-1.626892,-132.238602
64.792,-1.834838,-132.266617
64.8,-2.095375,-132.058761
64.808,-2.28862,-132.071441
64.817,-2.513169,-131.948838
64.825,-2.87986,-131.76976
64.833,-3.048561,-131.807144
64.842,-3.304863,-131.73845
64.85,-3.588791,-131.603805
64.858,-3.843239,-131.547149
64.867,-4.131691,-131.503647
64.875,-4.369255,-131.412185
64.883,-4.680664,-131.237366
64.892,-4.902717,-131.32077
64.9,-5.201012,-131.192429
64.908,-5.425109,-131.136963
64.917,-5.717163,-131.065903
64.925,-5.939163,-131.044678
64.933,-6.1818,-130.963547
64.942,-6.364243,-130.949768
64.95,-6.57138,-130.829437
64.958,-6.684654,-130.889526
64.967,-6.852577,-130.810624
64.975,-7.010712,-130.631577
64.983,-7.153939,-130.564347
64.992,-7.344902,-130.509826
65,-7.45594,-130.483261
65.008,-7.477097,-130.488388
65.017,-7.635185,-130.426407
65.025,-7.775421,-130.301849
65.033,-7.882859,-130.299423
65.042,-7.96038,-130.260239
65.05,-8.019493,-130.252548
65.058,-8.083199,-130.179825
65.067,-8.141045,-130.151596
65.075,-8.234146,-130.068909
65.083,-8.347641,-130.084824
65.092,-8.414718,-130.006164
65.1,-8.405708,-130.000259
65.108,-8.477272,-129.937241
65.117,-8.570946,-129.93808
65.125,-8.637733,-129.873749
65.133,-8.688026,-129.840866
65.142,-8.747924,-129.823242
65.15,-8.850761,-129.732697
65.158,-8.983681,-129.787461
65.167,-9.037529,-129.753662
65.175,-9.077431,-129.695297
65.183,-9.173317,-129.63237
65.192,-9.369278,-129.593537
65.2,-9.495628,-129.561904
65.208,-9.623169,-129.561432
65.217,-9.728142,-129.514603
65.225,-9.790619,-129.45903
65.233,-9.858894,-129.45256
65.242,-9.938035,-129.439606
65.25,-10.108689,-129.42128
65.258,-10.217949,-129.351013
65.267,-10.281296,-129.29689
65.275,-10.410423,-129.316986
65.283,-10.595787,-129.226044
65.292,-10.645393,-129.116363
65.3,-10.838486,-129.111526
65.308,-10.946388,-129.028534
65.317,-11.074165,-128.973923
65.325,-11.153862,-128.912414
65.333,-11.30497,-128.865356
65.342,-11.474106,-128.830414
65.35,-11.579674,-128.71434
65.358,-11.684555,-128.662949
65.367,-11.885666,-128.566452
65.375,-11.973771,-128.495422
65.383,-12.118621,-128.379242
65.392,-12.2514,-128.382645
65.4,-12.42231,-128.327194
65.408,-12.584941,-128.173371
65.417,-12.692139,-128.142257
65.425,-12.892711,-128.089081
65.433,-13.053551,-128.03334
65.442,-13.261795,-127.905685
65.45,-13.382614,-127.768356
65.458,-13.603645,-127.724563
65.467,-13.742752,-127.675766
65.475,-14.006767,-127.619812
65.483,-14.151604,-127.491531
65.492,-14.253861,-127.403061
65.5,-14.489292,-127.359879
65.508,-14.683166,-127.241913
65.517,-14.871781,-127.225861
65.525,-15.012375,-127.074051
65.533,-15.207451,-126.979065
65.542,-15.368942,-126.970643
65.55,-15.569171,-126.837815
65.558,-15.706333,-126.747833
65.567,-15.88815,-126.694381
65.575,-16.013256,-126.532806
65.583,-16.189114,-126.478302
65.592,-16.317227,-126.412003
65.6,-16.430691,-126.41896
65.608,-16.572918,-126.241837
65.617,-16.649067,-126.185714
65.625,-16.730103,-126.144318
65.633,-16.854096,-126.14418
65.642,-16.985363,-126.045074
65.65,-17.076973,-125.955856
65.658,-17.096832,-125.886032
65.667,-17.143711,-125.860901
65.675,-17.183632,-125.847382
65.683,-17.276184,-125.897507
65.692,-17.304528,-125.881287
65.7,-17.335052,-125.867797
65.708,-17.301014,-125.843414
65.717,-17.352146,-125.821946
65.725,-17.339359,-125.816132
65.733,-17.363918,-125.693252
65.742,-17.398659,-125.632141
65.75,-17.411079,-125.621551
65.758,-17.422161,-125.613571
65.767,-17.433929,-125.599823
65.775,-17.446034,-125.589904
65.783,-17.461693,-125.576477
65.792,-17.507622,-125.512268
65.8,-17.53326,-125.485352
65.808,-17.576107,-125.496292
65.817,-17.644794,-125.410888
65.825,-17.726284,-125.356171
65.833,-17.760384,-125.264984
65.842,-17.895165,-125.174942
65.85,-17.959957,-125.180115
65.858,-18.07737,-125.082596
65.867,-18.142902,-125.03891
65.875,-18.254261,-124.944137
65.883,-18.411911,-124.842865
65.892,-18.593289,-124.768723
65.9,-18.744644,-124.60141
65.908,-18.845417,-124.578079
65.917,-19.12851,-124.370514
65.925,-19.292053,-124.353164
65.933,-19.445332,-124.182526
65.942,-19.74559,-124.098389
65.95,-19.905804,-123.982956
65.958,-20.157841,-123.88858
65.967,-20.305428,-123.75354
65.975,-20.57061,-123.594315
65.983,-20.738521,-123.512436
65.992,-21.00798,-123.294403
66,-21.196983,-123.32344
66.008,-21.370491,-123.032303
66.017,-21.663589,-122.972794
66.025,-21.849254,-122.836502
66.033,-22.041451,-122.724183
66.042,-22.153355,-122.627884
66.05,-22.4189,-122.487182
66.058,-22.538017,-122.330246
66.067,-22.736576,-122.274246
66.075,-22.903225,-122.057816
66.083,-23.109691,-121.984696
66.092,-23.274887,-121.913025
66.1,-23.420204,-121.705352
66.108,-23.572457,-121.624069
66.117,-23.770993,-121.565201
66.125,-23.843231,-121.4039
66.133,-23.972698,-121.306106
66.142,-24.153035,-121.263581
66.15,-24.206215,-121.168457
66.158,-24.281772,-121.078399
66.167,-24.347622,-121.025284
66.175,-24.493153,-120.846908
66.183,-24.594322,-120.902512
66.192,-24.642074,-120.867279
66.2,-24.629154,-120.741852
66.208,-24.678635,-120.72612
66.217,-24.831752,-120.652343
66.225,-24.86594,-120.620025
66.233,-24.903644,-120.52121
66.242,-24.971676,-120.424088
66.25,-25.036785,-120.441666
66.258,-25.060391,-120.35315
66.267,-25.131828,-120.280838
66.275,-25.136662,-120.134903
66.283,-25.199456,-120.124985
66.292,-25.153816,-119.98822
66.3,-25.229572,-119.887848
66.308,-25.382782,-119.910919
66.317,-25.415054,-119.718201
66.325,-25.483666,-119.674911
66.333,-25.548011,-119.613449
66.342,-25.692891,-119.496063
66.35,-25.77998,-119.409531
66.358,-25.905395,-119.29245
66.367,-25.947547,-119.080398
66.375,-26.158424,-119.097244
66.383,-26.248367,-119.039108
66.392,-26.445088,-118.870315
66.4,-26.593071,-118.717621
66.408,-26.678143,-118.643616
66.417,-26.825867,-118.613205
66.425,-26.94429,-118.46939
66.433,-27.104804,-118.310424
66.442,-27.259079,-118.29277
66.45,-27.382996,-118.157745
66.458,-27.567204,-118.021088
66.467,-27.646007,-118.034637
66.475,-27.833771,-117.791565
66.483,-27.891857,-117.75296
66.492,-28.631107,-117.924805
66.5,-28.692775,-117.743698
66.508,-28.461113,-117.490448
66.517,-28.377289,-117.427826
66.525,-28.396805,-117.44516
66.533,-28.478557,-117.476654
66.542,-28.566727,-117.372666
66.55,-28.599495,-117.35466
66.558,-28.666725,-117.212448
66.567,-28.730747,-117.174164
66.575,-28.768322,-117.086258
66.583,-28.820835,-117.046051
66.592,-28.846073,-117.007721
66.6,-28.870357,-116.965454
66.608,-28.858105,-116.876984
66.617,-28.92524,-116.79773
66.625,-28.930801,-116.791977
66.633,-28.977764,-116.767898
66.642,-28.986859,-116.752182
66.65,-29.001724,-116.733811
66.658,-29.086727,-116.723633
66.667,-29.084275,-116.645691
66.675,-29.127232,-116.500305
66.683,-29.145992,-116.467285
66.692,-29.208901,-116.412537
66.7,-29.281822,-116.317367
66.708,-29.357422,-116.355194
66.717,-29.390632,-116.273163
66.725,-29.475364,-116.265213
66.733,-29.545589,-116.168243
66.742,-29.562595,-116.09758
66.75,-29.646743,-116.000809
66.758,-29.670677,-115.963318
66.767,-29.83112,-116.003052
66.775,-29.856144,-115.911469
66.783,-29.920288,-115.81253
66.792,-29.971359,-115.777359
66.8,-30.083302,-115.629593
66.808,-30.175174,-115.620865
66.817,-30.289704,-115.646194
66.825,-30.338551,-115.603942
66.833,-30.394333,-115.454834
66.842,-30.437042,-115.420105
66.85,-30.553817,-115.352707
66.858,-30.581929,-115.27179
66.867,-30.614524,-115.238846
66.875,-30.69775,-115.229569
66.883,-30.780654,-115.164322
66.892,-30.787335,-115.08902
66.9,-30.808326,-115.068955
66.908,-30.873714,-115.072235
66.917,-30.890931,-115.054229
66.925,-30.907612,-115.030808
66.933,-30.916774,-114.971572
66.942,-30.963413,-114.898284
66.95,-30.943535,-114.86998
66.958,-30.955719,-114.854447
66.967,-30.964237,-114.844513
66.975,-30.968025,-114.712418
66.983,-30.973182,-114.705277
66.992,-30.960472,-114.701874
67,-30.962872,-114.692734
67.008,-30.969413,-114.680145
67.017,-30.973941,-114.667709
67.025,-30.975841,-114.659287
67.033,-30.983009,-114.647308
67.042,-31.005264,-114.664047
67.05,-30.959732,-114.570907
67.058,-31.008946,-114.542022
67.067,-31.048492,-114.553055
67.075,-31.065369,-114.525299
67.083,-31.097046,-114.458877
67.092,-31.171089,-114.396103
67.1,-31.190761,-114.30008
67.108,-31.201694,-114.274643
67.117,-31.268135,-114.181671
67.125,-31.280357,-114.110214
67.133,-31.356663,-114.056595
67.142,-31.504699,-114.004165
67.15,-31.550786,-113.925293
67.158,-31.595192,-113.877533
67.167,-31.618855,-113.79219
67.175,-31.790856,-113.593857
67.183,-31.880752,-113.568222
67.192,-31.961235,-113.55278
67.2,-32.017075,-113.504394
67.208,-32.145069,-113.375549
67.217,-32.263729,-113.248825
67.225,-32.318492,-113.122421
67.233,-32.462917,-113.052139
67.242,-32.560143,-112.984222
67.25,-32.637772,-112.92868
67.258,-32.718876,-112.760193
67.267,-32.782845,-112.764664
67.275,-32.897964,-112.766433
67.283,-32.990322,-112.654068
67.292,-33.054638,-112.655243
67.3,-33.051045,-112.584519
67.308,-33.113708,-112.446717
67.317,-33.168232,-112.444351
67.325,-33.204948,-112.306946
67.333,-33.254341,-112.317642
67.342,-33.303356,-112.225998
67.35,-33.320213,-112.211426
67.358,-33.396019,-112.258133
67.367,-33.382504,-112.207367
67.375,-33.417835,-112.225891
67.383,-33.388935,-112.179077
67.392,-33.421437,-112.195678
67.4,-33.400898,-112.141953
67.408,-33.433144,-112.165283
67.417,-33.458385,-112.154145
67.425,-33.467296,-112.138947
67.433,-33.478443,-112.108947
67.442,-33.489834,-111.908753
67.45,-33.568733,-111.849976
67.458,-33.583748,-111.815659
67.467,-33.619411,-111.782517
67.475,-33.636975,-111.744309
67.483,-33.621826,-111.636261
67.492,-33.663341,-111.592621
67.5,-33.744694,-111.416474
67.508,-33.790737,-111.470902
67.517,-33.821411,-111.374115
67.525,-33.893635,-111.363312
67.533,-33.965576,-111.24646
67.542,-34.050847,-111.026139
67.55,-34.1203,-111.012177
67.558,-34.167217,-110.969193
67.567,-34.273739,-110.946212
67.575,-34.386383,-110.826706
67.583,-34.480065,-110.737915
67.592,-34.559322,-110.61737
67.6,-34.692284,-110.462631
67.608,-34.76754,-110.402725
67.617,-34.901512,-110.329651
67.625,-35.02346,-110.19963
67.633,-35.121193,-110.054886
67.642,-35.254837,-109.914856
67.65,-35.326965,-109.840378
67.658,-35.440487,-109.823593
67.667,-35.573056,-109.62114
67.675,-35.624985,-109.614563
67.683,-35.700764,-109.415543
67.692,-35.88422,-109.245682
67.7,-35.969475,-109.216736
67.708,-36.05669,-109.152268
67.717,-36.073769,-109.037338
67.725,-36.180107,-108.912841
67.733,-36.217037,-108.882797
67.742,-36.266735,-108.890716
67.75,-36.383343,-108.826722
67.758,-36.431744,-108.805938
67.767,-36.439121,-108.781891
67.775,-36.482509,-108.603058
67.783,-36.457501,-108.642029
67.792,-36.509087,-108.556625
67.8,-36.514602,-108.545578
67.808,-36.51722,-108.539734
67.817,-36.514011,-108.539291
67.825,-36.505756,-108.547638
67.833,-36.494084,-108.552017
67.842,-36.479225,-108.567032
67.85,-36.463089,-108.580429
67.858,-36.445294,-108.591217
67.867,-36.338184,-108.753861
67.875,-36.286777,-108.728882
67.883,-36.178447,-108.718994
67.892,-36.179249,-108.769013
67.9,-36.134129,-108.731278
67.908,-36.06464,-108.815552
67.917,-35.992798,-108.764008
67.925,-35.972015,-108.779419
67.933,-35.917473,-108.804611
67.942,-35.904484,-108.813156
67.95,-35.892102,-108.820419
67.958,-35.884502,-108.824814
67.967,-35.880184,-108.81929
67.975,-35.879405,-108.80925
67.983,-35.881695,-108.790452
67.992,-35.88625,-108.77533
68,-35.893807,-108.759826
68.008,-35.897274,-108.704055
68.017,-35.949905,-108.665955
68.025,-35.949997,-108.59137
68.033,-35.999645,-108.487336
68.042,-36.025127,-108.452499
68.05,-36.129021,-108.476456
68.058,-36.232689,-108.400451
68.067,-36.25256,-108.316482
68.075,-36.35667,-108.110657
68.083,-36.402134,-108.054627
68.092,-36.499844,-108.021866
68.1,-36.548916,-107.979065
68.108,-36.737427,-107.749099
68.117,-36.79813,-107.683258
68.125,-36.908531,-107.634796
68.133,-36.979496,-107.452408
68.142,-37.137806,-107.282013
68.15,-37.213436,-107.186493
68.158,-37.364036,-107.065384
68.167,-37.462387,-106.908631
68.175,-37.551079,-106.771576
68.183,-37.707512,-106.671814
68.192,-37.828865,-106.563065
68.2,-37.894921,-106.485886
68.208,-38.052449,-106.320343
68.217,-38.158772,-106.232392
68.225,-38.219158,-106.096679
68.233,-38.32238,-105.980133
68.242,-38.449215,-105.75528
68.25,-38.539295,-105.644654
68.258,-38.613209,-105.519364
68.267,-38.686126,-105.445343
68.275,-38.816524,-105.283508
68.283,-38.928387,-105.139878
68.292,-38.977676,-105.008835
68.3,-39.076744,-104.893372
68.308,-39.195785,-104.781723
68.317,-39.308842,-104.621933
68.325,-39.351094,-104.37236
68.333,-39.491253,-104.331482
68.342,-39.565395,-104.100388
68.35,-39.718903,-103.987015
68.358,-39.764309,-103.847458
68.367,-39.924401,-103.671143
68.375,-40.002217,-103.569458
68.383,-40.065403,-103.416656
68.392,-40.23431,-103.238952
68.4,-40.339706,-103.111725
68.408,-40.445152,-102.885788
68.417,-40.599873,-102.747071
68.425,-40.697384,-102.459366
68.433,-40.799774,-102.386918
68.442,-40.94342,-102.256592
68.45,-41.097363,-102.027649
68.458,-41.174556,-101.915634
68.467,-41.316166,-101.76857
68.475,-41.442162,-101.664536
68.483,-41.520325,-101.446121
68.492,-41.668468,-101.282028
68.5,-41.764882,-101.163147
68.508,-41.872345,-101.024078
68.517,-41.932895,-100.807327
68.525,-42.043449,-100.739471
68.533,-42.150909,-100.566681
68.542,-42.217102,-100.475556
68.55,-42.264222,-100.357788
68.558,-42.394458,-100.242661
68.567,-42.442867,-100.14537
68.575,-42.465168,-99.987259
68.583,-42.511876,-99.86708
68.592,-42.560742,-99.683823
68.6,-42.681271,-99.56398
68.608,-42.793777,-99.391007
68.617,-42.834204,-99.2379
68.625,-42.876375,-99.101654
68.633,-42.950873,-99.004699
68.642,-43.024769,-98.807984
68.65,-43.095257,-98.652649
68.658,-43.153166,-98.503632
68.667,-43.231152,-98.386124
68.675,-43.376606,-98.182235
68.683,-43.468422,-98.116593
68.692,-43.577307,-97.936294
68.7,-43.615873,-97.740249
68.708,-43.663483,-97.4749
68.717,-43.80261,-97.398591
68.725,-43.841877,-97.194107
68.733,-43.915657,-97.007629
68.742,-44.036578,-96.92273
68.75,-44.155842,-96.705811
68.758,-44.21455,-96.603729
68.767,-44.304825,-96.358139
68.775,-44.544371,-96.247849
68.783,-44.607117,-96.080215
68.792,-44.692024,-95.958847
68.8,-44.765879,-95.569947
68.808,-44.938908,-95.468888
68.817,-44.964571,-95.205597
68.825,-45.04809,-94.995834
68.833,-45.236927,-94.906662
68.842,-45.326874,-94.763306
68.85,-45.415092,-94.541092
68.858,-45.51346,-94.346192
68.867,-45.623476,-94.13649
68.875,-45.694538,-93.906753
68.883,-45.835505,-93.732895
68.892,-45.928808,-93.552582
68.9,-46.04172,-93.363586
68.908,-46.115524,-93.186874
68.917,-46.226375,-92.996948
68.925,-46.348093,-92.79303
68.933,-46.401238,-92.576477
68.942,-46.501158,-92.417359
68.95,-46.615314,-92.281479
68.958,-46.678265,-92.049224
68.967,-46.758518,-91.861466
68.975,-46.820671,-91.706696
68.983,-46.905288,-91.501084
68.992,-46.955133,-91.364563
69,-47.027708,-91.274673
69.008,-47.17573,-91.167313
69.017,-47.219757,-91.016724
69.025,-47.271075,-90.917678
69.033,-47.348934,-90.696915
69.042,-47.361887,-90.49765
69.05,-47.403706,-90.312225
69.058,-47.437489,-90.161194
69.067,-47.497385,-90.041382
69.075,-47.580091,-89.925796
69.083,-47.6173,-89.846237
69.092,-47.692977,-89.768967
69.1,-47.705595,-89.635636
69.108,-47.740244,-89.510086
69.117,-47.787453,-89.408508
69.125,-47.807316,-89.271103
69.133,-47.884699,-89.175873
69.142,-47.954504,-89.051315
69.15,-47.997625,-88.965515
69.158,-48.045177,-88.811142
69.167,-48.014362,-88.688537
69.175,-48.050619,-88.595139
69.183,-48.149649,-88.502686
69.192,-48.141399,-88.386048
69.2,-48.246485,-88.230804
69.208,-48.252907,-88.104737
69.217,-48.335993,-87.94429
69.225,-48.333115,-87.727783
69.233,-48.323035,-87.483886
69.242,-48.364227,-87.315949
69.25,-48.429593,-87.196259
69.258,-48.523757,-87.06836
69.267,-48.593668,-86.932618
69.275,-48.697947,-86.838944
69.283,-48.749193,-86.672424
69.292,-48.826969,-86.482971
69.3,-48.871042,-86.283966
69.308,-49.001154,-86.154358
69.317,-48.991199,-85.87236
69.325,-49.054432,-85.643844
69.333,-49.090402,-85.516876
69.342,-49.167074,-85.383102
69.35,-49.237286,-85.254883
69.358,-49.340021,-85.198974
69.367,-49.407959,-85.086792
69.375,-49.475626,-85.003449
69.383,-49.553043,-84.845032
69.392,-49.576559,-84.719605
69.4,-49.590809,-84.559036
69.408,-49.623474,-84.384033
69.417,-49.640934,-84.249618
69.425,-49.693121,-84.090485
69.433,-49.696182,-84.054886
69.442,-49.81176,-83.937653
69.45,-49.797545,-83.98999
69.458,-49.778055,-83.996048
69.467,-49.826248,-83.975784
69.475,-49.880212,-83.921479
69.483,-49.882589,-83.857224
69.492,-49.828689,-83.766754
69.5,-49.891678,-83.595429
69.508,-49.866352,-83.462952
69.517,-49.862676,-83.38028
69.525,-49.866991,-83.300003
69.533,-49.877857,-83.212234
69.542,-49.890789,-83.248596
69.55,-49.91807,-83.186997
69.558,-49.937897,-83.173386
69.567,-50.000319,-83.050537
69.575,-50.009924,-82.995819
69.583,-50.01537,-82.917084
69.592,-50.015084,-82.797638
69.6,-50.03525,-82.639969
69.608,-50.041306,-82.546021
69.617,-50.05479,-82.460205
69.625,-50.093836,-82.386276
69.633,-50.143729,-82.341462
69.642,-50.171535,-82.311065
69.65,-50.231259,-82.22731
69.658,-50.2602,-82.197769
69.667,-50.282832,-82.153473
69.675,-50.294894,-82.084869
69.683,-50.305897,-81.971298
69.692,-50.341025,-81.782822
69.7,-50.344404,-81.685654
69.708,-50.353765,-81.60524
69.717,-50.357921,-81.52629
69.725,-50.379999,-81.482681
69.733,-50.477608,-81.459259
69.742,-50.520721,-81.379624
69.75,-50.548077,-81.335922
69.758,-50.563599,-81.287277
69.767,-50.572946,-81.224472
69.775,-50.574922,-81.127304
69.783,-50.579077,-81.040222
69.792,-50.629637,-80.875382
69.8,-50.643932,-80.80281
69.808,-50.660894,-80.737839
69.817,-50.675279,-80.681946
69.825,-50.701283,-80.600663
69.833,-50.742201,-80.483871
69.842,-50.767409,-80.403625
69.85,-50.805275,-80.326874
69.858,-50.813291,-80.211182
69.867,-50.884514,-80.036987
69.875,-50.914161,-79.88742
69.883,-50.921722,-79.759506
69.892,-50.964353,-79.613114
69.9,-50.999161,-79.522323
69.908,-51.030438,-79.444672
69.917,-51.087347,-79.380539
69.925,-51.15972,-79.266785
69.933,-51.215479,-79.120667
69.942,-51.223693,-79.008393
69.95,-51.294306,-78.813507
69.958,-51.315124,-78.678192
69.967,-51.32078,-78.546555
69.975,-51.35804,-78.400543
69.983,-51.389195,-78.305008
69.992,-51.419514,-78.244324
70,-51.460802,-78.165512
70.008,-51.517596,-78.127578
70.017,-51.565315,-78.014022
70.025,-51.580688,-77.944657
70.033,-51.595308,-77.849518
70.042,-51.583811,-77.765762
70.05,-51.580871,-77.665421
70.058,-51.594202,-77.549545
70.067,-51.592308,-77.49675
70.075,-51.598284,-77.478378
70.083,-51.644348,-77.474671
70.092,-51.659428,-77.497452
70.1,-51.678072,-77.527694
70.108,-51.691853,-77.548035
70.117,-51.696431,-77.558456
70.125,-51.689894,-77.543122
70.133,-51.674101,-77.501999
70.142,-51.618197,-77.447723
70.15,-51.598879,-77.371552
70.158,-51.56674,-77.31813
70.167,-51.552794,-77.285324
70.175,-51.553098,-77.282608
70.183,-51.567213,-77.305817
70.192,-51.57781,-77.307083
70.2,-51.61923,-77.34314
70.208,-51.652176,-77.391128
70.217,-51.651421,-77.333969
70.225,-51.657807,-77.330689
70.233,-51.642876,-77.267074
70.242,-51.600157,-77.092988
70.25,-51.601057,-77.033737
70.258,-51.547479,-76.861954
70.267,-51.538701,-76.788895
70.275,-51.63686,-76.716552
70.283,-51.612869,-76.631027
70.292,-51.710518,-76.604645
70.3,-51.759482,-76.599564
70.308,-51.760797,-76.503433
70.317,-51.81409,-76.443405
70.325,-51.846764,-76.259003
70.333,-51.828285,-76.06102
70.342,-51.870006,-75.875519
70.35,-51.858063,-75.683746
70.358,-51.917051,-75.50203
70.367,-51.942226,-75.278015
70.375,-52.009178,-75.131714
70.383,-52.0886,-74.975831
70.392,-52.13118,-74.832352
70.4,-52.200489,-74.632569
70.408,-52.274138,-74.458832
70.417,-52.302694,-74.253601
70.425,-52.320144,-73.978195
70.433,-52.394238,-73.693589
70.442,-52.420009,-73.466857
70.45,-52.502095,-73.199921
70.458,-52.521276,-73.026703
70.467,-52.599547,-72.784027
70.475,-52.627324,-72.627457
70.483,-52.723241,-72.349929
70.492,-52.785591,-72.219315
70.5,-52.776651,-71.951111
70.508,-52.851312,-71.802124
70.517,-52.907984,-71.581634
70.525,-52.816565,-71.393737
70.533,-52.856125,-71.235305
70.542,-52.912958,-71.078781
70.55,-52.934834,-71.005356
70.558,-52.95461,-70.94455
70.567,-52.95507,-70.896149
70.575,-53.049585,-70.886932
70.583,-53.060853,-70.865204
70.592,-53.003983,-70.828918
70.6,-52.959835,-70.693695
70.608,-52.961126,-70.722275
70.617,-52.909298,-70.751252
70.625,-52.901558,-70.791977
70.633,-52.893421,-70.868958
70.642,-52.905613,-70.935135
70.65,-52.898241,-71.002823
70.658,-52.87109,-71.085235
70.667,-52.832046,-71.182541
70.675,-52.836239,-71.320007
70.683,-52.801189,-71.3376
70.692,-52.758478,-71.352265
70.7,-52.726139,-71.351425
70.708,-52.5897,-71.235153
70.717,-52.57667,-71.235855
70.725,-52.573419,-71.227524
70.733,-52.59197,-71.222412
70.742,-52.652681,-71.199433
70.75,-52.662431,-71.144928
70.758,-52.661724,-70.965591
70.767,-52.660667,-70.842422
70.775,-52.682936,-70.61763
70.783,-52.709318,-70.357376
70.792,-52.742046,-70.072571
70.8,-52.743748,-69.839218
70.808,-52.793575,-69.541503
70.817,-52.852083,-69.256653
70.825,-52.898332,-69.024994
70.833,-53.025154,-68.688553
70.842,-53.099476,-68.39209
70.85,-53.150858,-68.09932
70.858,-53.219933,-67.786163
70.867,-53.324446,-67.460022
70.875,-53.377288,-67.128937
70.883,-53.407032,-66.834106
70.892,-53.428571,-66.558746
70.9,-53.492813,-66.197144
70.908,-53.521904,-65.910706
70.917,-53.541914,-65.684891
70.925,-53.6156,-65.391311
70.933,-53.637362,-65.179413
70.942,-53.602417,-64.932373
70.95,-53.611691,-64.811294
70.958,-53.661991,-64.571258
70.967,-53.674785,-64.425751
70.975,-53.670004,-64.312577
70.983,-53.722315,-64.079178
70.992,-53.726671,-63.960678
71,-53.680794,-63.934403
71.008,-53.689266,-63.784042
71.017,-53.705328,-63.626831
71.025,-53.659222,-63.578064
71.033,-53.644612,-63.40355
71.042,-53.66009,-63.2612
71.05,-53.650362,-63.192001
71.058,-53.620283,-63.167435
71.067,-53.600784,-63.066208
71.075,-53.66338,-62.95346
71.083,-53.67026,-62.823745
71.092,-53.661741,-62.735656
71.1,-53.658075,-62.615692
71.108,-53.654784,-62.423523
71.117,-53.576218,-62.342514
71.125,-53.620964,-62.179993
71.133,-53.568135,-61.935181
71.142,-53.615151,-61.795456
71.15,-53.586685,-61.695907
71.158,-53.647909,-61.507172
71.167,-53.5924,-61.419799
71.175,-53.60739,-61.250473
71.183,-53.611923,-61.066147
71.192,-53.596241,-60.929596
71.2,-53.665567,-60.640152
71.208,-53.624615,-60.405533
71.217,-53.538664,-60.181167
71.225,-53.596029,-59.871445
71.233,-53.516512,-59.731704
71.242,-53.56934,-59.402023
71.25,-53.580465,-59.212112
71.258,-53.579862,-59.0186
71.267,-53.652504,-58.639282
71.275,-53.569383,-58.445099
71.283,-53.624329,-58.094543
71.292,-53.617782,-57.779037
71.3,-53.549654,-57.394898
71.308,-53.588723,-57.047363
71.317,-53.505814,-56.746476
71.325,-53.502905,-56.392853
71.333,-53.463506,-56.030701
71.342,-53.462834,-55.680008
71.35,-53.475529,-55.333038
71.358,-53.455598,-55.077866
71.367,-53.492989,-54.694214
71.375,-53.472213,-54.328049
71.383,-53.467728,-53.980408
71.392,-53.466814,-53.62912
71.4,-53.433016,-53.350677
71.408,-53.382779,-53.03125
71.417,-53.365374,-52.697189
71.425,-53.360885,-52.393112
71.433,-53.371289,-52.08876
71.442,-53.276756,-51.854111
71.45,-53.271868,-51.655533
71.458,-53.265987,-51.470886
71.467,-53.268683,-51.302017
71.475,-53.269279,-51.147598
71.483,-53.246439,-51.038055
71.492,-53.300745,-50.883453
71.5,-53.229555,-50.756912
71.508,-53.154616,-50.664688
71.517,-53.12188,-50.597336
71.525,-53.067553,-50.523437
71.533,-53.04286,-50.482223
71.542,-53.024616,-50.448364
71.55,-53.054771,-50.380005
71.558,-53.044821,-50.353744
71.567,-53.017706,-50.255158
71.575,-53.001217,-50.218048
71.583,-52.938103,-50.187409
71.592,-52.925975,-50.100723
71.6,-52.897934,-50.02948
71.608,-52.867012,-49.959442
71.617,-52.856992,-49.812789
71.625,-52.801479,-49.697907
71.633,-52.780655,-49.602402
71.642,-52.769791,-49.444626
71.65,-52.746525,-49.27919
71.658,-52.770908,-49.121719
71.667,-52.794626,-48.907852
71.675,-52.662445,-48.757401
71.683,-52.606691,-48.462692
71.692,-52.580204,-48.233413
71.7,-52.443548,-47.964859
71.708,-52.425384,-47.640015
71.717,-52.335898,-47.410889
71.725,-52.275187,-47.114227
71.733,-52.206807,-46.789505
71.742,-52.159088,-46.433411
71.75,-52.004385,-46.073181
71.758,-51.982485,-45.579727
71.767,-51.737381,-45.13385
71.775,-51.583519,-44.636963
71.783,-51.438425,-44.067337
71.792,-51.234098,-43.54068
71.8,-51.064838,-43.004181
71.808,-50.924364,-42.386429
71.817,-50.773482,-41.840515
71.825,-50.6402,-41.259506
71.833,-50.487104,-40.680343
71.842,-50.435098,-40.110122
71.85,-50.299778,-39.60109
71.858,-50.135397,-39.136169
71.867,-49.98867,-38.564667
71.875,-49.818182,-38.073746
71.883,-49.696364,-37.616256
71.892,-49.525558,-37.198394
71.9,-49.449119,-36.854217
71.908,-49.274079,-36.55072
71.917,-49.113961,-36.300537
71.925,-49.06065,-36.038513
71.933,-48.953726,-35.879638
71.942,-48.862034,-35.696793
71.95,-48.807541,-35.60643
71.958,-48.801407,-35.571533
71.967,-48.779911,-35.550384
71.975,-48.752209,-35.539475
71.983,-48.720526,-35.530335
71.992,-48.655813,-35.495224
72,-48.609363,-35.475724
72.008,-48.501324,-35.448135
72.017,-48.426565,-35.410263
72.025,-48.298823,-35.382111
72.033,-48.242928,-35.320252
72.042,-48.175953,-35.271195
72.05,-48.073331,-35.13089
72.058,-48.101197,-35.024444
72.067,-48.09296,-34.879104
72.075,-48.025116,-34.761002
72.083,-48.036932,-34.532761
72.092,-47.968861,-34.345673
72.1,-47.73863,-34.132736
72.108,-47.643685,-33.846848
72.117,-47.559269,-33.584992
72.125,-47.333372,-33.281372
72.133,-47.224112,-32.961029
72.142,-46.989591,-32.740418
72.15,-46.877081,-32.435166
72.158,-46.736395,-32.133011
72.167,-46.684828,-31.946518
72.175,-46.585055,-31.622025
72.183,-46.488443,-31.340576
72.192,-46.341749,-31.11589
72.2,-46.167321,-30.852584
72.208,-46.075907,-30.544526
72.217,-45.869273,-30.299347
72.225,-45.572468,-30.040848
72.233,-45.450658,-29.714462
72.242,-45.169676,-29.481506
72.25,-44.999708,-29.179276
72.258,-44.824797,-29.003769
72.267,-44.71054,-28.758591
72.275,-44.633061,-28.588073
72.283,-44.549082,-28.351318
72.292,-44.462748,-28.155456
72.3,-44.335154,-27.922897
72.308,-44.208597,-27.715057
72.317,-44.045256,-27.472442
72.325,-43.865551,-27.296463
72.333,-43.694105,-27.059799
72.342,-43.550993,-26.85202
72.35,-43.384375,-26.623413
72.358,-43.19973,-26.47139
72.367,-43.114191,-26.266586
72.375,-42.980818,-26.107681
72.383,-42.898517,-25.983398
72.392,-42.846115,-25.801911
72.4,-42.72599,-25.658539
72.408,-42.647112,-25.55008
72.417,-42.546903,-25.348816
72.425,-42.482518,-25.266144
72.433,-42.313629,-25.068497
72.442,-42.152603,-25.005218
72.45,-42.109539,-24.932785
72.458,-41.891997,-24.686859
72.467,-41.829529,-24.652191
72.475,-41.589363,-24.43367
72.483,-41.540936,-24.402451
72.492,-41.394451,-24.249985
72.5,-41.210174,-23.988526
72.508,-41.129128,-23.982727
72.517,-40.903667,-23.735657
72.525,-40.852062,-23.589691
72.533,-40.646213,-23.38002
72.542,-40.494979,-23.186416
72.55,-40.367122,-23.026351
72.558,-40.199478,-22.849395
72.567,-40.078388,-22.61171
72.575,-39.85714,-22.417297
72.583,-39.756329,-22.273941
72.592,-39.531735,-22.092087
72.6,-39.29723,-21.81369
72.608,-39.125004,-21.641311
72.617,-38.971417,-21.430923
72.625,-38.84861,-21.266983
72.633,-38.728241,-21.116669
72.642,-38.598945,-21.004853
72.65,-38.513905,-20.90332
72.658,-38.360405,-20.769272
72.667,-38.251576,-20.593857
72.675,-38.068898,-20.516434
72.683,-37.895672,-20.279785
72.692,-37.718101,-20.162384
72.7,-37.578648,-20.036392
72.708,-37.403412,-19.928833
72.717,-37.288463,-19.835938
72.725,-37.133239,-19.669189
72.733,-36.999497,-19.54631
72.742,-36.85772,-19.475098
72.75,-36.719711,-19.302918
72.758,-36.56757,-19.175705
72.767,-36.396534,-19.020691
72.775,-36.257794,-18.930374
72.783,-36.076927,-18.788604
72.792,-35.911529,-18.62175
72.8,-35.665985,-18.386505
72.808,-35.534809,-18.290222
72.817,-35.379307,-18.056229
72.825,-35.296429,-17.943008
72.833,-35.220909,-17.869293
72.842,-35.188027,-17.791367
72.85,-35.100773,-17.629288
72.858,-35.049122,-17.552903
72.867,-35.003292,-17.515076
72.875,-34.934097,-17.511078
72.883,-34.863163,-17.481629
72.892,-34.781528,-17.435059
72.9,-34.719075,-17.402328
72.908,-34.685242,-17.404541
72.917,-34.630161,-17.450867
72.925,-34.610123,-17.466599
72.933,-34.601673,-17.486084
72.942,-34.583457,-17.523071
72.95,-34.576923,-17.533814
72.958,-34.612793,-17.611054
72.967,-34.528198,-17.57225
72.975,-34.458248,-17.549499
72.983,-34.349163,-17.482377
72.992,-34.17149,-17.43785
73,-33.971939,-17.264954
73.008,-33.755978,-17.192734
73.017,-33.584861,-17.033356
73.025,-33.380638,-16.863464
73.033,-33.170052,-16.657013
73.042,-32.978775,-16.454285
73.05,-32.729076,-16.245407
73.058,-32.479744,-16.046937
73.067,-32.140087,-15.825119
73.075,-31.907154,-15.662842
73.083,-31.518143,-15.26088
73.092,-31.178757,-14.990112
73.1,-30.848045,-14.85759
73.108,-30.419411,-14.550629
73.117,-30.093712,-14.23584
73.125,-29.768005,-14.072037
73.133,-29.459957,-13.750107
73.142,-29.170441,-13.570953
73.15,-28.856861,-13.361114
73.158,-28.56813,-13.258881
73.167,-28.273987,-13.101776
73.175,-28.082431,-12.942428
73.183,-27.816528,-12.853592
73.192,-27.557274,-12.698731
73.2,-27.361607,-12.6362
73.208,-27.165409,-12.443131
73.217,-26.898197,-12.455871
73.225,-26.727265,-12.275635
73.233,-26.494583,-12.324677
73.242,-26.194332,-12.199936
73.25,-26.026467,-12.153565
73.258,-25.654095,-11.938477
73.267,-25.401336,-11.958146
73.275,-25.080425,-11.825592
73.283,-24.811032,-11.714142
73.292,-24.534069,-11.557038
73.3,-24.31173,-11.463501
73.308,-24.013916,-11.324204
73.317,-23.764995,-11.094757
73.325,-23.509838,-10.950348
73.333,-23.1796,-10.867417
73.342,-22.89859,-10.653229
73.35,-22.554302,-10.542389
73.358,-22.21902,-10.426087
73.367,-21.882637,-10.288941
73.375,-21.562702,-10.158096
73.383,-21.226441,-10.037918
73.392,-20.984798,-9.825699
73.4,-20.671425,-9.800064
73.408,-20.448887,-9.770508
73.417,-20.168751,-9.62619
73.425,-19.918678,-9.50589
73.433,-19.72757,-9.361359
73.442,-19.482121,-9.296432
73.45,-19.271534,-9.237366
73.458,-19.043251,-9.162888
73.467,-18.812393,-9.124481
73.475,-18.618682,-9.04454
73.483,-18.482021,-8.998901
73.492,-18.323246,-8.886276
73.5,-18.210716,-8.872009
73.508,-18.038208,-8.826157
73.517,-17.954647,-8.810944
73.525,-17.867775,-8.774949
73.533,-17.743828,-8.695282
73.542,-17.344723,-8.855148
73.55,-17.262623,-8.828522
73.558,-17.120163,-8.766449
73.567,-17.039074,-8.790222
73.575,-17.010521,-8.779785
73.583,-16.998184,-8.766266
73.592,-16.996735,-8.752182
73.6,-16.994877,-8.74324
73.608,-16.990784,-8.739014
73.617,-16.987648,-8.744995
73.625,-16.993091,-8.754288
73.633,-17.004158,-8.768722
73.642,-17.030507,-8.785508
73.65,-17.058266,-8.804474
73.658,-17.123536,-8.779525
73.667,-17.239902,-8.826675
73.675,-17.278152,-8.868882
73.683,-17.329277,-8.886414
73.692,-17.677227,-8.733963
73.7,-17.736843,-8.724777
73.708,-17.746765,-8.744873
73.717,-17.724823,-8.735214
73.725,-17.745979,-8.78331
73.733,-17.743523,-8.793747
73.742,-17.741344,-8.797119
73.75,-17.756813,-8.84755
73.758,-17.74681,-8.848267
73.767,-17.711441,-8.76535
73.775,-17.73288,-8.790146
73.783,-17.728588,-8.792374
73.792,-17.687745,-8.799362
73.8,-17.639049,-8.778381
73.808,-17.535607,-8.78569
73.817,-17.114345,-8.848755
73.825,-16.9977,-8.877991
73.833,-16.915165,-8.852783
73.842,-16.704346,-8.788696
73.85,-16.645535,-8.785293
73.858,-16.491264,-8.704864
73.867,-16.390182,-8.713424
73.875,-16.329479,-8.676574
73.883,-16.278823,-8.643829
73.892,-16.133881,-8.569855
73.9,-16.075298,-8.569946
73.908,-16.040092,-8.54776
73.917,-16.002895,-8.531098
73.925,-15.96033,-8.518891
73.933,-15.79007,-8.484772
73.942,-15.795117,-8.482391
73.95,-15.734906,-8.500031
73.958,-15.703918,-8.497406
73.967,-15.673504,-8.499268
73.975,-15.641872,-8.50177
73.983,-15.60672,-8.505402
73.992,-15.477848,-8.507507
74,-15.403713,-8.529053
74.008,-15.453228,-8.502686
74.017,-15.45039,-8.50055
74.025,-15.399242,-8.528106
74.033,-15.409923,-8.533447
74.042,-15.486096,-8.509278
74.05,-15.506329,-8.498718
74.058,-15.626198,-8.480987
74.067,-15.518437,-8.481109
74.075,-15.506008,-8.474915
74.083,-15.449085,-8.511994
74.092,-15.428219,-8.485962
74.1,-15.395416,-8.487366
74.108,-15.368824,-8.485352
74.117,-15.351273,-8.480896
74.125,-15.349553,-8.476349
74.133,-15.412998,-8.542175
74.142,-15.447529,-8.533417
74.15,-15.434654,-8.451935
74.158,-15.509632,-8.520813
74.167,-15.521873,-8.519806
74.175,-15.58728,-8.515747
74.183,-15.826622,-8.468933
74.192,-15.509621,-8.519684
74.2,-15.497894,-8.532623
74.208,-15.434383,-8.470917
74.217,-15.422203,-8.485229
74.225,-15.420368,-8.494537
74.233,-15.435997,-8.496979
74.242,-15.443982,-8.533569
74.25,-15.548874,-8.567291
74.258,-15.622208,-8.563996
74.267,-15.523109,-8.505981
74.275,-15.648262,-8.506867
74.283,-15.675522,-8.507416
74.292,-15.704968,-8.508026
74.3,-15.720704,-8.510376
74.308,-15.726627,-8.517639
74.317,-15.721451,-8.524261
74.325,-15.72213,-8.527466
74.333,-15.731263,-8.531585
74.342,-15.744931,-8.538117
74.35,-15.749623,-8.576904
74.358,-15.800698,-8.550323
74.367,-15.815494,-8.563569
74.375,-15.948605,-8.568512
74.383,-15.991909,-8.570771
74.392,-16.038963,-8.577636
74.4,-16.089135,-8.591674
74.408,-16.149609,-8.602966
74.417,-16.306232,-8.644226
74.425,-16.344204,-8.656525
74.433,-16.370262,-8.67276
74.442,-16.386116,-8.686798
74.45,-16.503387,-8.769928
74.458,-16.436851,-8.790115
74.467,-16.491218,-8.805099
74.475,-16.412663,-8.828399
74.483,-16.356205,-8.769074
74.492,-16.363198,-8.716995
74.5,-16.342781,-8.735504
74.508,-16.379292,-8.758163
74.517,-16.454045,-8.798645
74.525,-16.412948,-8.732041
74.533,-16.42662,-8.715683
74.542,-16.434654,-8.702561
74.55,-16.472396,-8.763398
74.558,-16.449799,-8.755798
74.567,-16.365375,-8.67807
74.575,-16.335232,-8.671112
74.583,-16.308751,-8.66568
74.592,-16.297844,-8.657867
74.6,-16.297241,-8.653748
74.608,-16.295659,-8.660583
74.617,-16.357655,-8.719574
74.625,-16.307335,-8.669953
74.633,-16.317463,-8.671631
74.642,-16.332481,-8.667053
74.65,-16.345012,-8.671845
74.658,-16.354412,-8.683136
74.667,-16.36409,-8.696533
74.675,-16.371971,-8.711655
74.683,-16.386467,-8.716111
74.692,-16.405903,-8.71669
74.7,-16.422847,-8.712555
74.708,-16.425403,-8.715973
74.717,-16.459374,-8.743347
74.725,-16.473553,-8.778519
74.733,-16.409618,-8.734192
74.742,-16.411568,-8.738998
74.75,-16.428241,-8.737106
74.758,-16.468453,-8.65834
74.767,-16.512016,-8.693955
74.775,-16.622826,-8.737136
74.783,-16.703217,-8.80812
74.792,-16.795047,-8.807525
74.8,-16.815655,-8.81012
74.808,-16.818187,-8.820404
74.817,-16.807125,-8.832184
74.825,-16.740128,-8.830246
74.833,-16.658539,-8.78717
74.842,-16.647209,-8.794098
74.85,-16.650562,-8.801194
74.858,-16.669083,-8.808136
74.867,-16.701271,-8.812134
74.875,-16.741043,-8.813965
74.883,-16.892208,-8.874298
74.892,-16.889878,-8.82573
74.9,-16.880646,-8.79538
74.908,-16.948784,-8.790207
74.917,-16.962085,-8.825119
74.925,-16.944851,-8.827835
74.933,-16.878475,-8.885208
74.942,-16.74152,-8.823547
74.95,-16.718045,-8.823426
74.958,-16.711761,-8.819275
74.967,-16.833053,-8.87645
74.975,-16.785492,-8.872193
74.983,-16.801876,-8.870025
74.992,-16.809048,-8.747864
75,-16.816265,-8.748261
75.008,-16.819729,-8.749558
75.017,-16.799973,-8.714554
75.025,-16.825104,-8.743454
75.033,-16.817494,-8.743637
75.042,-16.810009,-8.747406
75.05,-16.803081,-8.754806
75.058,-16.754329,-8.811889
75.067,-16.804622,-8.761291
75.075,-16.765377,-8.811401
75.083,-16.807156,-8.763397
75.092,-16.800399,-8.768295
75.1,-16.801036,-8.77768
75.108,-16.808995,-8.78273
75.117,-16.808514,-8.825348
75.125,-16.929154,-8.843216
75.133,-16.955235,-8.847855
75.142,-16.981102,-8.798493
75.15,-16.971279,-8.825393
75.158,-17.053261,-8.926757
75.167,-17.068126,-8.904159
75.175,-17.0471,-8.926239
75.183,-16.979526,-8.861785
75.192,-16.962593,-8.872452
75.2,-16.993729,-8.955689
75.208,-16.943966,-8.879715
75.217,-16.946156,-8.876755
75.225,-16.957607,-8.86937
75.233,-17.090789,-8.93103
75.242,-17.3597,-8.877579
75.25,-17.430863,-8.857971
75.258,-17.090229,-8.928329
75.267,-17.100212,-8.934754
75.275,-17.102241,-8.930008
75.283,-17.138611,-8.887253
75.292,-17.140156,-8.921692
75.3,-17.121655,-8.923508
75.308,-17.03854,-8.940536
75.317,-17.033836,-8.943756
75.325,-16.992382,-8.876648
75.333,-17.006191,-8.874542
75.342,-17.132939,-8.940476
75.35,-17.155884,-8.937423
75.358,-17.177627,-8.938874
75.367,-17.204246,-8.938354
75.375,-17.550125,-8.774674
75.383,-17.5723,-8.759873
75.392,-17.569633,-8.768448
75.4,-17.548844,-8.792404
75.408,-17.207917,-8.967819
75.417,-17.193245,-8.96666
75.425,-17.185421,-8.961624
75.433,-17.174522,-8.963333
75.442,-17.166466,-8.968017
75.45,-17.167431,-8.972412
75.458,-17.174064,-8.970627
75.467,-17.188381,-8.968262
75.475,-17.205612,-8.956955
75.483,-17.495125,-8.768555
75.492,-17.576198,-8.765701
75.5,-17.58722,-8.770417
75.508,-17.618004,-8.789719
75.517,-17.659947,-8.820801
75.525,-17.670708,-8.820465
75.533,-17.664478,-8.820907
75.542,-17.618949,-8.794662
75.55,-17.577702,-8.784912
75.558,-17.198555,-8.987228
75.567,-17.171165,-8.998382
75.575,-17.151135,-9.026947
75.583,-17.152969,-9.025559
75.592,-17.160325,-9.019516
75.6,-17.11383,-8.993835
75.608,-17.20081,-8.977676
75.617,-17.564693,-8.779693
75.625,-17.581356,-8.775833
75.633,-17.584011,-8.770217
75.642,-17.550225,-8.791748
75.65,-17.161682,-8.967743
75.658,-16.956848,-8.981415
75.667,-16.830463,-8.988999
75.675,-16.597275,-8.978806
75.683,-16.428581,-8.959168
75.692,-16.175328,-8.933242
75.7,-15.94796,-8.895508
75.708,-15.813683,-8.846253
75.717,-15.595696,-8.813523
75.725,-15.537865,-8.674652
75.733,-15.370987,-8.608551
75.742,-15.29657,-8.472168
75.75,-15.248111,-8.388642
75.758,-15.090584,-8.346833
75.767,-15.037059,-8.274628
75.775,-14.985756,-8.242798
75.783,-14.943333,-8.223175
75.792,-14.911217,-8.217621
75.8,-14.897964,-8.227295
75.808,-14.89954,-8.255157
75.817,-14.921211,-8.292816
75.825,-14.959957,-8.34253
75.833,-14.999847,-8.381378
75.842,-15.176399,-8.458191
75.85,-15.231857,-8.511169
75.858,-15.258419,-8.617828
75.867,-15.33498,-8.593414
75.875,-15.362793,-8.682525
75.883,-15.489818,-8.683838
75.892,-15.493245,-8.70404
75.9,-15.491982,-8.710571
75.908,-15.472255,-8.669586
75.917,-15.499218,-8.683411
75.925,-15.509255,-8.656921
75.933,-15.516575,-8.606598
75.942,-15.550014,-8.578675
75.95,-15.593514,-8.548828
75.958,-15.668308,-8.505799
75.967,-15.799988,-8.508637
75.975,-15.8442,-8.499176
75.983,-15.87246,-8.502045
75.992,-15.893955,-8.514587
76,-15.90678,-8.536957
76.008,-15.911934,-8.573181
76.017,-15.927498,-8.641235
76.025,-15.930466,-8.684936
76.033,-15.942013,-8.726135
76.042,-15.9696,-8.782746
76.05,-15.983631,-8.83313
76.058,-16.114559,-8.842377
76.067,-16.134319,-8.862656
76.075,-16.14354,-8.878937
76.083,-16.141815,-8.883102
76.092,-16.048919,-8.882583
76.1,-15.968987,-8.866089
76.108,-15.883907,-8.862487
76.117,-15.815556,-8.795044
76.125,-15.632649,-8.763199
76.133,-15.528343,-8.678406
76.142,-15.2495,-8.664215
76.15,-15.089013,-8.517975
76.158,-14.845405,-8.419342
76.167,-14.767585,-8.39505
76.175,-14.688366,-8.345581
76.183,-14.481968,-8.358277
76.192,-14.436149,-8.254486
76.2,-14.278645,-8.287201
76.208,-14.192127,-8.347198
76.217,-14.126965,-8.229736
76.225,-13.974567,-8.271332
76.233,-13.863868,-8.310089
76.242,-13.833084,-8.21695
76.25,-13.705383,-8.246978
76.258,-13.579464,-8.300842
76.267,-13.465042,-8.262786
76.275,-13.249039,-8.313141
76.283,-13.169101,-8.342773
76.292,-12.932549,-8.284332
76.3,-12.870484,-8.256165
76.308,-12.804046,-8.243805
76.317,-12.736579,-8.225251
76.325,-12.551208,-8.200684
76.333,-12.466911,-8.176605
76.342,-12.25853,-8.150299
76.35,-12.154888,-8.123169
76.358,-11.917897,-8.127777
76.367,-11.82127,-8.058319
76.375,-11.597351,-8.025238
76.383,-11.489094,-7.985107
76.392,-11.301423,-8.065491
76.4,-11.18071,-7.921814
76.408,-10.996437,-8.033142
76.417,-10.902679,-7.877319
76.425,-10.765362,-7.958619
76.433,-10.643139,-7.896729
76.442,-10.611996,-7.875824
76.45,-10.598133,-7.856995
76.458,-10.589191,-7.802582
76.467,-10.60976,-7.791504
76.475,-10.636906,-7.904296
76.483,-10.668209,-7.857544
76.492,-10.613998,-7.950683
76.5,-10.576622,-7.934357
76.508,-10.588657,-7.962585
76.517,-10.535206,-7.869964
76.525,-10.508774,-7.889435
76.533,-10.365303,-7.940887
76.542,-10.358536,-7.950683
76.55,-10.359207,-7.954651
76.558,-10.368072,-7.946991
76.567,-10.508461,-7.902588
76.575,-10.53154,-7.882843
76.583,-10.52515,-7.903229
76.592,-10.554756,-7.855591
76.6,-10.555386,-7.848847
76.608,-10.532631,-7.808716
76.617,-10.610477,-7.884979
76.625,-10.458485,-7.939148
76.633,-10.518272,-7.928009
76.642,-10.513287,-7.925872
76.65,-10.503967,-7.927948
76.658,-10.458893,-7.974853
76.667,-10.442356,-7.987427
76.675,-10.408474,-7.967315
76.683,-10.419807,-8.010376
76.692,-10.418544,-8.015228
76.7,-10.42342,-8.012298
76.708,-10.438667,-8.007172
76.717,-10.455704,-8.003723
76.725,-10.468292,-7.997376
76.733,-10.477035,-7.985413
76.742,-10.44846,-7.945038
76.75,-10.447903,-7.973053
76.758,-10.420135,-7.972351
76.767,-10.39156,-7.969879
76.775,-10.367557,-7.971161
76.783,-10.363029,-7.961548
76.792,-10.366577,-7.95224
76.8,-10.376236,-7.950318
76.808,-10.383811,-7.951324
76.817,-10.401016,-7.949738
76.825,-10.397274,-7.912629
76.833,-10.410171,-7.909424
76.842,-10.438572,-7.94638
76.85,-10.433899,-7.953186
76.858,-10.42096,-7.966278
76.867,-10.410061,-7.980377
76.875,-10.405082,-7.988403
76.883,-10.405376,-7.986297
76.892,-10.414421,-7.981323
76.9,-10.424698,-7.976593
76.908,-10.439243,-7.976563
76.917,-10.422523,-7.944
76.925,-10.506843,-7.94284
76.933,-10.529114,-7.946625
76.942,-10.663636,-7.874725
76.95,-10.711479,-7.903869
76.958,-10.688156,-7.913177
76.967,-10.715756,-7.973297
76.975,-10.73185,-7.977875
76.983,-10.740078,-7.988495
76.992,-10.749596,-7.998963
77,-10.760964,-8.009949
77.008,-10.77805,-8.019165
77.017,-10.793141,-8.024109
77.025,-10.839016,-7.990326
77.033,-10.852009,-8.000274
77.042,-11.010628,-7.972565
77.05,-11.047649,-7.978852
77.058,-11.0644,-8.041168
77.067,-11.109204,-8.039062
77.075,-11.176548,-7.994507
77.083,-11.193535,-7.997894
77.092,-11.337059,-7.967041
77.1,-11.333279,-7.943329
77.108,-11.369824,-7.975952
77.117,-11.394413,-7.977356
77.125,-11.409012,-7.979462
77.133,-11.39751,-7.938874
77.142,-11.394135,-8.022736
77.15,-11.478641,-8.025299
77.158,-11.653164,-7.99704
77.167,-11.732956,-7.998535
77.175,-11.811851,-7.964813
77.183,-12.016785,-7.955566
77.192,-12.110218,-7.993378
77.2,-12.268375,-7.983917
77.208,-12.358562,-8.033264
77.217,-12.42358,-8.048828
77.225,-12.589905,-8.076202
77.233,-12.629455,-8.063934
77.242,-12.708996,-8.124939
77.25,-12.80606,-8.110901
77.258,-12.949581,-8.191253
77.267,-13.012646,-8.174469
77.275,-13.144329,-8.175598
77.283,-13.292515,-8.203736
77.292,-13.375149,-8.222595
77.3,-13.59882,-8.175232
77.308,-13.673942,-8.301849
77.317,-13.790405,-8.267059
77.325,-13.953503,-8.223999
77.333,-13.986084,-8.304748
77.342,-14.106835,-8.296448
77.35,-14.273133,-8.292633
77.358,-14.337837,-8.30307
77.367,-14.377972,-8.383118
77.375,-14.567184,-8.297271
77.383,-14.668083,-8.289673
77.392,-14.761905,-8.370056
77.4,-14.96241,-8.372772
77.408,-15.093029,-8.349365
77.417,-15.305553,-8.323761
77.425,-15.574138,-8.384246
77.433,-15.744083,-8.450501
77.442,-15.975937,-8.456542
77.45,-16.223938,-8.559967
77.458,-16.395329,-8.592285
77.467,-16.647377,-8.614777
77.475,-16.933262,-8.757507
77.483,-17.222736,-8.772919
77.492,-17.781006,-8.773773
77.5,-18.091427,-8.794876
77.508,-18.348526,-8.904374
77.517,-18.648403,-9.020752
77.525,-18.976352,-9.131424
77.533,-19.278232,-9.243148
77.542,-19.601547,-9.383438
77.55,-19.932606,-9.435059
77.558,-20.201489,-9.592193
77.567,-20.499317,-9.671387
77.575,-20.808804,-9.822907
77.583,-21.128048,-9.90181
77.592,-21.439526,-10.005783
77.6,-21.817776,-10.136505
77.608,-22.217598,-10.256333
77.617,-22.62611,-10.370773
77.625,-23.057839,-10.477142
77.633,-23.511742,-10.712326
77.642,-23.958504,-10.860809
77.65,-24.447563,-11.040894
77.658,-24.861743,-11.217941
77.667,-25.295563,-11.443206
77.675,-25.697071,-11.646256
77.683,-26.084851,-11.905487
77.692,-26.417091,-12.087524
77.7,-26.737976,-12.344712
77.708,-27.034714,-12.533889
77.717,-27.336727,-12.727402
77.725,-27.586933,-12.955841
77.733,-27.865578,-13.129043
77.742,-28.126149,-13.32724
77.75,-28.436501,-13.484238
77.758,-28.701569,-13.568222
77.767,-28.98687,-13.71431
77.775,-29.20221,-13.904633
77.783,-29.438244,-13.980103
77.792,-29.634537,-14.067963
77.8,-29.7845,-14.075882
77.808,-29.878063,-14.138276
77.817,-29.994953,-14.179763
77.825,-30.062401,-14.200425
77.833,-30.137821,-14.277207
77.842,-30.227195,-14.273636
77.85,-30.351852,-14.351212
77.858,-30.434795,-14.388549
77.867,-30.524922,-14.485031
77.875,-30.684864,-14.496414
77.883,-30.830601,-14.547943
77.892,-30.998234,-14.62233
77.9,-31.12334,-14.750245
77.908,-31.320144,-14.836869
77.917,-31.393242,-14.925171
77.925,-31.461304,-14.980346
77.933,-31.595039,-15.094879
77.942,-31.637497,-15.184067
77.95,-31.65572,-15.233398
77.958,-31.683868,-15.366852
77.967,-31.689933,-15.400589
77.975,-31.69836,-15.482071
77.983,-31.720474,-15.499771
77.992,-31.775818,-15.466248
78,-31.86353,-15.478379
78.008,-31.930108,-15.495285
78.017,-32.016861,-15.466721
78.025,-32.084267,-15.463715
78.033,-32.218765,-15.488068
78.042,-32.286724,-15.483674
78.05,-32.403793,-15.488281
78.058,-32.479339,-15.508835
78.067,-32.609974,-15.565522
78.075,-32.725902,-15.666244
78.083,-32.913803,-15.726349
78.092,-33.029766,-15.864197
78.1,-33.235237,-16.103149
78.108,-33.408333,-16.164475
78.117,-33.686218,-16.374817
78.125,-33.985527,-16.634613
78.133,-34.325508,-16.901291
78.142,-34.695266,-17.202774
78.15,-35.027824,-17.512787
78.158,-35.391811,-17.789551
78.167,-35.776394,-18.231079
78.175,-36.098732,-18.533981
78.183,-36.363609,-18.895554
78.192,-36.669804,-19.204864
78.2,-36.988159,-19.521637
78.208,-37.280273,-19.849655
78.217,-37.575096,-20.187378
78.225,-37.87696,-20.54808
78.233,-38.178539,-20.903335
78.242,-38.501098,-21.230988
78.25,-38.776455,-21.420059
78.258,-39.084729,-21.710769
78.267,-39.348511,-21.957093
78.275,-39.564617,-22.183243
78.283,-39.816227,-22.462051
78.292,-40.020916,-22.655853
78.3,-40.181111,-22.888992
78.308,-40.364994,-23.093979
78.317,-40.497994,-23.231003
78.325,-40.67371,-23.377868
78.333,-40.849949,-23.603622
78.342,-41.046581,-23.737473
78.35,-41.249626,-23.991089
78.358,-41.461018,-24.13594
78.367,-41.687191,-24.349244
78.375,-41.932941,-24.618927
78.383,-42.172232,-24.906204
78.392,-42.455676,-25.204926
78.4,-42.686167,-25.540436
78.408,-42.987245,-25.798217
78.417,-43.182585,-26.160431
78.425,-43.424116,-26.563294
78.433,-43.706368,-26.95018
78.442,-43.958941,-27.450378
78.45,-44.228497,-27.851731
78.458,-44.484036,-28.381272
78.467,-44.768621,-28.825302
78.475,-45.044257,-29.32695
78.483,-45.348823,-29.858963
78.492,-45.604162,-30.442932
78.5,-45.833856,-30.882431
78.508,-46.074789,-31.370011
78.517,-46.336595,-31.796463
78.525,-46.489973,-32.320084
78.533,-46.689364,-32.741806
78.542,-46.851682,-33.143174
78.55,-47.086767,-33.441269
78.558,-47.190724,-33.753327
78.567,-47.340423,-34.088913
78.575,-47.485531,-34.471939
78.583,-47.606176,-34.634994
78.592,-47.721375,-34.82637
78.6,-47.816072,-35.025925
78.608,-47.887875,-35.028305
78.617,-47.984262,-35.17633
78.625,-48.019436,-35.292237
78.633,-48.084203,-35.367782
78.642,-48.122959,-35.393082
78.65,-48.159206,-35.42096
78.658,-48.194722,-35.446411
78.667,-48.224886,-35.428848
78.675,-48.339246,-35.544525
78.683,-48.391068,-35.522355
78.692,-48.420963,-35.584565
78.7,-48.463915,-35.625778
78.708,-48.556778,-35.746414
78.717,-48.680427,-35.87883
78.725,-48.738396,-35.989761
78.733,-48.766472,-36.171326
78.742,-48.882061,-36.358032
78.75,-48.939062,-36.519089
78.758,-49.042144,-36.770416
78.767,-49.100422,-37.049851
78.775,-49.206883,-37.30513
78.783,-49.25996,-37.667938
78.792,-49.39516,-37.954132
78.8,-49.501594,-38.342514
78.808,-49.645801,-38.633301
78.817,-49.758217,-39.032944
78.825,-49.915512,-39.381088
78.833,-50.109602,-39.853424
78.842,-50.235985,-40.308807
78.85,-50.406666,-40.804474
78.858,-50.530485,-41.232925
78.867,-50.719492,-41.710571
78.875,-50.811546,-42.146652
78.883,-50.91435,-42.610672
78.892,-51.026266,-43.06659
78.9,-51.129265,-43.531922
78.908,-51.248439,-44.020431
78.917,-51.406746,-44.509507
78.925,-51.537138,-45.131103
78.933,-51.683289,-45.722366
78.942,-51.850807,-46.211151
78.95,-51.969054,-46.845123
78.958,-52.092789,-47.39389
78.967,-52.149382,-48.03038
78.975,-52.255017,-48.57077
78.983,-52.381029,-49.104401
78.992,-52.419212,-49.724182
79,-52.570834,-50.339096
79.008,-52.682789,-51.001602
79.017,-52.758041,-51.612793
79.025,-52.881557,-52.306565
79.033,-52.990942,-52.986054
79.042,-53.080668,-53.597808
79.05,-53.105983,-54.391372
79.058,-53.146633,-54.909042
79.067,-53.164889,-55.657745
79.075,-53.163835,-56.283111
79.083,-53.198637,-57.028915
79.092,-53.175438,-57.682755
79.1,-53.20018,-58.314087
79.108,-53.161537,-58.960739
79.117,-53.153168,-59.596924
79.125,-53.166777,-60.212921
79.133,-53.074465,-60.82399
79.142,-53.032641,-61.388535
79.15,-52.998144,-61.913254
79.158,-52.965386,-62.364731
79.167,-52.918572,-62.735123
79.175,-52.87648,-63.119644
79.183,-52.830229,-63.332718
79.192,-52.7522,-63.620178
79.2,-52.738166,-63.799881
79.208,-52.731911,-63.954895
79.217,-52.777371,-64.056488
79.225,-52.846008,-64.168838
79.233,-52.877264,-64.29834
79.242,-52.899231,-64.288528
79.25,-52.913351,-64.343506
79.258,-52.936045,-64.351974
79.267,-52.966551,-64.366211
79.275,-53.004164,-64.395233
79.283,-53.034422,-64.435654
79.292,-53.113898,-64.541367
79.3,-53.134808,-64.681031
79.308,-53.124872,-64.897583
79.317,-53.190485,-65.035797
79.325,-53.126074,-65.323105
79.333,-53.114183,-65.544906
79.342,-53.09254,-65.856826
79.35,-53.067688,-66.246643
79.358,-53.010862,-66.717072
79.367,-53.011993,-67.199829
79.375,-52.889353,-67.627441
79.383,-52.793602,-68.275528
79.392,-52.658472,-68.685425
79.4,-52.58885,-69.149506
79.408,-52.463081,-69.64032
79.417,-52.34508,-70.106369
79.425,-52.18301,-70.591308
79.433,-51.994213,-71.079957
79.442,-51.952505,-71.546722
79.45,-51.843395,-71.97171
79.458,-51.786579,-72.369797
79.467,-51.711849,-72.691498
79.475,-51.574856,-72.933258
79.483,-51.505278,-73.067672
79.492,-51.426309,-73.173081
79.5,-51.367611,-73.214234
79.508,-51.35187,-73.270599
79.517,-51.355316,-73.352157
79.525,-51.379963,-73.463272
79.533,-51.419052,-73.48851
79.542,-51.459942,-73.496796
79.55,-51.551323,-73.455032
79.558,-51.578382,-73.485169
79.567,-51.594896,-73.316498
79.575,-51.659309,-73.267594
79.583,-51.734577,-73.18509
79.592,-51.724678,-73.175308
79.6,-51.737321,-73.173431
79.608,-51.75766,-73.222321
79.617,-51.813731,-73.345444
79.625,-51.859921,-73.523971
79.633,-51.919035,-73.737076
79.642,-51.867349,-73.926483
79.65,-51.795156,-74.033997
79.658,-51.727438,-74.158798
79.667,-51.69809,-74.371918
79.675,-51.636291,-74.475312
79.683,-51.538319,-74.537415
79.692,-51.407057,-74.731614
79.7,-51.446329,-75.02742
79.708,-51.290411,-75.121308
79.717,-51.153909,-75.331757
79.725,-51.13439,-75.607147
79.733,-50.965089,-75.693115
79.742,-50.834077,-75.832886
79.75,-50.791685,-76.221756
79.758,-50.838661,-76.579697
79.767,-50.819727,-76.861816
79.775,-50.80125,-77.136353
79.783,-50.788448,-77.329575
79.792,-50.798202,-77.571838
79.8,-50.71226,-77.553299
79.808,-50.671349,-77.580566
79.817,-50.580895,-77.575257
79.825,-50.560255,-77.618591
79.833,-50.528641,-77.694046
79.842,-50.568795,-77.824402
79.85,-50.61199,-78.039551
79.858,-50.637775,-78.190751
79.867,-50.635988,-78.247635
79.875,-50.700069,-78.329483
79.883,-50.688284,-78.387314
79.892,-50.610928,-78.479416
79.9,-50.576549,-78.512848
79.908,-50.519843,-78.590027
79.917,-50.476591,-78.652161
79.925,-50.416766,-78.748504
79.933,-50.386785,-78.87619
79.942,-50.336557,-79.068832
79.95,-50.322492,-79.245697
79.958,-50.1892,-79.522187
79.967,-50.161055,-79.704804
79.975,-50.067091,-79.900284
79.983,-50.030349,-80.049088
79.992,-49.990948,-80.257172
80,-49.90655,-80.433899
80.008,-49.835221,-80.653778
80.017,-49.77491,-80.809342
80.025,-49.742247,-81.098847
80.033,-49.731045,-81.309296
80.042,-49.651312,-81.590714
80.05,-49.683006,-81.88002
80.058,-49.562842,-82.142975
80.067,-49.610405,-82.360916
80.075,-49.498814,-82.530182
80.083,-49.339871,-82.450058
80.092,-49.422857,-82.788651
80.1,-49.516196,-83.530334
80.108,-49.684587,-83.753144
80.117,-49.680153,-83.741318
80.125,-49.631098,-83.894501
80.133,-49.681168,-84.193084
80.142,-49.678354,-84.285446
80.15,-49.63605,-84.007202
80.158,-49.575745,-83.914749
80.167,-49.587986,-83.983734
80.175,-49.604771,-84.10617
80.183,-49.617481,-84.170883
80.192,-49.625896,-84.346847
80.2,-49.690396,-84.589126
80.208,-49.621937,-84.787918
80.217,-49.577201,-84.908966
80.225,-49.492346,-85.030884
80.233,-49.372589,-85.211121
80.242,-49.320641,-85.382141
80.25,-49.22299,-85.602494
80.258,-49.135135,-85.89598
80.267,-49.072862,-86.259415
80.275,-48.977752,-86.707306
80.283,-48.815882,-87.047531
80.292,-48.670755,-87.430282
80.3,-48.52796,-87.655319
80.308,-48.379969,-87.905655
80.317,-48.165901,-88.054367
80.325,-47.969743,-88.352813
80.333,-47.758001,-88.682068
80.342,-47.60624,-88.843338
80.35,-47.45604,-89.21524
80.358,-47.210392,-89.554886
80.367,-47.115892,-89.834991
80.375,-47.051246,-90.025803
80.383,-46.833319,-90.265243
80.392,-46.771456,-90.40213
80.4,-46.718834,-90.539887
80.408,-46.647349,-90.702041
80.417,-46.670151,-90.788422
80.425,-46.648485,-90.858445
80.433,-46.617258,-90.870041
80.442,-46.580176,-91.037659
80.45,-46.560656,-91.133972
80.458,-46.569332,-91.182235
80.467,-46.616289,-91.164795
80.475,-46.58831,-91.241867
80.483,-46.584265,-91.225372
80.492,-46.58477,-91.223632
80.5,-46.585712,-91.216385
80.508,-46.584237,-91.220688
80.517,-46.585751,-91.234771
80.525,-46.585642,-91.259567
80.533,-46.584572,-91.287902
80.542,-46.572151,-91.339157
80.55,-46.562251,-91.371902
80.558,-46.565433,-91.396484
80.567,-46.50037,-91.463028
80.575,-46.47669,-91.510345
80.583,-46.410784,-91.682754
80.592,-46.388937,-91.746536
80.6,-46.372135,-91.840423
80.608,-46.350958,-91.914825
80.617,-46.281626,-92.054657
80.625,-46.270157,-92.153915
80.633,-46.247785,-92.235352
80.642,-46.152483,-92.446015
80.65,-46.127119,-92.540466
80.658,-46.031813,-92.609925
80.667,-45.959706,-92.832993
80.675,-45.868954,-92.999664
80.683,-45.758274,-93.328888
80.692,-45.650442,-93.734802
80.7,-45.543279,-94.128494
80.708,-45.418696,-94.598541
80.717,-45.203369,-94.986007
80.725,-45.078715,-95.465576
80.733,-45.12987,-95.907059
80.742,-44.813166,-96.37117
80.75,-44.273142,-96.926605
80.758,-43.89805,-97.513611
80.767,-43.545879,-98.048736
80.775,-43.161136,-98.671234
80.783,-42.710682,-99.324097
80.792,-42.320454,-100.023819
80.8,-41.822529,-100.802475
80.808,-41.246048,-101.663986
80.817,-40.687996,-102.431152
80.825,-40.16956,-103.222763
80.833,-39.524578,-104.016357
80.842,-38.899971,-104.614044
80.85,-38.354847,-105.200104
80.858,-37.679905,-105.828278
80.867,-37.184258,-106.27214
80.875,-36.587849,-106.789139
80.883,-36.075238,-107.263702
80.892,-35.627788,-107.652985
80.9,-35.211178,-107.998551
80.908,-34.844605,-108.254914
80.917,-34.612927,-108.336624
80.925,-34.419895,-108.593231
80.933,-34.254883,-108.494324
80.942,-34.254517,-108.389481
80.95,-34.353744,-108.359589
80.958,-34.441975,-108.273087
80.967,-34.58429,-108.048553
80.975,-34.892791,-107.837265
80.983,-35.227874,-107.680435
80.992,-35.554279,-107.34961
81,-35.92218,-107.00177
81.008,-36.292274,-106.742295
81.017,-36.696617,-106.43425
81.025,-37.117401,-106.121201
81.033,-37.528968,-105.849899
81.042,-37.906765,-105.615005
81.05,-38.348709,-105.337952
81.058,-38.721088,-105.193863
81.067,-39.11961,-104.915055
81.075,-39.415912,-104.731568
81.083,-39.666111,-104.47702
81.092,-40.135121,-104.369262
81.1,-40.345504,-104.244492
81.108,-40.199505,-104.239991
81.117,-40.336941,-104.291199
81.125,-40.383247,-104.337463
81.133,-40.307766,-104.349899
81.142,-40.201607,-104.412293
81.15,-40.174485,-104.529587
81.158,-40.083992,-104.55516
81.167,-39.948692,-104.815689
81.175,-39.755165,-104.907425
81.183,-39.582107,-105.129593
81.192,-39.416477,-105.19542
81.2,-39.20224,-105.388427
81.208,-38.95055,-105.547485
81.217,-38.723629,-105.634353
81.225,-38.510784,-105.774521
81.233,-38.228466,-105.984177
81.242,-38.098652,-106.060822
81.25,-37.829765,-106.147858
81.258,-37.665424,-106.282684
81.267,-37.447685,-106.317902
81.275,-37.266472,-106.438858
81.283,-37.048389,-106.586411
81.292,-36.92064,-106.815827
81.3,-36.767154,-106.96901
81.308,-36.590355,-107.243942
81.317,-36.406559,-107.503922
81.325,-36.244106,-107.806748
81.333,-36.01321,-108.064834
81.342,-35.789001,-108.480209
81.35,-35.670887,-108.943238
81.358,-35.321095,-109.406235
81.367,-35.086918,-109.754807
81.375,-34.797004,-110.240983
81.383,-34.480934,-110.7267
81.392,-34.163437,-111.064453
81.4,-33.752144,-111.636581
81.408,-33.300861,-112.117614
81.417,-32.887058,-112.54039
81.425,-32.439236,-113.023041
81.433,-31.989312,-113.50502
81.442,-31.480282,-114.045563
81.45,-30.935723,-114.412751
81.458,-30.438996,-114.952713
81.467,-29.863522,-115.352096
81.475,-29.374904,-115.760071
81.483,-28.853836,-116.183564
81.492,-28.335358,-116.536194
81.5,-27.813709,-116.916794
81.508,-27.339939,-117.269623
81.517,-26.802685,-117.522537
81.525,-26.33926,-117.809891
81.533,-25.887383,-118.087113
81.542,-25.462101,-118.452331
81.55,-25.033104,-118.746033
81.558,-24.604912,-118.956085
81.567,-24.191139,-119.140351
81.575,-23.857231,-119.427505
81.583,-23.576591,-119.637314
81.592,-23.255184,-119.833649
81.6,-22.966297,-120.206039
81.608,-22.720203,-120.292664
81.617,-22.488434,-120.545151
81.625,-22.267685,-120.718826
81.633,-22.145733,-120.885742
81.642,-21.945606,-120.978821
81.65,-21.781326,-121.198731
81.658,-21.741066,-121.251999
81.667,-21.688896,-121.337433
81.675,-21.71397,-121.44429
81.683,-21.722206,-121.570983
81.692,-21.737987,-121.612808
81.7,-21.628105,-121.676148
81.708,-21.795597,-121.744995
81.717,-21.821731,-121.698196
81.725,-21.88121,-121.685944
81.733,-22.056019,-121.58818
81.742,-22.236607,-121.581055
81.75,-22.285911,-121.457122
81.758,-22.412964,-121.390548
81.767,-22.579464,-121.300766
81.775,-22.76366,-121.176331
81.783,-22.880478,-121.10022
81.792,-23.000286,-120.954971
81.8,-23.110401,-120.947006
81.808,-23.261654,-120.795441
81.817,-23.341983,-120.7706
81.825,-23.430797,-120.68312
81.833,-23.472161,-120.535721
81.842,-23.604946,-120.585022
81.85,-23.645443,-120.549057
81.858,-23.689949,-120.491974
81.867,-23.713112,-120.489777
81.875,-23.7048,-120.537857
81.883,-23.702587,-120.546722
81.892,-23.687313,-120.567719
81.9,-23.673126,-120.589309
81.908,-23.620349,-120.542862
81.917,-23.542888,-120.671737
81.925,-23.49107,-120.755447
81.933,-23.446057,-120.780518
81.942,-23.392425,-120.863845
81.95,-23.337162,-120.943909
81.958,-23.239624,-120.954666
81.967,-23.203575,-120.974838
81.975,-23.184467,-121.026001
81.983,-23.171074,-121.096589
81.992,-23.163482,-121.103073
82,-23.163833,-121.097351
82.008,-23.1357,-121.041794
82.017,-23.179417,-120.961396
82.025,-23.205632,-120.928726
82.033,-23.295689,-120.818359
82.042,-23.350224,-120.703049
82.05,-23.425785,-120.718139
82.058,-23.515629,-120.626526
82.067,-23.611187,-120.441147
82.075,-23.744377,-120.47879
82.083,-23.878483,-120.241912
82.092,-24.020348,-120.152848
82.1,-24.165344,-120.100525
82.108,-24.31889,-119.94278
82.117,-24.436916,-119.780518
82.125,-24.614891,-119.751633
82.133,-24.762542,-119.658737
82.142,-24.932957,-119.468918
82.15,-25.15369,-119.41249
82.158,-25.299213,-119.252685
82.167,-25.474442,-119.199081
82.175,-25.690384,-119.125488
82.183,-25.811753,-118.982285
82.192,-25.992435,-118.909943
82.2,-26.173668,-118.848282
82.208,-26.383682,-118.738479
82.217,-26.503872,-118.442627
82.225,-26.746952,-118.485687
82.233,-26.922069,-118.29213
82.242,-27.086502,-118.100113
82.25,-27.246201,-118.091522
82.258,-27.449703,-117.851883
82.267,-27.615422,-117.788879
82.275,-27.717235,-117.599152
82.283,-27.937878,-117.396515
82.292,-28.094632,-117.266815
82.3,-28.251266,-117.151719
82.308,-28.39893,-117.077469
82.317,-28.54649,-116.921188
82.325,-28.685227,-116.72319
82.333,-28.786614,-116.670456
82.342,-28.945263,-116.530121
82.35,-29.004235,-116.45102
82.358,-29.036182,-116.307236
82.367,-29.072182,-116.207169
82.375,-29.23893,-116.208374
82.383,-29.299263,-116.214675
82.392,-29.369736,-116.129944
82.4,-29.398018,-116.110825
82.408,-29.420696,-116.096451
82.417,-29.441948,-116.083328
82.425,-29.462242,-116.069748
82.433,-29.479217,-116.06224
82.442,-29.472782,-116.020233
82.45,-29.550728,-115.980453
82.458,-29.541054,-115.936875
82.467,-29.579487,-115.956955
82.475,-29.595883,-115.940811
82.483,-29.61676,-115.919509
82.492,-29.704937,-115.906311
82.5,-29.734069,-115.872909
82.508,-29.724815,-115.78624
82.517,-29.805435,-115.684616
82.525,-29.86512,-115.657898
82.533,-29.937874,-115.514465
82.542,-30.02301,-115.433319
82.55,-30.085084,-115.313477
82.558,-30.185334,-115.247696
82.567,-30.271912,-115.157913
82.575,-30.395035,-115.053802
82.583,-30.493366,-114.923645
82.592,-30.664086,-114.738006
82.6,-30.803551,-114.638291
82.608,-30.88612,-114.503388
82.617,-31.002449,-114.40007
82.625,-31.217156,-114.277573
82.633,-31.326622,-114.101807
82.642,-31.456528,-114.032807
82.65,-31.65556,-113.916916
82.658,-31.767392,-113.872025
82.667,-31.882919,-113.673752
82.675,-32.052349,-113.574569
82.683,-32.181302,-113.591309
82.692,-32.298263,-113.519607
82.7,-32.367664,-113.382644
82.708,-32.463508,-113.280594
82.717,-32.530689,-113.288178
82.725,-32.561135,-113.218338
82.733,-32.613914,-113.23349
82.742,-32.648929,-113.213257
82.75,-32.657318,-113.207825
82.758,-32.652801,-113.217941
82.767,-32.60302,-113.264511
82.775,-32.578339,-113.28476
82.783,-32.524872,-113.25589
82.792,-32.502144,-113.346466
82.8,-32.434814,-113.426774
82.808,-32.309219,-113.532364
82.817,-32.210872,-113.544525
82.825,-32.121064,-113.552932
82.833,-32.042167,-113.550644
82.842,-31.946189,-113.597137
82.85,-31.82848,-113.725983
82.858,-31.744343,-113.828735
82.867,-31.694263,-113.858749
82.875,-31.624584,-113.890335
82.883,-31.48568,-113.935135
82.892,-31.401245,-113.98262
82.9,-31.328357,-113.979294
82.908,-31.302681,-113.999421
82.917,-31.287239,-114.010711
82.925,-31.278156,-114.020248
82.933,-31.27192,-114.027451
82.942,-31.275097,-114.03006
82.95,-31.341984,-114.023957
82.958,-31.290009,-114.032151
82.967,-31.306153,-114.027755
82.975,-31.327018,-114.031295
82.983,-31.3438,-114.009186
82.992,-31.447799,-113.955581
83,-31.4673,-113.947495
83.008,-31.487767,-113.935135
83.017,-31.523018,-113.966904
83.025,-31.578674,-113.951645
83.033,-31.59639,-113.939956
83.042,-31.607528,-113.934952
83.05,-31.641438,-113.96048
83.058,-31.645908,-113.956817
83.067,-31.649738,-113.954377
83.075,-31.650337,-113.95221
83.083,-31.648915,-113.954117
83.092,-31.646271,-113.9525
83.1,-31.640705,-113.95546
83.108,-31.607956,-113.923676
83.117,-31.598099,-113.92302
83.125,-31.586079,-113.926651
83.133,-31.575016,-113.923325
83.142,-31.563774,-113.929719
83.15,-31.552959,-113.933121
83.158,-31.505104,-113.950501
83.167,-31.495598,-113.954697
83.175,-31.487717,-113.96022
83.183,-31.478668,-113.962006
83.192,-31.435859,-114.025101
83.2,-31.410355,-113.991471
83.208,-31.406029,-113.999252
83.217,-31.406555,-114.002442
83.225,-31.441661,-113.939957
83.233,-31.444988,-113.942932
83.242,-31.447003,-113.948654
83.25,-31.454247,-113.94516
83.258,-31.461895,-113.967255
83.267,-31.504341,-114.017212
83.275,-31.517082,-114.009353
83.283,-31.528885,-114.09375
83.292,-31.564614,-114.037216
83.3,-31.581116,-114.021881
83.308,-31.594479,-113.937821
83.317,-31.615963,-113.918213
83.325,-31.662033,-113.928559
83.333,-31.684612,-113.906754
83.342,-31.711559,-113.879425
83.35,-31.739083,-113.847686
83.358,-31.833305,-113.785202
83.367,-31.884384,-113.572861
83.375,-31.900059,-113.450669
83.383,-31.95282,-113.435013
83.392,-32.046844,-113.313218
83.4,-32.12302,-113.2892
83.408,-32.156406,-113.188812
83.417,-32.317924,-113.068237
83.425,-32.376777,-113.006226
83.433,-32.50259,-112.914109
83.442,-32.611099,-112.868667
83.45,-32.670716,-112.549164
83.458,-32.763679,-112.521943
83.467,-32.997047,-112.526565
83.475,-33.127983,-112.376145
83.483,-33.196564,-112.205811
83.492,-33.446972,-112.062896
83.5,-33.528313,-112.085968
83.508,-33.609699,-111.807815
83.517,-33.812134,-111.72966
83.525,-33.897393,-111.556061
83.533,-34.091503,-111.62268
83.542,-34.251526,-111.462173
83.55,-34.355808,-111.202271
83.558,-34.53352,-111.080795
83.567,-34.712654,-110.993195
83.575,-34.727269,-110.726929
83.583,-34.92641,-110.630188
83.592,-35.06871,-110.467346
83.6,-35.23682,-110.285477
83.608,-35.312352,-110.199097
83.617,-35.457306,-110.037216
83.625,-35.556462,-109.985794
83.633,-35.734417,-109.745575
83.642,-35.760773,-109.680801
83.65,-35.972607,-109.522018
83.658,-36.019455,-109.39682
83.667,-36.121872,-109.242646
83.675,-36.306583,-109.091553
83.683,-36.440201,-108.992645
83.692,-36.443215,-108.951187
83.7,-36.579292,-108.886123
83.708,-36.637676,-108.674514
83.717,-36.7607,-108.634781
83.725,-36.867272,-108.439484
83.733,-36.873455,-108.368119
83.742,-36.920495,-108.363602
83.75,-36.942017,-108.232086
83.758,-37.008274,-108.118363
83.767,-37.147129,-108.007096
83.775,-37.178502,-107.954574
83.783,-37.209434,-107.898239
83.792,-37.240661,-107.831345
83.8,-37.303425,-107.664047
83.808,-37.463562,-107.539535
83.817,-37.534413,-107.504135
83.825,-37.514992,-107.353867
83.833,-37.60017,-107.204117
83.842,-37.728722,-107.170395
83.85,-37.846253,-107.102859
83.858,-37.894817,-107.037185
83.867,-38.013508,-106.792114
83.875,-38.150517,-106.73816
83.883,-38.241135,-106.589173
83.892,-38.343239,-106.386673
83.9,-38.488861,-106.317429
83.908,-38.573922,-106.264527
83.917,-38.700489,-105.998886
83.925,-38.773746,-105.933884
83.933,-38.896614,-105.887802
83.942,-39.011307,-105.725631
83.95,-39.099037,-105.558899
83.958,-39.177086,-105.535858
83.967,-39.277378,-105.386215
83.975,-39.327179,-105.368301
83.983,-39.362072,-105.215607
83.992,-39.367135,-105.17334
84,-39.420105,-105.056259
84.008,-39.435058,-105.011673
84.017,-39.469459,-104.963012
84.025,-39.435756,-104.92128
84.033,-39.425911,-104.924561
84.042,-39.402622,-104.937164
84.05,-39.361794,-104.990509
84.058,-39.316823,-105.011306
84.067,-39.176231,-104.958176
84.075,-39.071006,-105.010147
84.083,-38.953148,-105.025376
84.092,-38.86021,-105.073395
84.1,-38.750523,-105.196366
84.108,-38.546395,-105.343659
84.117,-38.48344,-105.463501
84.125,-38.309239,-105.421417
84.133,-38.132794,-105.588348
84.142,-38.060475,-105.571853
84.15,-38.006397,-105.600098
84.158,-37.929832,-105.686172
84.167,-37.858154,-105.679916
84.175,-37.753738,-105.686936
84.183,-37.739224,-105.718643
84.192,-37.732036,-105.744202
84.2,-37.791084,-105.828811
84.208,-37.874256,-105.919372
84.217,-38.00357,-105.908905
84.225,-38.096478,-105.926971
84.233,-38.176277,-105.745101
84.242,-38.490616,-105.642959
84.25,-38.554542,-105.745804
84.258,-38.643311,-105.701874
84.267,-38.958828,-105.568451
84.275,-39.156795,-105.344681
84.283,-39.347812,-105.330703
84.292,-39.539703,-105.045853
84.3,-39.730725,-104.808274
84.308,-39.941494,-104.849213
84.317,-40.186901,-104.884155
84.325,-40.318322,-104.854965
84.333,-40.572987,-104.72879
84.342,-40.73175,-104.63324
84.35,-40.862526,-104.501526
84.358,-40.993142,-104.430831
84.367,-41.091427,-104.308106
84.375,-41.147717,-104.387757
84.383,-41.201687,-104.332031
84.392,-41.252724,-104.380982
84.4,-41.253399,-104.476563
84.408,-41.225818,-104.520676
84.417,-41.146294,-104.652893
84.425,-41.054726,-104.760742
84.433,-40.905712,-104.86911
84.442,-40.784587,-104.914825
84.45,-40.581825,-105.038498
84.458,-40.420471,-105.211502
84.467,-40.278977,-105.381119
84.475,-40.035351,-105.463287
84.483,-39.958992,-105.648682
84.492,-39.680081,-105.811661
84.5,-39.570023,-105.850678
84.508,-39.339115,-105.909806
84.517,-39.260478,-106.01854
84.525,-39.190067,-106.0802
84.533,-39.026718,-106.153763
84.542,-38.944851,-106.337662
84.55,-38.882591,-106.342545
84.558,-38.869118,-106.373307
84.567,-38.819569,-106.392059
84.575,-38.845073,-106.450073
84.583,-38.83955,-106.460663
84.592,-38.849919,-106.537307
84.6,-38.819836,-106.619735
84.608,-38.863995,-106.562104
84.617,-38.849449,-106.707932
84.625,-38.86214,-106.742371
84.633,-38.887886,-106.754532
84.642,-38.888542,-106.789032
84.65,-38.897694,-106.929505
84.658,-38.865047,-107.034607
84.667,-38.864639,-107.075531
84.675,-38.843494,-107.120224
84.683,-38.718785,-107.313217
84.692,-38.650295,-107.334855
84.7,-38.626118,-107.382828
84.708,-38.539428,-107.402283
84.717,-38.485008,-107.63205
84.725,-38.330952,-107.73761
84.733,-38.275033,-107.800995
84.742,-38.161484,-107.988846
84.75,-38.078842,-108.007187
84.758,-37.936901,-108.109924
84.767,-37.970017,-108.16304
84.775,-37.851879,-108.209107
84.783,-37.699184,-108.302353
84.792,-37.545739,-108.433594
84.8,-37.515812,-108.397263
84.808,-37.472046,-108.474334
84.817,-37.407875,-108.484665
84.825,-37.373112,-108.451157
84.833,-37.349457,-108.478454
84.842,-37.303871,-108.616287
84.85,-37.292023,-108.575104
84.858,-37.292145,-108.576462
84.867,-37.295159,-108.6362
84.875,-37.262978,-108.646301
84.883,-37.308449,-108.702133
84.892,-37.3932,-108.693634
84.9,-37.396526,-108.723999
84.908,-37.368714,-108.759765
84.917,-37.37796,-108.790787
84.925,-37.375596,-108.824157
84.933,-37.396305,-108.964752
84.942,-37.341175,-108.964646
84.95,-37.291458,-109.089371
84.958,-37.273487,-109.136826
84.967,-37.241714,-109.22963
84.975,-37.214165,-109.278503
84.983,-37.085972,-109.416214
84.992,-37.054574,-109.575043
85,-36.945381,-109.614822
85.008,-36.868454,-109.760269
85.017,-36.781906,-109.841416
85.025,-36.685474,-109.90274
85.033,-36.536644,-109.990112
85.042,-36.435986,-110.118942
85.05,-36.36763,-110.180877
85.058,-36.148583,-110.257935
85.067,-36.070042,-110.311386
85.075,-35.97504,-110.500137
85.083,-35.785839,-110.613541
85.092,-35.717224,-110.671142
85.1,-35.618965,-110.690064
85.108,-35.51115,-110.68956
85.117,-35.329361,-110.9729
85.125,-35.280983,-111.01915
85.133,-35.216229,-111.083145
85.142,-35.108333,-111.112656
85.15,-34.917065,-111.292297
85.158,-34.868626,-111.406158
85.167,-34.817451,-111.473877
85.175,-34.718964,-111.606293
85.183,-34.598221,-111.749649
85.192,-34.489613,-111.839157
85.2,-34.426655,-111.914673
85.208,-34.377609,-112.076446
85.217,-34.272079,-112.130097
85.225,-34.160309,-112.240234
85.233,-34.099876,-112.355149
85.242,-34.026295,-112.448517
85.25,-33.92044,-112.535126
85.258,-33.849144,-112.706955
85.267,-33.784046,-112.764069
85.275,-33.696712,-112.847306
85.283,-33.574612,-112.939728
85.292,-33.533211,-113.035232
85.3,-33.4898,-113.083954
85.308,-33.360271,-113.316589
85.317,-33.323574,-113.314529
85.325,-33.248863,-113.355133
85.333,-33.15076,-113.319229
85.342,-33.121902,-113.394791
85.35,-33.103306,-113.348694
85.358,-33.084503,-113.287078
85.367,-33.081215,-113.262985
85.375,-33.091206,-113.214294
85.383,-33.118202,-113.044678
85.392,-33.215691,-112.992798
85.4,-33.330326,-112.940857
85.408,-33.407635,-112.748184
85.417,-33.536263,-112.622681
85.425,-33.767865,-112.448151
85.433,-33.872596,-112.242996
85.442,-34.134911,-112.062454
85.45,-34.364914,-111.805725
85.458,-34.634903,-111.562164
85.467,-34.879921,-111.303223
85.475,-35.168602,-111.079788
85.483,-35.507771,-110.6819
85.492,-35.757599,-110.598618
85.5,-36.078529,-110.279907
85.508,-36.372505,-110.007492
85.517,-36.744301,-109.80542
85.525,-36.924839,-109.490662
85.533,-37.225376,-109.261078
85.542,-37.526215,-108.967484
85.55,-37.819244,-108.681748
85.558,-37.989071,-108.507782
85.567,-38.322994,-108.225372
85.575,-38.452663,-107.914795
85.583,-38.692265,-107.805512
85.592,-38.860446,-107.649917
85.6,-39.01366,-107.483108
85.608,-39.135857,-107.38916
85.617,-39.280681,-107.270645
85.625,-39.394615,-107.124954
85.633,-39.423023,-107.060028
85.642,-39.484246,-106.990387
85.65,-39.508339,-106.835953
85.658,-39.512001,-106.758728
85.667,-39.513161,-106.740982
85.675,-39.483917,-106.745834
85.683,-39.465943,-106.740524
85.692,-39.440197,-106.750336
85.7,-39.347713,-106.783814
85.708,-39.321335,-106.789947
85.717,-39.35683,-106.768356
85.725,-39.332165,-106.778137
85.733,-39.22895,-106.804489
85.742,-39.205497,-106.810608
85.75,-39.066764,-106.816727
85.758,-39.047542,-106.826478
85.767,-39.040867,-106.827927
85.775,-39.039406,-106.815934
85.783,-39.047119,-106.802277
85.792,-39.057079,-106.783692
85.8,-39.140801,-106.742279
85.808,-39.232434,-106.733566
85.817,-39.265598,-106.703827
85.825,-39.335026,-106.601349
85.833,-39.373143,-106.51593
85.842,-39.418873,-106.476578
85.85,-39.515259,-106.390106
85.858,-39.619511,-106.377472
85.867,-39.664341,-106.337403
85.875,-39.73563,-106.330124
85.883,-39.799904,-106.223816
85.892,-39.822277,-106.1315
85.9,-39.847938,-106.095733
85.908,-39.941219,-106.039063
85.917,-39.976173,-105.973724
85.925,-39.994537,-105.9449
85.933,-40.009639,-105.924652
85.942,-40.043705,-105.950958
85.95,-40.05212,-105.926865
85.958,-40.086532,-105.835175
85.967,-40.089203,-105.806946
85.975,-40.096611,-105.797684
85.983,-40.098003,-105.792053
85.992,-40.09557,-105.789933
86,-40.10151,-105.71991
86.008,-40.108451,-105.714218
86.017,-40.116436,-105.712738
86.025,-40.121075,-105.664963
86.033,-40.135193,-105.636902
86.042,-40.131306,-105.624344
86.05,-40.147865,-105.588196
86.058,-40.200585,-105.469589
86.067,-40.299973,-105.502075
86.075,-40.348407,-105.392548
86.083,-40.373425,-105.299835
86.092,-40.391388,-105.263199
86.1,-40.49089,-105.096298
86.108,-40.557297,-105.084458
86.117,-40.643795,-104.989884
86.125,-40.696903,-104.904221
86.133,-40.80019,-104.798279
86.142,-40.855961,-104.723724
86.15,-40.942016,-104.55008
86.158,-41.07687,-104.518097
86.167,-41.16483,-104.36847
86.175,-41.227539,-104.29007
86.183,-41.296902,-104.205032
86.192,-41.451542,-104.062805
86.2,-41.5327,-103.932113
86.208,-41.607548,-103.910233
86.217,-41.658264,-103.796372
86.225,-41.797386,-103.707962
86.233,-41.902729,-103.580688
86.242,-41.947163,-103.520279
86.25,-41.987049,-103.45935
86.258,-42.000302,-103.362412
86.267,-42.059239,-103.244446
86.275,-42.153621,-103.233185
86.283,-42.247021,-103.11763
86.292,-42.278549,-103.064194
86.3,-42.281151,-102.973007
86.308,-42.337723,-102.849991
86.317,-42.391491,-102.795456
86.325,-42.419632,-102.741776
86.333,-42.481728,-102.659775
86.342,-42.520412,-102.613938
86.35,-42.568238,-102.45697
86.358,-42.576634,-102.375458
86.367,-42.653591,-102.401565
86.375,-42.667496,-102.297149
86.383,-42.72546,-102.172394
86.392,-42.785736,-102.039933
86.4,-42.903053,-101.996307
86.408,-42.95763,-101.98349
86.417,-42.997581,-101.869537
86.425,-43.057796,-101.750183
86.433,-43.090683,-101.64833
86.442,-43.231877,-101.639328
86.45,-43.305587,-101.571823
86.458,-43.329273,-101.481476
86.467,-43.391689,-101.369339
86.475,-43.42715,-101.319671
86.483,-43.486141,-101.272965
86.492,-43.513439,-101.238495
86.5,-43.611015,-101.198593
86.508,-43.625309,-101.175232
86.517,-43.668617,-101.140641
86.525,-43.68066,-101.126084
86.533,-43.674549,-101.119354
86.542,-43.676002,-101.047409
86.55,-43.685264,-101.021545
86.558,-43.714046,-100.932495
86.567,-43.717747,-100.903458
86.575,-43.723919,-100.869888
86.583,-43.727337,-100.788102
86.592,-43.745342,-100.749848
86.6,-43.77105,-100.762634
86.608,-43.817062,-100.594788
86.617,-43.848911,-100.526611
86.625,-43.93674,-100.446594
86.633,-44.012733,-100.248749
86.642,-44.125187,-100.105438
86.65,-44.162968,-99.943359
86.658,-44.297973,-99.720947
86.667,-44.426335,-99.539948
86.675,-44.530064,-99.286575
86.683,-44.689018,-99.081772
86.692,-44.833519,-98.916595
86.7,-44.952859,-98.754761
86.708,-45.151931,-98.510025
86.717,-45.31102,-98.217346
86.725,-45.506237,-98.117065
86.733,-45.607462,-97.82808
86.742,-45.826973,-97.677993
86.75,-45.939181,-97.379685
86.758,-46.027687,-97.239273
86.767,-46.236063,-96.956451
86.775,-46.297813,-96.822724
86.783,-46.427483,-96.596725
86.792,-46.604041,-96.493668
86.8,-46.694893,-96.240295
86.808,-46.730063,-96.080612
86.817,-46.844746,-95.959763
86.825,-46.980507,-95.693008
86.833,-47.041348,-95.492691
86.842,-47.126573,-95.308502
86.85,-47.187327,-95.197571
86.858,-47.372998,-94.912873
86.867,-47.389516,-94.736039
86.875,-47.466898,-94.478424
86.883,-47.538103,-94.323623
86.892,-47.638823,-94.008682
86.9,-47.782665,-93.846802
86.908,-47.869955,-93.651078
86.917,-48.039021,-93.356705
86.925,-48.097544,-93.122482
86.933,-48.222597,-92.891602
86.942,-48.418743,-92.691879
86.95,-48.49413,-92.441605
86.958,-48.624109,-92.187072
86.967,-48.762909,-91.905091
86.975,-48.844412,-91.705673
86.983,-49.021408,-91.456207
86.992,-49.160305,-91.12793
87,-49.281643,-90.840149
87.008,-49.400054,-90.471984
87.017,-49.488876,-90.167923
87.025,-49.55853,-89.850327
87.033,-49.692788,-89.478836
87.042,-49.83463,-89.195389
87.05,-50.006849,-88.891953
87.058,-50.102707,-88.595307
87.067,-50.231684,-88.266113
87.075,-50.386957,-87.998032
87.083,-50.549902,-87.698425
87.092,-50.696163,-87.430634
87.1,-50.792647,-87.10965
87.108,-50.91363,-86.781967
87.117,-51.072121,-86.503052
87.125,-51.145823,-86.25441
87.133,-51.256539,-85.970414
87.142,-51.383222,-85.785065
87.15,-51.491815,-85.576432
87.158,-51.562525,-85.35817
87.167,-51.634642,-85.123093
87.175,-51.746607,-84.867843
87.183,-51.777636,-84.712021
87.192,-51.873768,-84.535095
87.2,-51.93518,-84.314804
87.208,-51.914816,-84.158676
87.217,-51.996374,-83.973389
87.225,-52.019384,-83.822846
87.233,-52.069607,-83.645188
87.242,-52.095015,-83.534653
87.25,-52.162369,-83.405762
87.258,-52.199944,-83.196411
87.267,-52.232008,-83.093079
87.275,-52.278598,-82.998307
87.283,-52.361168,-82.761032
87.292,-52.372826,-82.650818
87.3,-52.393257,-82.563675
87.308,-52.449564,-82.331437
87.317,-52.474147,-82.248459
87.325,-52.509464,-82.054398
87.333,-52.557304,-81.875427
87.342,-52.598696,-81.770492
87.35,-52.650801,-81.607407
87.358,-52.692911,-81.405137
87.367,-52.720142,-81.235351
87.375,-52.7724,-81.008057
87.383,-52.784306,-80.880798
87.392,-52.845133,-80.654633
87.4,-52.86455,-80.522903
87.408,-52.921324,-80.364075
87.417,-53.010364,-80.137574
87.425,-53.056387,-79.910385
87.433,-53.100477,-79.657196
87.442,-53.148773,-79.351319
87.45,-53.162955,-79.094909
87.458,-53.203129,-78.767242
87.467,-53.200881,-78.348312
87.475,-53.235031,-77.901398
87.483,-53.319374,-77.554382
87.492,-53.365766,-77.112778
87.5,-53.49073,-76.767136
87.508,-53.547514,-76.338867
87.517,-53.706752,-75.93132
87.525,-53.783871,-75.494323
87.533,-53.863916,-75.07692
87.542,-54.014088,-74.613144
87.55,-54.143631,-74.223328
87.558,-54.240023,-73.767304
87.567,-54.378014,-73.286499
87.575,-54.485571,-72.893113
87.583,-54.575459,-72.437287
87.592,-54.668694,-72.079269
87.6,-54.86141,-71.812119
87.608,-54.943199,-71.508545
87.617,-54.974009,-71.182831
87.625,-55.026621,-70.884919
87.633,-55.084438,-70.648026
87.642,-55.102003,-70.392716
87.65,-55.084851,-70.091522
87.658,-55.099674,-69.9785
87.667,-55.105089,-69.769928
87.675,-55.123512,-69.481903
87.683,-55.110226,-69.372772
87.692,-55.066289,-69.342453
87.7,-55.120756,-69.092438
87.708,-55.081752,-69.023926
87.717,-55.070209,-68.931152
87.725,-55.032471,-68.867432
87.733,-55.020476,-68.583359
87.742,-55.010315,-68.47174
87.75,-54.935911,-68.370987
87.758,-55.01809,-68.119476
87.767,-55.031166,-67.927398
87.775,-55.07131,-67.677521
87.783,-55.010826,-67.520584
87.792,-55.008528,-67.190429
87.8,-55.008401,-67.002793
87.808,-55.038856,-66.702027
87.817,-55.058081,-66.403946
87.825,-55.097881,-66.027542
87.833,-55.10597,-65.654327
87.842,-55.054594,-65.180557
87.85,-55.069694,-64.716293
87.858,-54.981769,-64.215759
87.867,-55.016907,-63.646438
87.875,-54.9776,-62.974579
87.883,-54.939278,-62.354691
87.892,-54.891956,-61.824585
87.9,-54.967243,-61.107773
87.908,-54.963274,-60.462601
87.917,-54.944411,-59.806809
87.925,-55.00921,-59.154007
87.933,-55.025871,-58.474167
87.942,-55.029487,-57.797302
87.95,-55.028112,-57.022201
87.958,-54.992266,-56.402313
87.967,-54.949448,-55.718659
87.975,-54.912309,-55.019959
87.983,-54.914841,-54.37526
87.992,-54.86505,-53.715363
88,-54.85736,-53.206635
88.008,-54.888256,-52.761719
88.017,-54.916233,-52.232972
88.025,-54.886721,-51.845001
88.033,-54.936515,-51.545517
88.042,-54.957592,-51.267654
88.05,-54.918516,-51.113007
88.058,-54.896202,-51.014664
88.067,-54.887194,-50.923645
88.075,-54.859041,-50.911301
88.083,-54.782562,-50.940598
88.092,-54.752228,-50.99942
88.1,-54.718544,-51.117386
88.108,-54.686495,-51.270004
88.117,-54.645888,-51.467896
88.125,-54.555039,-51.753738
88.133,-54.596172,-51.953202
88.142,-54.607721,-52.273194
88.15,-54.571495,-52.560867
88.158,-54.57761,-52.798294
88.167,-54.599178,-53.061798
88.175,-54.587965,-53.325562
88.183,-54.547077,-53.527222
88.192,-54.555042,-53.739181
88.2,-54.514658,-53.886765
88.208,-54.488131,-54.049606
88.217,-54.484928,-54.170761
88.225,-54.500947,-54.261352
88.233,-54.540067,-54.389129
88.242,-54.600059,-54.500442
88.25,-54.634608,-54.590439
88.258,-54.738231,-54.638627
88.267,-54.735235,-54.864471
88.275,-54.825822,-54.986908
88.283,-54.867385,-55.096893
88.292,-54.94244,-55.217667
88.3,-54.967777,-55.377228
88.308,-55.011192,-55.521652
88.317,-55.056875,-55.820816
88.325,-55.075655,-56.049286
88.333,-55.097771,-56.329117
88.342,-55.10025,-56.753265
88.35,-55.131621,-57.149948
88.358,-55.116744,-57.534622
88.367,-55.146065,-58.009719
88.375,-55.110579,-58.533356
88.383,-55.106468,-59.095321
88.392,-55.160822,-59.795532
88.4,-55.110083,-60.390823
88.408,-55.016762,-61.061752
88.417,-55.017864,-61.764877
88.425,-54.860336,-62.335617
88.433,-54.82229,-63.055603
88.442,-54.720024,-63.751205
88.45,-54.534477,-64.347824
88.458,-54.523357,-65.042954
88.467,-54.50122,-65.760483
88.475,-54.31104,-66.395737
88.483,-54.272043,-67.101502
88.492,-54.203345,-67.683685
88.5,-54.172423,-68.480866
88.508,-54.168666,-69.248718
88.517,-54.090425,-69.869293
88.525,-54.002605,-70.606736
88.533,-53.97329,-71.310746
88.542,-53.881853,-71.886704
88.55,-53.78063,-72.579422
88.558,-53.657427,-73.190323
88.567,-53.530707,-73.752639
88.575,-53.392625,-74.319824
88.583,-53.265651,-74.942886
88.592,-53.092645,-75.466431
88.6,-52.954729,-76.118408
88.608,-52.81935,-76.645325
88.617,-52.648176,-77.104431
88.625,-52.571007,-77.562713
88.633,-52.674494,-77.891815
88.642,-52.524961,-78.308167
88.65,-52.334795,-78.503616
88.658,-52.217455,-78.823837
88.667,-51.78812,-79.155289
88.675,-51.725453,-79.31517
88.683,-51.902412,-79.383697
88.692,-51.867212,-79.455979
88.7,-51.840374,-79.572342
88.708,-51.815714,-79.61789
88.717,-51.859022,-79.6669
88.725,-51.883556,-79.676575
88.733,-51.6682,-79.785264
88.742,-51.768953,-79.752975
88.75,-51.805565,-79.731674
88.758,-51.879866,-79.698684
88.767,-51.982495,-79.628815
88.775,-52.043211,-79.587997
88.783,-52.128823,-79.495728
88.792,-52.244783,-79.467972
88.8,-52.309816,-79.467865
88.808,-52.395424,-79.45282
88.817,-52.499196,-79.432404
88.825,-52.556674,-79.457122
88.833,-52.557525,-79.551315
88.842,-52.575525,-79.618377
88.85,-52.58165,-79.725891
88.858,-52.582838,-79.826294
88.867,-52.540077,-80.031524
88.875,-52.523733,-80.188034
88.883,-52.453456,-80.44989
88.892,-52.337303,-80.716125
88.9,-52.304447,-80.976959
88.908,-52.20792,-81.357956
88.917,-52.11265,-81.731887
88.925,-51.920389,-82.064271
88.933,-51.754737,-82.563645
88.942,-51.608551,-82.972855
88.95,-51.457321,-83.359939
88.958,-51.288302,-83.807816
88.967,-51.053347,-84.245285
88.975,-50.838639,-84.793869
88.983,-50.571755,-85.30484
88.992,-50.349404,-85.837509
89,-50.102557,-86.321304
89.008,-49.875538,-86.777451
89.017,-49.640185,-87.33487
89.025,-49.346477,-87.779296
89.033,-49.088185,-88.225082
89.042,-48.896519,-88.70694
89.05,-48.645172,-89.178573
89.058,-48.428585,-89.562836
89.067,-48.203596,-90.016769
89.075,-47.994276,-90.439697
89.083,-47.793726,-90.828842
89.092,-47.606894,-91.235504
89.1,-47.503013,-91.705887
89.108,-47.284245,-91.866882
89.117,-47.098438,-92.011383
89.125,-47.00021,-92.309448
89.133,-46.89671,-92.376922
89.142,-46.784399,-92.551987
89.15,-46.749241,-92.662704
89.158,-46.810467,-92.852768
89.167,-46.750909,-92.774399
89.175,-46.770811,-92.788788
89.183,-46.802293,-92.783493
89.192,-46.912155,-92.761337
89.2,-46.919588,-92.69246
89.208,-47.048086,-92.662537
89.217,-47.113627,-92.615326
89.225,-47.259441,-92.578598
89.233,-47.42848,-92.597
89.242,-47.555002,-92.565964
89.25,-47.66371,-92.56279
89.258,-47.723126,-92.580612
89.267,-47.874806,-92.663865
89.275,-47.90761,-92.702179
89.283,-47.898457,-92.858062
89.292,-47.90328,-92.911667
89.3,-47.887571,-93.004959
89.308,-47.879394,-93.135361
89.317,-47.75725,-93.309281
89.325,-47.645151,-93.448928
89.333,-47.515186,-93.679397
89.342,-47.390501,-93.953324
89.35,-47.227177,-94.308197
89.358,-47.040601,-94.5596
89.367,-46.826134,-94.878921
89.375,-46.55453,-95.337494
89.383,-46.312956,-95.725739
89.392,-46.056525,-96.133682
89.4,-45.70758,-96.523697
89.408,-45.40923,-96.989792
89.417,-45.088829,-97.436142
89.425,-44.848974,-97.828431
89.433,-44.491562,-98.334687
89.442,-44.171827,-98.739166
89.45,-43.866722,-99.126617
89.458,-43.553482,-99.528946
89.467,-43.308925,-99.904419
89.475,-43.035301,-100.244599
89.483,-42.726387,-100.620423
89.492,-42.516148,-100.933792
89.5,-42.280681,-101.181061
89.508,-42.013988,-101.490006
89.517,-41.8889,-101.658661
89.525,-41.632073,-101.91034
89.533,-41.510609,-102.21315
89.542,-41.315953,-102.386887
89.55,-41.220478,-102.616257
89.558,-41.134724,-102.686753
89.567,-41.050498,-102.85318
89.575,-40.910714,-103.030685
89.583,-40.894448,-103.084274
89.592,-40.912041,-103.06871
89.6,-40.843369,-103.183685
89.608,-40.899856,-103.185913
89.617,-40.904136,-103.203705
89.625,-40.912399,-103.222229
89.633,-40.924832,-103.231415
89.642,-40.92115,-103.289414
89.65,-40.993447,-103.296844
89.658,-41.020725,-103.287888
89.667,-41.047111,-103.273758
89.675,-41.149689,-103.226288
89.683,-41.210583,-103.195938
89.692,-41.2458,-103.177872
89.7,-41.307576,-103.187516
89.708,-41.335183,-103.174149
89.717,-41.35582,-103.167221
89.725,-41.373707,-103.168625
89.733,-41.384629,-103.175949
89.742,-41.386524,-103.196198
89.75,-41.344273,-103.291473
89.758,-41.316349,-103.436371
89.767,-41.293663,-103.494782
89.775,-41.281247,-103.611068
89.783,-41.253361,-103.745621
89.792,-41.093758,-103.933594
89.8,-41.010857,-104.151551
89.808,-40.944401,-104.342698
89.817,-40.75441,-104.564057
89.825,-40.604558,-104.804856
89.833,-40.355045,-105.054352
89.842,-40.093986,-105.458252
89.85,-39.908215,-105.804397
89.858,-39.584003,-106.230209
89.867,-39.247803,-106.668426
89.875,-38.876251,-107.080994
89.883,-38.540344,-107.596695
89.892,-38.08672,-108.143738
89.9,-37.542755,-108.675293
89.908,-37.068802,-109.313964
89.917,-36.547947,-109.900391
89.925,-35.913781,-110.480881
89.933,-35.328755,-111.180664
89.942,-34.754994,-111.764739
89.95,-34.089688,-112.382904
89.958,-33.423172,-112.95903
89.967,-32.848709,-113.566788
89.975,-32.120052,-114.185501
89.983,-31.484345,-114.651047
89.992,-30.818199,-115.184601
90,-30.238598,-115.672882
90.008,-29.628266,-116.123947
90.017,-29.138039,-116.555267
90.025,-28.630852,-116.857086
90.033,-28.157341,-117.146668
90.042,-27.767155,-117.343353
90.05,-27.512131,-117.474899
90.058,-27.246959,-117.686707
90.067,-27.111264,-117.795029
90.075,-26.875278,-117.80835
90.083,-26.838997,-117.812805
90.092,-26.860974,-117.697555
90.1,-27.0056,-117.731812
90.108,-27.085526,-117.63089
90.117,-27.222595,-117.421967
90.125,-27.504326,-117.317199
90.133,-27.766964,-117.180878
90.142,-28.108001,-116.91626
90.15,-28.389962,-116.734192
90.158,-28.719536,-116.597534
90.167,-29.045765,-116.372986
90.175,-29.41428,-116.188049
90.183,-29.702858,-116.12027
90.192,-30.055176,-115.851074
90.2,-30.337796,-115.761887
90.208,-30.641563,-115.494598
90.217,-30.880402,-115.513245
90.225,-31.080463,-115.328186
90.233,-31.248833,-115.244323
90.242,-31.476032,-115.248367
90.25,-31.494793,-115.286881
90.258,-31.520561,-115.275406
90.267,-31.527012,-115.24353
90.275,-31.495777,-115.258851
90.283,-31.381012,-115.326446
90.292,-31.218522,-115.450042
90.3,-31.118305,-115.498261
90.308,-30.840713,-115.590363
90.317,-30.670387,-115.740127
90.325,-30.361901,-115.83078
90.333,-30.199269,-115.915481
90.342,-29.866371,-116.138397
90.35,-29.555275,-116.242569
90.358,-29.281452,-116.321579
90.367,-28.973701,-116.537033
90.375,-28.661522,-116.672974
90.383,-28.360535,-116.858261
90.392,-28.018913,-117.028
90.4,-27.842755,-117.189178
90.408,-27.488246,-117.303436
90.417,-27.301136,-117.547852
90.425,-27.059387,-117.667832
90.433,-26.819775,-117.825745
90.442,-26.6422,-118.022675
90.45,-26.463535,-118.155944
90.458,-26.256729,-118.377747
90.467,-26.076988,-118.572724
90.475,-25.972962,-118.714035
90.483,-25.795998,-118.823319
90.492,-25.693764,-118.979843
90.5,-25.553783,-119.168503
90.508,-25.342869,-119.491073
90.517,-25.198658,-119.564285
90.525,-25.012596,-119.820129
90.533,-24.847824,-120.025879
90.542,-24.593609,-120.266251
90.55,-24.361526,-120.417953
90.558,-24.200428,-120.675842
90.567,-23.837257,-120.881073
90.575,-23.587933,-121.156829
90.583,-23.272194,-121.366181
90.592,-22.862503,-121.586503
90.6,-22.502182,-121.853332
90.608,-22.099476,-122.135071
90.617,-21.72929,-122.324295
90.625,-21.301216,-122.611373
90.633,-20.821945,-122.831543
90.642,-20.43203,-123.050247
90.65,-19.952172,-123.304398
90.658,-19.429489,-123.533356
90.667,-19.006527,-123.798142
90.675,-18.519924,-124.010742
90.683,-18.140973,-124.213822
90.692,-17.707432,-124.465805
90.7,-17.248943,-124.659439
90.708,-16.828018,-124.886749
90.717,-16.461029,-124.957886
90.725,-16.188293,-125.248505
90.733,-15.789257,-125.426254
90.742,-15.561375,-125.522461
90.75,-15.232524,-125.727875
90.758,-15.096359,-125.815002
90.767,-14.844898,-125.946808
90.775,-14.655754,-126.067947
90.783,-14.483131,-126.198471
90.792,-14.354363,-126.219848
90.8,-14.263382,-126.340103
90.808,-14.123471,-126.452286
90.817,-13.955372,-126.507203
90.825,-13.962734,-126.666382
90.833,-13.865135,-126.719605
90.842,-13.856247,-126.853485
90.85,-13.766132,-127.015991
90.858,-13.651951,-127.135192
90.867,-13.564388,-127.201249
90.875,-13.385338,-127.37944
90.883,-13.244785,-127.44928
90.892,-13.069454,-127.454727
90.9,-12.916214,-127.692612
90.908,-12.67429,-127.708679
90.917,-12.434364,-127.820847
90.925,-12.192009,-127.980973
90.933,-11.892334,-128.058106
90.942,-11.601501,-128.261872
90.95,-11.280213,-128.351456
90.958,-10.911529,-128.557007
90.967,-10.53067,-128.693375
90.975,-10.228233,-128.820511
90.983,-9.791962,-128.922699
90.992,-9.445221,-129.117797
91,-9.013634,-129.257325
91.008,-8.580711,-129.434601
91.017,-8.252609,-129.597061
91.025,-7.834343,-129.719177
91.033,-7.466584,-129.884704
91.042,-7.113777,-129.973633
91.05,-6.695892,-130.158477
91.058,-6.396332,-130.274368
91.067,-6.029518,-130.347321
91.075,-5.693085,-130.49585
91.083,-5.4393,-130.488541
91.092,-5.179878,-130.609863
91.1,-4.945053,-130.6539
91.108,-4.707993,-130.731613
91.117,-4.577179,-130.790543
91.125,-4.364822,-130.814331
91.133,-4.220337,-130.903503
91.142,-4.156158,-130.951508
91.15,-4.059502,-130.958892
91.158,-4.022774,-130.954773
91.167,-3.987785,-130.95906
91.175,-3.926262,-131.028351
91.183,-3.892754,-131.049454
91.192,-3.913574,-131.091751
91.2,-3.888489,-131.065628
91.208,-3.938133,-131.109757
91.217,-3.989746,-131.14238
91.225,-4.050331,-131.095535
91.233,-4.067948,-131.09935
91.242,-4.08081,-131.103516
91.25,-4.082176,-131.114563
91.258,-4.075523,-131.121079
91.267,-4.04676,-131.151581
91.275,-4.064697,-131.207107
91.283,-4.015831,-131.22174
91.292,-4.018417,-131.240814
91.3,-3.947167,-131.235534
91.308,-3.851944,-131.310791
91.317,-3.780807,-131.326004
91.325,-3.735832,-131.373627
91.333,-3.595856,-131.339188
91.342,-3.542228,-131.417572
91.35,-3.354294,-131.48233
91.358,-3.219177,-131.493546
91.367,-3.020493,-131.552078
91.375,-2.844071,-131.567078
91.383,-2.762352,-131.639938
91.392,-2.527611,-131.643738
91.4,-2.339859,-131.676819
91.408,-2.146264,-131.726334
91.417,-2.057228,-131.776581
91.425,-1.833794,-131.846542
91.433,-1.637405,-131.880875
91.442,-1.479828,-131.858307
91.45,-1.204048,-132.032821
91.458,-1.062171,-132.039383
91.467,-0.871163,-132.042511
91.475,-0.713295,-132.113831
91.483,-0.393425,-132.192596
91.492,-0.306732,-132.232483
91.5,-0.083419,-132.247558
91.508,0.175689,-132.336929
91.517,0.36538,-132.428085
91.525,0.496666,-132.35994
91.533,0.679772,-132.395859
91.542,0.94294,-132.524399
91.55,1.058342,-132.553024
91.558,1.230362,-132.567825
91.567,1.383873,-132.589355
91.575,1.550499,-132.65184
91.583,1.65699,-132.654831
91.592,1.742684,-132.580887
91.6,1.82309,-132.683044
91.608,1.942727,-132.760895
91.617,1.950943,-132.698349
91.625,2.099091,-132.772186
91.633,2.138435,-132.775437
91.642,2.191375,-132.770294
91.65,2.189521,-132.718918
91.658,2.230621,-132.775284
91.667,2.242248,-132.775452
91.675,2.252708,-132.771729
91.683,2.261711,-132.771499
91.692,2.292938,-132.771423
91.7,2.297592,-132.770691
91.708,2.301987,-132.769928
91.717,2.309036,-132.7733
91.725,2.323868,-132.778183
91.733,2.347855,-132.777938
91.742,2.37445,-132.784394
91.75,2.433968,-132.716431
91.758,2.492912,-132.776626
91.767,2.572914,-132.777909
91.775,2.722091,-132.879715
91.783,2.821662,-132.879929
91.792,2.920769,-132.860596
91.8,3.070236,-132.825881
91.808,3.246315,-132.889587
91.817,3.449471,-132.982117
91.825,3.586907,-132.965774
91.833,3.77153,-132.933822
91.842,3.977219,-133.072769
91.85,4.199646,-133.060898
91.858,4.433533,-133.024689
91.867,4.707291,-133.150879
91.875,4.936592,-133.211731
91.883,5.145797,-133.115417
91.892,5.415268,-133.236466
91.9,5.631942,-133.164978
91.908,5.847977,-133.225525
91.917,6.067596,-133.206665
91.925,6.302116,-133.37323
91.933,6.482826,-133.328919
91.942,6.607178,-133.295609
91.95,6.799645,-133.296814
91.958,6.9226,-133.294846
91.967,7.016464,-133.298477
91.975,7.14627,-133.346115
91.983,7.224419,-133.298324
91.992,7.294106,-133.292328
92,7.333374,-133.287307
92.008,7.364716,-133.282288
92.017,7.384773,-133.276276
92.025,7.424919,-133.274139
92.033,7.430397,-133.268601
92.042,7.434936,-133.263687
92.05,7.437439,-133.262069
92.058,7.449417,-133.314637
92.067,7.508934,-133.265594
92.075,7.5335,-133.318116
92.083,7.558098,-133.317779
92.092,7.597923,-133.347351
92.1,7.646438,-133.348709
92.108,7.743828,-133.297287
92.117,7.828804,-133.293671
92.125,7.927948,-133.316574
92.133,8.067161,-133.345673
92.142,8.23053,-133.379913
92.15,8.400627,-133.331634
92.158,8.565117,-133.348099
92.167,8.751083,-133.251481
92.175,9.015,-133.375641
92.183,9.202026,-133.374817
92.192,9.458382,-133.385498
92.2,9.705208,-133.351807
92.208,9.900619,-133.35144
92.217,10.158508,-133.338867
92.225,10.413261,-133.431518
92.233,10.67221,-133.440674
92.242,10.95797,-133.431961
92.25,11.167313,-133.430847
92.258,11.408409,-133.362823
92.267,11.625023,-133.407272
92.275,11.79541,-133.35611
92.283,12.015144,-133.397216
92.292,12.169953,-133.351731
92.3,12.345398,-133.394791
92.308,12.482269,-133.338226
92.317,12.625793,-133.279434
92.325,12.733879,-133.325867
92.333,12.835854,-133.352905
92.342,12.907112,-133.294281
92.35,12.977982,-133.281158
92.358,13.030449,-133.262878
92.367,13.080559,-133.292557
92.375,13.10218,-133.234131
92.383,13.132988,-133.243759
92.392,13.163559,-133.187455
92.4,13.176544,-133.267502
92.408,13.180946,-133.258347
92.417,13.206169,-133.244339
92.425,13.210533,-133.260422
92.433,13.218308,-133.251175
92.442,13.23642,-133.243698
92.45,13.243729,-133.184692
92.458,13.302079,-133.180466
92.467,13.289116,-133.135056
92.475,13.304856,-133.156585
92.483,13.36084,-133.18753
92.492,13.409355,-133.194351
92.5,13.487282,-133.218368
92.508,13.563309,-133.17157
92.517,13.650322,-133.159821
92.525,13.715133,-133.153977
92.533,13.812256,-133.150146
92.542,13.935425,-133.192932
92.55,14.047806,-133.145218
92.558,14.171478,-133.13945
92.567,14.297576,-133.131455
92.575,14.453949,-133.114579
92.583,14.58004,-133.101578
92.592,14.705551,-133.093262
92.6,14.854523,-133.077652
92.608,14.9776,-133.070267
92.617,15.127037,-133.08789
92.625,15.277679,-133.001068
92.633,15.380874,-132.992508
92.642,15.494126,-133.051346
92.65,15.589669,-133.047592
92.658,15.660553,-132.990661
92.667,15.76577,-132.994964
92.675,15.781685,-133.064774
92.683,15.846946,-133.028564
92.692,15.883705,-133.029327
92.7,15.931671,-133.019653
92.708,15.956894,-132.959321
92.717,15.955734,-132.949112
92.725,15.942856,-132.970902
92.733,15.923012,-132.962158
92.742,15.879181,-132.919892
92.75,15.860794,-132.913223
92.758,15.847671,-132.907395
92.767,15.799973,-132.913101
92.775,15.777641,-132.903168
92.783,15.740502,-132.948013
92.792,15.722313,-132.94455
92.8,15.711616,-132.942109
92.808,15.707451,-132.938797
92.817,15.703713,-132.936401
92.825,15.707794,-132.930756
92.833,15.712273,-132.930465
92.842,15.719688,-132.92514
92.85,15.758331,-132.875442
92.858,15.785812,-132.872955
92.867,15.858147,-132.862503
92.875,15.906448,-132.862457
92.883,15.978165,-132.902802
92.892,16.037315,-132.902161
92.9,16.062576,-132.893371
92.908,16.092453,-132.893112
92.917,16.129997,-132.895645
92.925,16.239845,-132.844131
92.933,16.299202,-132.851029
92.942,16.382095,-132.8656
92.95,16.444954,-132.894562
92.958,16.467987,-132.896591
92.967,16.48156,-132.894897
92.975,16.499375,-132.892425
92.983,16.484451,-132.932159
92.992,16.513222,-132.90181
93,16.514229,-132.905349
93.008,16.507958,-132.905136
93.017,16.490791,-132.910187
93.025,16.465667,-132.906753
93.033,16.417106,-132.893677
93.042,16.450478,-132.963776
93.05,16.255287,-132.910676
93.058,16.344704,-133.055832
93.067,16.168846,-132.914612
93.075,16.080056,-132.924683
93.083,15.990021,-132.926224
93.092,16.075363,-133.000611
93.1,15.771919,-132.917099
93.108,15.710785,-132.910034
93.117,15.638473,-132.909592
93.125,15.695297,-133.039398
93.133,15.570999,-132.931137
93.142,15.514221,-132.937103
93.15,15.494858,-132.951538
93.158,15.386474,-132.93071
93.167,15.343811,-132.913681
93.175,15.317161,-132.905151
93.183,15.333946,-132.9104
93.192,15.36599,-132.916489
93.2,15.407814,-132.927918
93.208,15.428192,-132.901184
93.217,15.537666,-132.911376
93.225,15.572189,-132.893143
93.233,15.58863,-132.925522
93.242,15.63063,-132.954162
93.25,15.630082,-132.968994
93.258,15.724137,-132.927002
93.267,15.914963,-132.866394
93.275,16.059014,-132.896515
93.283,16.14196,-132.900391
93.292,16.263191,-132.85495
93.3,16.311523,-132.850251
93.308,16.38971,-132.846435
93.317,16.470284,-132.869476
93.325,16.537674,-132.878753
93.333,16.641648,-132.819794
93.342,16.692856,-132.8172
93.35,16.76062,-132.824051
93.358,16.796868,-132.822571
93.367,16.816818,-132.814453
93.375,16.824882,-132.813507
93.383,16.821052,-132.812546
93.392,16.805969,-132.752838
93.4,16.806397,-132.801803
93.408,16.791046,-132.744507
93.417,16.778862,-132.796189
93.425,16.743828,-132.791153
93.433,16.673172,-132.781601
93.442,16.634529,-132.716019
93.45,16.606011,-132.713593
93.458,16.586747,-132.767181
93.467,16.557945,-132.758255
93.475,16.474914,-132.748887
93.483,16.415719,-132.823486
93.492,16.390464,-132.823151
93.5,16.359688,-132.766739
93.508,16.351196,-132.823655
93.517,16.339584,-132.824783
93.525,16.327454,-132.827027
93.533,16.321045,-132.826722
93.542,16.320847,-132.830429
93.55,16.296555,-132.838837
93.558,16.298707,-132.841492
93.567,16.300797,-132.843231
93.575,16.298279,-132.747268
93.583,16.319489,-132.811737
93.592,16.351517,-132.765335
93.6,16.356453,-132.772827
93.608,16.360946,-132.831482
93.617,16.353844,-132.835144
93.625,16.317757,-132.83075
93.633,16.315773,-132.836655
93.642,16.308937,-132.842575
93.65,16.294289,-132.852462
93.658,16.268836,-132.838257
93.667,16.260193,-132.839294
93.675,16.232597,-132.897278
93.683,16.189926,-132.909561
93.692,16.160813,-132.906005
93.7,16.124786,-132.876312
93.708,16.086213,-132.872391
93.717,15.999901,-132.834488
93.725,15.961891,-132.839218
93.733,15.884705,-132.954864
93.742,15.807099,-132.917236
93.75,15.759903,-132.894348
93.758,15.709122,-132.890396
93.767,15.63932,-132.892883
93.775,15.56797,-132.872315
93.783,15.503898,-132.909775
93.792,15.459481,-132.90329
93.8,15.384751,-132.933639
93.808,15.351448,-132.925583
93.817,15.323593,-132.918884
93.825,15.280388,-132.92044
93.833,15.270156,-132.922669
93.842,15.261338,-132.921295
93.85,15.251618,-132.919098
93.858,15.253716,-132.919373
93.867,15.264305,-132.918961
93.875,15.27816,-132.921708
93.883,15.324577,-132.924164
93.892,15.344521,-132.929032
93.9,15.368836,-132.934998
93.908,15.392128,-132.883286
93.917,15.44458,-132.912246
93.925,15.496246,-132.920151
93.933,15.524322,-132.94484
93.942,15.565643,-132.916519
93.95,15.586098,-132.919601
93.958,15.610199,-132.920594
93.967,15.647926,-132.912766
93.975,15.658897,-132.86319
93.983,15.668335,-132.920654
93.992,15.671158,-132.918762
94,15.673271,-132.934219
94.008,15.670044,-132.862518
94.017,15.660721,-132.937439
94.025,15.644097,-132.932877
94.033,15.608558,-132.924271
94.042,15.587356,-132.946319
94.05,15.567276,-132.94722
94.058,15.511872,-132.954193
94.067,15.47647,-132.922165
94.075,15.42881,-132.973404
94.083,15.386841,-132.949859
94.092,15.360939,-132.94838
94.1,15.321022,-132.887192
94.108,15.267563,-132.943756
94.117,15.237236,-132.938324
94.125,15.200287,-132.943238
94.133,15.155869,-132.947037
94.142,15.137795,-132.945435
94.15,15.11924,-132.948654
94.158,15.104736,-132.949508
94.167,15.097595,-132.892899
94.175,15.106095,-132.897842
94.183,15.113716,-132.957596
94.192,15.111771,-132.951568
94.2,15.112877,-132.947021
94.208,15.118287,-132.949081
94.217,15.132988,-132.952133
94.225,15.150177,-132.958786
94.233,15.165322,-132.961868
94.242,15.208503,-132.959839
94.25,15.229003,-132.959106
94.258,15.24443,-132.959747
94.267,15.275123,-132.945938
94.275,15.290116,-132.952209
94.283,15.305336,-132.955292
94.292,15.344025,-132.95813
94.3,15.352852,-132.904618
94.308,15.367302,-132.959625
94.317,15.375931,-132.959702
94.325,15.377343,-132.957824
94.333,15.375504,-132.958206
94.342,15.373131,-132.958542
94.35,15.36805,-132.959534
94.358,15.362251,-132.963669
94.367,15.34922,-132.904984
94.375,15.31118,-132.904648
94.383,15.302277,-132.956237
94.392,15.287498,-132.951645
94.4,15.27346,-132.953644
94.408,15.245369,-132.965683
94.417,15.225708,-132.970626
94.425,15.198792,-132.966858
94.433,15.154091,-132.963623
94.442,15.135308,-132.967804
94.45,15.103866,-133.022003
94.458,15.087112,-133.015702
94.467,15.068054,-133.018493
94.475,15.049897,-133.022644
94.483,15.032708,-133.010651
94.492,15.007492,-133.011612
94.5,14.960373,-133.02275
94.508,14.941414,-133.02124
94.517,14.920746,-133.025879
94.525,14.908111,-133.029846
94.533,14.907371,-133.0336
94.542,14.890686,-133.041214
94.55,14.834099,-133.048919
94.558,14.765625,-133.010803
94.567,14.700264,-133.065109
94.575,14.670128,-133.065659
94.583,14.652885,-133.066879
94.592,14.601197,-133.081665
94.6,14.568718,-133.086045
94.608,14.50177,-133.091446
94.617,14.452698,-133.099823
94.625,14.411736,-133.103515
94.633,14.339989,-133.127258
94.642,14.240425,-133.085022
94.65,14.198738,-133.071671
94.658,14.127357,-133.087219
94.667,14.078255,-133.094665
94.675,13.997039,-133.147278
94.683,13.907685,-133.102036
94.692,13.803054,-133.117127
94.7,13.711822,-133.079224
94.708,13.612335,-133.13594
94.717,13.555145,-133.132828
94.725,13.458145,-133.144302
94.733,13.39888,-133.14766
94.742,13.324768,-133.202209
94.75,13.250663,-133.210251
94.758,13.200478,-133.210342
94.767,13.10926,-133.156006
94.775,13.06871,-133.157577
94.783,13.03672,-133.156815
94.792,13.006455,-133.155136
94.8,12.98233,-133.153656
94.808,12.920234,-133.211304
94.817,12.91475,-133.211685
94.825,12.91436,-133.207718
94.833,12.966805,-133.149307
94.842,12.980308,-133.15274
94.85,13.005547,-133.15123
94.858,13.034896,-133.157486
94.867,13.064385,-133.163498
94.875,13.092316,-133.179977
94.883,13.154594,-133.172897
94.892,13.170464,-133.254501
94.9,13.260994,-133.213013
94.908,13.275521,-133.253631
94.917,13.383606,-133.164337
94.925,13.421608,-133.169128
94.933,13.457466,-133.175568
94.942,13.507019,-133.17392
94.95,13.535561,-133.163804
94.958,13.552513,-133.165421
94.967,13.564781,-133.167481
94.975,13.574936,-133.170792
94.983,13.570229,-133.172012
94.992,13.507164,-133.21344
95,13.472313,-133.224625
95.008,13.421357,-133.231247
95.017,13.388527,-133.227966
95.025,13.329444,-133.276825
95.033,13.281555,-133.251908
95.042,13.207726,-133.261628
95.05,13.15503,-133.257385
95.058,13.07235,-133.259476
95.067,12.997269,-133.235595
95.075,12.915642,-133.245072
95.083,12.874138,-133.175873
95.092,12.746582,-133.229553
95.1,12.689209,-133.229919
95.108,12.637268,-133.229828
95.117,12.642906,-133.185211
95.125,12.538765,-133.196396
95.133,12.515724,-133.198517
95.142,12.447304,-133.240814
95.15,12.426041,-133.237274
95.158,12.408371,-133.236954
95.167,12.371956,-133.250931
95.175,12.395378,-133.2406
95.183,12.399437,-133.245331
95.192,12.407936,-133.251373
95.2,12.419205,-133.299774
95.208,12.421936,-133.258438
95.217,12.431015,-133.263519
95.225,12.438965,-133.267578
95.233,12.441918,-133.271851
95.242,12.442154,-133.278366
95.25,12.438331,-133.285599
95.258,12.429909,-133.291275
95.267,12.388504,-133.311692
95.275,12.360512,-133.314987
95.283,12.326339,-133.285019
95.292,12.287544,-133.285156
95.3,12.20591,-133.342163
95.308,12.150985,-133.329269
95.317,12.061859,-133.334472
95.325,12.040123,-133.288651
95.333,11.86509,-133.371216
95.342,11.73568,-133.337021
95.35,11.647964,-133.336807
95.358,11.516014,-133.348542
95.367,11.409752,-133.36235
95.375,11.313812,-133.362824
95.383,11.147438,-133.371628
95.392,11.092164,-133.281281
95.4,10.90007,-133.347992
95.408,10.796303,-133.360916
95.417,10.655517,-133.320069
95.425,10.56881,-133.322906
95.433,10.472618,-133.326248
95.442,10.384247,-133.373672
95.45,10.294449,-133.377029
95.458,10.204842,-133.337143
95.467,10.151696,-133.337265
95.475,10.084702,-133.344467
95.483,10.044983,-133.343445
95.492,9.994865,-133.394989
95.5,9.941803,-133.397522
95.508,9.91819,-133.403366
95.517,9.897422,-133.407074
95.525,9.8825,-133.384689
95.533,9.871926,-133.385223
95.542,9.864715,-133.390076
95.55,9.855522,-133.390518
95.558,9.846093,-133.396087
95.567,9.817215,-133.409225
95.575,9.800133,-133.400589
95.583,9.784867,-133.362137
95.592,9.751229,-133.413727
95.6,9.731735,-133.411866
95.608,9.717643,-133.386002
95.617,9.666542,-133.393936
95.625,9.615731,-133.404114
95.633,9.573402,-133.402985
95.642,9.476738,-133.363159
95.65,9.457832,-133.369919
95.658,9.329368,-133.411087
95.667,9.264977,-133.406861
95.675,9.19046,-133.366974
95.683,9.089469,-133.422684
95.692,8.995483,-133.416183
95.7,8.887741,-133.370346
95.708,8.825577,-133.367264
95.717,8.750595,-133.367614
95.725,8.673271,-133.371292
95.733,8.599549,-133.377487
95.742,8.550942,-133.376496
95.75,8.478623,-133.33281
95.758,8.453285,-133.360565
95.767,8.438629,-133.361313
95.775,8.43261,-133.359375
95.783,8.43676,-133.358337
95.792,8.451858,-133.354462
95.8,8.475349,-133.355529
95.808,8.478226,-133.396026
95.817,8.548164,-133.362686
95.825,8.670364,-133.363845
95.833,8.721656,-133.370621
95.842,8.796662,-133.366806
95.85,8.863953,-133.407684
95.858,8.894036,-133.444306
95.867,8.994865,-133.398728
95.875,9.071915,-133.371552
95.883,9.171028,-133.417389
95.892,9.210701,-133.424332
95.9,9.242638,-133.428376
95.908,9.262077,-133.430008
95.917,9.271248,-133.433243
95.925,9.266556,-133.433426
95.933,9.24543,-133.435501
95.942,9.214348,-133.437576
95.95,9.116738,-133.456634
95.958,9.059517,-133.452591
95.967,8.964493,-133.448883
95.975,8.844177,-133.367737
95.983,8.715866,-133.387802
95.992,8.574677,-133.388107
96,8.441017,-133.380585
96.008,8.233612,-133.348114
96.017,8.089905,-133.348327
96.025,7.915756,-133.386611
96.033,7.730774,-133.343963
96.042,7.570953,-133.386383
96.05,7.453102,-133.348145
96.058,7.281212,-133.254517
96.067,7.133034,-133.288391
96.075,7.00927,-133.281875
96.083,6.921188,-133.273148
96.092,6.762687,-133.284988
96.1,6.693519,-133.282105
96.108,6.621017,-133.284134
96.117,6.576141,-133.28537
96.125,6.514015,-133.29515
96.133,6.477729,-133.295303
96.142,6.449181,-133.296677
96.15,6.401161,-133.351349
96.158,6.375587,-133.353592
96.167,6.329407,-133.361236
96.175,6.332275,-133.400528
96.183,6.26101,-133.340835
96.192,6.21714,-133.325775
96.2,6.15966,-133.347427
96.208,6.080414,-133.269257
96.217,6.028091,-133.266799
96.225,5.959481,-133.268463
96.233,5.900261,-133.288041
96.242,5.778137,-133.271896
96.25,5.671249,-133.231446
96.258,5.568695,-133.203965
96.267,5.443054,-133.246765
96.275,5.2995,-133.214996
96.283,5.113716,-133.198654
96.292,4.967919,-133.199448
96.3,4.801987,-133.236298
96.308,4.61248,-133.111908
96.317,4.457398,-133.185989
96.325,4.299088,-133.181579
96.333,4.026848,-133.085647
96.342,3.869659,-133.094483
96.35,3.662766,-133.034668
96.358,3.507256,-133.105926
96.367,3.335678,-133.09755
96.375,3.083259,-132.946396
96.383,2.908943,-132.937164
96.392,2.716736,-132.926255
96.4,2.590455,-132.945618
96.408,2.430527,-132.994675
96.417,2.299263,-132.991013
96.425,2.103675,-132.872039
96.433,1.969597,-132.858139
96.442,1.821762,-132.821838
96.45,1.745857,-132.835099
96.458,1.56192,-132.820633
96.467,1.415818,-132.75972
96.475,1.276687,-132.792832
96.483,1.183677,-132.787994
96.492,1.090118,-132.731339
96.5,0.90799,-132.710465
96.508,0.754761,-132.640808
96.517,0.627487,-132.650894
96.525,0.493568,-132.609802
96.533,0.351944,-132.523407
96.542,0.209419,-132.493637
96.55,0.102737,-132.477417
96.558,-0.097625,-132.484451
96.567,-0.17952,-132.426681
96.575,-0.440147,-132.399277
96.583,-0.581543,-132.393036
96.592,-0.690399,-132.383545
96.6,-0.877907,-132.304016
96.608,-1.035911,-132.210602
96.617,-1.15197,-132.212952
96.625,-1.246254,-132.200699
96.633,-1.387527,-132.248108
96.642,-1.567406,-132.188736
96.65,-1.671006,-132.225296
96.658,-1.750946,-132.215088
96.667,-1.808518,-132.163925
96.675,-1.95832,-132.101059
96.683,-2.087326,-132.071915
96.692,-2.216202,-132.127579
96.7,-2.243004,-132.041427
96.708,-2.378113,-131.930542
96.717,-2.474732,-131.96399
96.725,-2.606637,-131.962433
96.733,-2.682442,-131.951492
96.742,-2.790062,-131.933105
96.75,-2.908782,-131.925461
96.758,-2.966858,-131.84552
96.767,-3.083458,-131.766205
96.775,-3.235511,-131.760727
96.783,-3.336388,-131.752807
96.792,-3.431015,-131.732987
96.8,-3.600037,-131.685638
96.808,-3.755996,-131.547348
96.817,-3.893364,-131.536209
96.825,-4.014427,-131.509018
96.833,-4.093468,-131.46167
96.842,-4.277122,-131.470261
96.85,-4.402984,-131.391831
96.858,-4.524925,-131.41922
96.867,-4.672226,-131.362503
96.875,-4.855522,-131.15625
96.883,-5.06179,-131.19812
96.892,-5.160911,-131.185928
96.9,-5.303848,-131.185669
96.908,-5.45485,-131.166458
96.917,-5.548035,-131.15889
96.925,-5.691353,-131.065201
96.933,-5.828048,-130.967545
96.942,-5.945831,-130.987488
96.95,-6.063851,-130.983475
96.958,-6.120803,-130.979584
96.967,-6.162659,-130.981567
96.975,-6.229866,-130.865707
96.983,-6.298904,-130.861374
96.992,-6.356155,-130.895065
97,-6.385178,-130.885773
97.008,-6.47509,-130.840088
97.017,-6.45858,-130.84436
97.025,-6.387054,-130.841064
97.033,-6.363777,-130.791839
97.042,-6.279534,-130.909256
97.05,-6.257431,-130.964996
97.058,-6.274575,-130.917038
97.067,-6.263947,-130.903366
97.075,-6.254333,-130.856094
97.083,-6.27842,-130.780442
97.092,-6.334785,-130.775605
97.1,-6.35804,-130.768066
97.108,-6.414452,-130.751983
97.117,-6.448464,-130.713883
97.125,-6.574151,-130.694824
97.133,-6.675987,-130.686813
97.142,-6.734986,-130.62265
97.15,-6.843979,-130.534332
97.158,-7.082496,-130.50061
97.167,-7.218201,-130.393067
97.175,-7.388374,-130.380951
97.183,-7.577805,-130.335663
97.192,-7.860703,-130.197067
97.2,-8.13778,-130.08461
97.208,-8.346115,-130.006012
97.217,-8.651108,-129.951767
97.225,-8.902497,-129.882126
97.233,-9.213097,-129.736023
97.242,-9.551857,-129.556855
97.25,-9.8367,-129.496795
97.258,-10.214066,-129.314499
97.267,-10.543388,-129.171188
97.275,-10.895134,-129.097976
97.283,-11.242699,-128.91037
97.292,-11.588958,-128.820709
97.3,-11.889161,-128.621354
97.308,-12.276131,-128.524917
97.317,-12.593895,-128.333359
97.325,-12.896095,-128.274139
97.333,-13.186192,-128.155762
97.342,-13.435433,-128.008728
97.35,-13.763729,-127.921783
97.358,-13.978211,-127.733627
97.367,-14.255154,-127.63678
97.375,-14.50285,-127.56575
97.383,-14.60577,-127.476974
97.392,-14.808151,-127.386627
97.4,-15.00452,-127.329056
97.408,-15.154553,-127.244995
97.417,-15.292279,-127.154556
97.425,-15.424095,-127.130447
97.433,-15.540253,-127.041031
97.442,-15.636032,-126.99385
97.45,-15.720818,-127.015488
97.458,-15.860577,-126.909332
97.467,-15.884743,-126.844666
97.475,-15.958828,-126.764435
97.483,-16.005375,-126.738189
97.492,-16.039085,-126.710068
97.5,-16.124398,-126.731323
97.508,-16.222206,-126.715805
97.517,-16.227505,-126.624329
97.525,-16.30328,-126.532563
97.533,-16.395863,-126.435196
97.542,-16.557518,-126.445618
97.55,-16.623245,-126.373154
97.558,-16.697345,-126.225708
97.567,-16.892612,-126.20491
97.575,-17.023369,-126.042923
97.583,-17.156463,-125.861206
97.592,-17.344417,-125.842713
97.6,-17.576397,-125.629395
97.608,-17.693405,-125.637405
97.617,-17.93293,-125.426025
97.625,-18.186631,-125.260559
97.633,-18.457901,-125.135513
97.642,-18.761818,-124.855209
97.65,-19.009182,-124.830505
97.658,-19.380142,-124.573349
97.667,-19.659248,-124.309768
97.675,-19.945893,-124.19844
97.683,-20.22802,-124.011566
97.692,-20.602089,-123.953735
97.7,-20.894215,-123.675735
97.708,-21.288532,-123.488723
97.717,-21.569366,-123.32669
97.725,-21.811889,-123.081695
97.733,-22.08134,-123.022934
97.742,-22.327187,-122.898331
97.75,-22.572281,-122.809982
97.758,-22.752316,-122.770798
97.767,-22.928578,-122.714843
97.775,-23.057831,-122.600173
97.783,-23.130592,-122.505463
97.792,-23.178665,-122.48259
97.8,-23.197071,-122.47699
97.808,-23.194591,-122.484726
97.817,-23.176632,-122.496551
97.825,-23.13982,-122.513352
97.833,-23.098999,-122.574112
97.842,-23.00663,-122.613723
97.85,-22.845821,-122.56987
97.858,-22.725369,-122.656845
97.867,-22.638527,-122.688842
97.875,-22.490898,-122.697754
97.883,-22.369217,-122.659164
97.892,-22.249283,-122.761826
97.9,-22.053398,-122.756744
97.908,-21.977134,-122.858444
97.917,-21.87463,-122.846573
97.925,-21.783477,-122.878021
97.933,-21.715263,-122.843765
97.942,-21.732796,-122.816467
97.95,-21.743068,-122.754486
97.958,-21.743844,-122.727722
97.967,-21.822578,-122.801071
97.975,-21.837837,-122.741745
97.983,-21.876648,-122.660752
97.992,-22.104023,-122.447494
98,-22.234532,-122.417969
98.008,-22.351715,-122.354722
98.017,-22.579781,-122.090546
98.025,-22.741298,-122.097992
98.033,-23.003964,-122.017868
98.042,-23.22578,-121.853912
98.05,-23.414059,-121.705597
98.058,-23.660122,-121.702042
98.067,-23.866421,-121.459717
98.075,-24.119332,-121.399475
98.083,-24.417274,-121.227631
98.092,-24.55236,-121.083633
98.1,-24.819446,-120.902237
98.108,-24.938496,-120.821564
98.117,-25.148056,-120.842254
98.125,-25.276394,-120.703644
98.133,-25.387264,-120.532562
98.142,-25.578053,-120.548233
98.15,-25.69976,-120.421844
98.158,-25.853927,-120.212677
98.167,-25.95491,-120.213959
98.175,-26.022282,-120.157501
98.183,-26.139595,-119.927979
98.192,-26.265293,-119.837066
98.2,-26.360424,-119.83577
98.208,-26.446895,-119.654876
98.217,-26.579087,-119.553863
98.225,-26.719814,-119.282333
98.233,-26.823524,-119.232422
98.242,-26.987434,-119.08223
98.25,-27.057816,-118.894211
98.258,-27.261967,-118.828705
98.267,-27.368938,-118.574249
98.275,-27.557648,-118.520919
98.283,-27.687492,-118.365921
98.292,-27.869896,-118.028732
98.3,-27.995075,-117.873322
98.308,-28.271301,-117.537842
98.317,-28.447289,-117.440796
98.325,-28.70628,-117.160675
98.333,-28.936673,-117.014862
98.342,-29.140007,-116.859284
98.35,-29.364834,-116.748459
98.358,-29.550636,-116.526382
98.367,-29.847072,-116.383789
98.375,-29.995403,-116.166046
98.383,-30.30175,-115.946396
98.392,-30.506226,-115.796005
98.4,-30.736435,-115.563064
98.408,-30.940746,-115.419784
98.417,-31.143119,-115.161438
98.425,-31.362133,-115.064224
98.433,-31.538581,-114.827637
98.442,-31.767735,-114.74759
98.45,-31.928035,-114.470138
98.458,-32.121361,-114.357117
98.467,-32.242302,-114.257614
98.475,-32.459449,-114.016662
98.483,-32.556107,-113.972259
98.492,-32.670547,-113.835968
98.5,-32.819027,-113.717164
98.508,-32.928623,-113.56337
98.517,-33.023564,-113.41127
98.525,-33.181587,-113.321609
98.533,-33.243454,-113.187378
98.542,-33.275055,-113.099441
98.55,-33.342792,-112.948364
98.558,-33.344422,-112.886963
98.567,-33.487549,-112.949997
98.575,-33.490974,-112.8815
98.583,-33.576568,-112.850022
98.592,-33.585186,-112.773926
98.6,-33.596104,-112.67247
98.608,-33.61068,-112.635589
98.617,-33.591168,-112.575669
98.625,-33.598888,-112.564148
98.633,-33.601322,-112.563766
98.642,-33.597954,-112.567902
98.65,-33.600151,-112.561401
98.658,-33.666,-112.499923
98.667,-33.655117,-112.430908
98.675,-33.660859,-112.393188
98.683,-33.722149,-112.280854
98.692,-33.813492,-112.217636
98.7,-33.846428,-112.173843
98.708,-33.928772,-112.026871
98.717,-33.937141,-111.992279
98.725,-34.066105,-111.770066
98.733,-34.253155,-111.493836
98.742,-34.307724,-111.27443
98.75,-34.488998,-111.115311
98.758,-34.589473,-110.815841
98.767,-34.77895,-110.676957
98.775,-34.942905,-110.405945
98.783,-35.238308,-110.103012
98.792,-35.470722,-109.962616
98.8,-35.687592,-109.618515
98.808,-35.962666,-109.325653
98.817,-36.299877,-109.009246
98.825,-36.615158,-108.66742
98.833,-36.841809,-108.346649
98.842,-37.195843,-108.070572
98.85,-37.444191,-107.745087
98.858,-37.784336,-107.444275
98.867,-38.058559,-107.138992
98.875,-38.264579,-106.978043
98.883,-38.57819,-106.635407
98.892,-38.818085,-106.459412
98.9,-39.014362,-106.170059
98.908,-39.265198,-105.919113
98.917,-39.417282,-105.675857
98.925,-39.596882,-105.660996
98.933,-39.665333,-105.587586
98.942,-39.794269,-105.619874
98.95,-39.833935,-105.626938
98.958,-39.854072,-105.622711
98.967,-39.858616,-105.607254
98.975,-39.804119,-105.559586
98.983,-39.760586,-105.565964
98.992,-39.647835,-105.64357
99,-39.483219,-105.903732
99.008,-39.350041,-106.132401
99.017,-39.151519,-106.405304
99.025,-38.997746,-106.652283
99.033,-38.728176,-106.792328
99.042,-38.608219,-106.84578
99.05,-38.303715,-107.055985
99.058,-38.16573,-107.094299
99.067,-37.899517,-107.350525
99.075,-37.772351,-107.412353
99.083,-37.521428,-107.522705
99.092,-37.361099,-107.745483
99.1,-37.13974,-107.801575
99.108,-37.050579,-107.833221
99.117,-36.972595,-107.858643
99.125,-36.734462,-107.92244
99.133,-36.632164,-107.8815
99.142,-36.606629,-107.900833
99.15,-36.653836,-107.966034
99.158,-36.664551,-107.952912
99.167,-36.67339,-107.870651
99.175,-36.737946,-107.811661
99.183,-36.918449,-107.642243
99.192,-36.926071,-107.547546
99.2,-37.00196,-107.365753
99.208,-37.242665,-107.305878
99.217,-37.323048,-107.253952
99.225,-37.46463,-107.173355
99.233,-37.697498,-106.98529
99.242,-37.858502,-106.881165
99.25,-38.027375,-106.705719
99.258,-38.239425,-106.527969
99.267,-38.394817,-106.371201
99.275,-38.466377,-106.29631
99.283,-38.637074,-106.149002
99.292,-38.787567,-106.081177
99.3,-38.89394,-106.074478
99.308,-39.053932,-105.958786
99.317,-39.117718,-105.90718
99.325,-39.175491,-105.848847
99.333,-39.243988,-105.716049
99.342,-39.269162,-105.613998
99.35,-39.327912,-105.521896
99.358,-39.342858,-105.512284
99.367,-39.349392,-105.509948
99.375,-39.344478,-105.518585
99.383,-39.323341,-105.578766
99.392,-39.261104,-105.54332
99.4,-39.246731,-105.515717
99.408,-39.236591,-105.482712
99.417,-39.248836,-105.332046
99.425,-39.235954,-105.30278
99.433,-39.213822,-105.25496
99.442,-39.194641,-105.245896
99.45,-39.102909,-105.190003
99.458,-39.093239,-105.172638
99.467,-39.087688,-105.15242
99.475,-39.054172,-105.130112
99.483,-39.091964,-105.034394
99.492,-39.178665,-104.980148
99.5,-39.194027,-104.898407
99.508,-39.203507,-104.859863
99.517,-39.23584,-104.811035
99.525,-39.350823,-104.780839
99.533,-39.415538,-104.627594
99.542,-39.478829,-104.627121
99.55,-39.557873,-104.530563
99.558,-39.60627,-104.484344
99.567,-39.742847,-104.474197
99.575,-39.80117,-104.420304
99.583,-39.861229,-104.278519
99.592,-39.944206,-104.148773
99.6,-40.011429,-104.069641
99.608,-40.155895,-104.055877
99.617,-40.190014,-103.920669
99.625,-40.258739,-103.904312
99.633,-40.325535,-103.760895
99.642,-40.375843,-103.697265
99.65,-40.521373,-103.627594
99.658,-40.562866,-103.460541
99.667,-40.684674,-103.321579
99.675,-40.692913,-103.122254
99.683,-40.881047,-102.949082
99.692,-40.931404,-102.783966
99.7,-41.070076,-102.538422
99.708,-41.169903,-102.340423
99.717,-41.31799,-102.09317
99.725,-41.373005,-101.910843
99.733,-41.610672,-101.668396
99.742,-41.62714,-101.540329
99.75,-41.715103,-101.265716
99.758,-41.912021,-101.125061
99.767,-42.034054,-100.825623
99.775,-42.252171,-100.621948
99.783,-42.458377,-100.36444
99.792,-42.578984,-100.103348
99.8,-42.723244,-99.85556
99.808,-42.855988,-99.64038
99.817,-43.07935,-99.233978
99.825,-43.193337,-99.000916
99.833,-43.417022,-98.739853
99.842,-43.53994,-98.539841
99.85,-43.78391,-98.285858
99.858,-43.916362,-98.015824
99.867,-44.115883,-97.800918
99.875,-44.277737,-97.497192
99.883,-44.513705,-97.175492
99.892,-44.616604,-96.991165
99.9,-44.830988,-96.674591
99.908,-44.951649,-96.562134
99.917,-45.115555,-96.384476
99.925,-45.268414,-96.122498
99.933,-45.373716,-95.814529
99.942,-45.548162,-95.616013
99.95,-45.702968,-95.371048
99.958,-45.784519,-95.153152
99.967,-45.874392,-94.919495
99.975,-45.932621,-94.59195
99.983,-46.07107,-94.444412
99.992,-46.187674,-94.088394
100,-46.283203,-93.944672
100.008,-46.363955,-93.666381
100.017,-46.432587,-93.570801
100.025,-46.559769,-93.337235
100.033,-46.601862,-93.218979
100.042,-46.709489,-93.047501
100.05,-46.796919,-93.005249
100.058,-46.837986,-92.878723
100.067,-46.893369,-92.693222
100.075,-46.948519,-92.583222
100.083,-46.970243,-92.491241
100.092,-46.983767,-92.423324
100.1,-47.021088,-92.260162
100.108,-47.026037,-92.155838
100.117,-47.01313,-92.168366
100.125,-47.019947,-92.103088
100.133,-47.046966,-92.099945
100.142,-47.029639,-92.043396
100.15,-47.054221,-92.068115
100.158,-47.059494,-91.999985
100.167,-47.035332,-91.946732
100.175,-47.038,-91.91452
100.183,-47.057829,-91.964722
100.192,-47.089417,-91.850357
100.2,-47.117041,-91.78682
100.208,-47.123987,-91.764846
100.217,-47.115125,-91.688705
100.225,-47.152965,-91.705063
100.233,-47.143544,-91.636658
100.242,-47.175484,-91.598022
100.25,-47.159657,-91.541367
100.258,-47.210065,-91.472092
100.267,-47.250828,-91.308396
100.275,-47.316929,-91.142533
100.283,-47.369797,-91.0849
100.292,-47.42856,-90.826599
100.3,-47.475569,-90.699249
100.308,-47.517399,-90.510834
100.317,-47.585741,-90.294373
100.325,-47.706919,-90.219299
100.333,-47.83308,-89.987305
100.342,-47.867956,-89.858399
100.35,-47.934404,-89.731293
100.358,-48.105688,-89.480911
100.367,-48.133178,-89.393158
100.375,-48.268402,-89.223312
100.383,-48.352396,-88.984634
100.392,-48.426141,-88.713165
100.4,-48.504519,-88.418884
100.408,-48.55549,-88.246902
100.417,-48.632738,-87.940216
100.425,-48.703277,-87.732895
100.433,-48.796137,-87.545379
100.442,-48.890475,-87.251648
100.45,-48.967752,-86.946991
100.458,-49.07912,-86.610778
100.467,-49.236642,-86.32283
100.475,-49.369669,-85.913819
100.483,-49.418196,-85.526108
100.492,-49.52319,-85.015732
100.5,-49.628113,-84.625976
100.508,-49.779627,-84.103897
100.517,-49.940121,-83.694718
100.525,-50.120219,-83.240875
100.533,-50.311598,-82.896424
100.542,-50.497183,-82.454529
100.55,-50.685726,-82.058181
100.558,-50.834905,-81.589432
100.567,-51.070669,-81.131164
100.575,-51.197221,-80.623199
100.583,-51.359865,-80.087432
100.592,-51.517879,-79.5448
100.6,-51.643113,-79.021225
100.608,-51.780817,-78.49031
100.617,-51.919699,-77.944794
100.625,-52.030136,-77.302475
100.633,-52.199245,-76.722793
100.642,-52.32533,-76.076309
100.65,-52.417778,-75.447571
100.658,-52.55401,-74.84024
100.667,-52.676878,-74.212478
100.675,-52.796323,-73.590698
100.683,-52.920607,-72.961929
100.692,-53.064287,-72.287659
100.7,-53.177784,-71.717148
100.708,-53.327937,-70.967529
100.717,-53.410168,-70.407303
100.725,-53.533648,-69.73764
100.733,-53.661204,-69.125366
100.742,-53.706949,-68.532989
100.75,-53.739014,-67.953399
100.758,-53.831505,-67.394943
100.767,-53.969851,-66.850449
100.775,-54.051766,-66.340912
100.783,-54.13525,-65.849488
100.792,-54.181887,-65.406128
100.8,-54.164686,-64.840896
100.808,-54.194731,-64.27179
100.817,-54.185978,-63.779174
100.825,-54.109692,-63.184738
100.833,-54.0919,-62.714585
100.842,-54.139324,-62.300995
100.85,-54.106674,-61.895554
100.858,-54.145887,-61.657257
100.867,-54.138752,-61.401748
100.875,-54.191742,-61.130783
100.883,-54.149812,-60.807404
100.892,-54.178472,-60.550354
100.9,-54.197062,-60.363663
100.908,-54.209963,-60.1893
100.917,-54.204202,-60.091767
100.925,-54.199205,-60.01123
100.933,-54.146975,-59.831589
100.942,-54.128759,-59.743866
100.95,-54.11771,-59.544159
100.958,-54.092707,-59.434555
100.967,-54.059389,-59.354187
100.975,-53.986183,-59.275467
100.983,-53.939188,-59.271042
100.992,-53.879782,-59.207352
101,-53.825606,-59.10794
101.008,-53.819046,-58.97435
101.017,-53.777605,-58.800599
101.025,-53.697685,-58.523316
101.033,-53.642347,-58.29335
101.042,-53.576187,-57.940171
101.05,-53.477924,-57.726853
101.058,-53.429521,-57.346374
101.067,-53.427546,-56.848236
101.075,-53.366347,-56.351669
101.083,-53.338472,-55.838623
101.092,-53.309683,-55.274445
101.1,-53.267866,-54.642349
101.108,-53.162239,-53.960373
101.117,-53.154407,-53.227143
101.125,-53.039963,-52.401352
101.133,-52.948282,-51.588211
101.142,-52.829422,-50.750992
101.15,-52.700857,-49.805939
101.158,-52.569681,-48.841248
101.167,-52.372793,-47.840805
101.175,-52.187519,-46.890732
101.183,-52.069216,-45.910843
101.192,-51.866808,-44.999649
101.2,-51.784544,-44.075211
101.208,-51.590557,-43.250031
101.217,-51.403755,-42.415908
101.225,-51.219534,-41.585266
101.233,-50.961044,-40.885833
101.242,-50.887355,-40.206009
101.25,-50.76265,-39.539215
101.258,-50.542118,-38.90184
101.267,-50.251647,-38.2742
101.275,-50.053663,-37.776489
101.283,-49.734775,-37.247009
101.292,-49.471972,-36.727875
101.3,-49.221927,-36.275314
101.308,-49.033191,-35.893616
101.317,-48.764284,-35.491806
101.325,-48.524414,-35.023437
101.333,-48.24775,-34.648728
101.342,-48.044999,-34.225388
101.35,-47.634888,-33.777145
101.358,-47.420822,-33.323975
101.367,-47.025507,-32.807831
101.375,-46.663651,-32.318664
101.383,-46.43175,-31.630615
101.392,-46.052323,-31.016357
101.4,-45.667055,-30.333511
101.408,-45.211748,-29.733047
101.417,-44.676516,-28.931412
101.425,-44.342888,-28.175262
101.433,-43.939335,-27.477997
101.442,-43.496861,-26.706894
101.45,-43.067463,-25.955796
101.458,-42.703769,-25.237869
101.467,-42.202256,-24.588074
101.475,-41.798821,-24.006699
101.483,-41.317421,-23.378357
101.492,-40.87479,-22.826751
101.5,-40.545159,-22.241227
101.508,-40.126591,-21.833862
101.517,-39.641537,-21.336532
101.525,-39.208965,-20.958145
101.533,-38.661774,-20.594086
101.542,-38.172089,-20.199677
101.55,-37.702507,-19.989975
101.558,-37.13361,-19.57605
101.567,-36.592086,-19.207901
101.575,-35.950989,-18.949936
101.583,-35.41687,-18.48175
101.592,-34.852756,-18.127564
101.6,-34.191849,-17.59137
101.608,-33.587616,-17.113022
101.617,-32.999573,-16.630768
101.625,-32.523411,-16.118332
101.633,-32.050057,-15.640884
101.642,-31.712124,-15.177551
101.65,-31.462212,-14.733506
101.658,-31.132599,-14.319366
101.667,-30.856041,-13.981232
101.675,-30.560234,-13.715118
101.683,-30.353302,-13.522415
101.692,-30.124188,-13.276718
101.7,-29.856854,-13.176529
101.708,-29.692799,-13.021805
101.717,-29.448071,-13.016556
101.725,-29.241241,-12.988281
101.733,-29.064861,-13.100449
101.742,-28.922611,-13.184067
101.75,-28.87223,-13.286819
101.758,-28.857387,-13.232834
101.767,-28.878765,-13.365524
101.775,-28.890751,-13.492798
101.783,-28.920623,-13.584946
101.792,-28.943947,-13.617478
101.8,-29.017978,-13.637039
101.808,-29.119027,-13.590851
101.817,-29.23434,-13.563019
101.825,-29.337441,-13.59317
101.833,-29.431946,-13.59732
101.842,-29.555954,-13.567199
101.85,-29.680629,-13.612977
101.858,-29.811867,-13.638611
101.867,-29.928173,-13.678375
101.875,-30.084282,-13.75763
101.883,-30.166134,-13.83017
101.892,-30.232166,-13.98294
101.9,-30.308128,-14.162735
101.908,-30.447563,-14.192658
101.917,-30.537224,-14.323089
101.925,-30.650662,-14.465469
101.933,-30.775764,-14.555466
101.942,-30.952919,-14.695557
101.95,-31.176377,-14.770356
101.958,-31.344303,-14.893006
101.967,-31.52076,-14.997283
101.975,-31.677215,-15.116501
101.983,-31.855145,-15.24585
101.992,-31.959507,-15.322662
102,-32.050304,-15.403534
102.008,-32.142639,-15.498886
102.017,-32.192784,-15.540695
102.025,-32.25954,-15.582459
102.033,-32.323387,-15.615906
102.042,-32.424225,-15.634796
102.05,-32.47916,-15.665146
102.058,-32.53796,-15.735443
102.067,-32.651257,-15.810073
102.075,-32.755695,-15.852493
102.083,-32.850929,-15.858658
102.092,-32.954849,-15.909591
102.1,-33.099037,-16.007385
102.108,-33.167892,-16.051102
102.117,-33.271386,-16.12561
102.125,-33.412022,-16.237854
102.133,-33.488385,-16.318802
102.142,-33.576786,-16.378509
102.15,-33.674099,-16.46846
102.158,-33.75991,-16.523376
102.167,-33.804024,-16.623612
102.175,-33.939205,-16.749649
102.183,-34.045913,-16.843994
102.192,-34.122394,-16.915237
102.2,-34.275929,-17.060913
102.208,-34.381389,-17.145859
102.217,-34.463429,-17.15773
102.225,-34.553108,-17.244598
102.233,-34.663567,-17.323075
102.242,-34.748802,-17.359146
102.25,-34.848053,-17.45842
102.258,-34.937008,-17.536835
102.267,-35.001309,-17.608002
102.275,-35.067387,-17.605072
102.283,-35.138489,-17.650131
102.292,-35.232601,-17.717789
102.3,-35.313118,-17.764648
102.308,-35.37711,-17.838562
102.317,-35.480053,-17.962784
102.325,-35.558284,-18.020599
102.333,-35.636505,-18.088898
102.342,-35.729446,-18.109176
102.35,-35.799679,-18.169204
102.358,-35.886055,-18.241348
102.367,-35.978008,-18.297882
102.375,-36.104866,-18.455154
102.383,-36.163147,-18.552811
102.392,-36.312668,-18.618073
102.4,-36.400658,-18.700027
102.408,-36.490059,-18.772293
102.417,-36.667214,-18.911193
102.425,-36.748966,-19.043427
102.433,-36.846958,-19.138473
102.442,-36.98899,-19.246171
102.45,-37.054299,-19.32045
102.458,-37.167255,-19.465438
102.467,-37.299671,-19.559433
102.475,-37.387451,-19.631836
102.483,-37.587052,-19.765992
102.492,-37.71072,-19.891877
102.5,-37.915451,-20.091431
102.508,-38.043251,-20.17163
102.517,-38.21302,-20.348587
102.525,-38.341442,-20.495758
102.533,-38.466133,-20.623703
102.542,-38.609597,-20.737198
102.55,-38.744465,-20.897171
102.558,-38.882496,-21.067139
102.567,-39.004486,-21.25998
102.575,-39.085873,-21.363938
102.583,-39.240399,-21.481353
102.592,-39.36428,-21.627518
102.6,-39.51131,-21.783142
102.608,-39.63224,-21.884629
102.617,-39.730049,-22.047668
102.625,-39.915833,-22.190628
102.633,-40.011723,-22.282333
102.642,-40.165104,-22.474502
102.65,-40.265979,-22.583725
102.658,-40.352715,-22.6669
102.667,-40.513962,-22.777985
102.675,-40.621929,-22.892181
102.683,-40.788391,-23.083786
102.692,-40.902794,-23.207092
102.7,-41.079403,-23.4487
102.708,-41.21603,-23.52121
102.717,-41.359768,-23.713257
102.725,-41.490524,-23.896713
102.733,-41.637787,-24.037414
102.742,-41.831203,-24.347717
102.75,-42.044953,-24.46286
102.758,-42.212773,-24.750137
102.767,-42.435909,-25.019379
102.775,-42.634811,-25.252731
102.783,-42.82186,-25.529679
102.792,-43.045771,-25.80394
102.8,-43.200819,-26.080597
102.808,-43.427609,-26.379211
102.817,-43.562441,-26.651077
102.825,-43.734688,-26.968429
102.833,-43.88344,-27.286712
102.842,-44.048598,-27.547043
102.85,-44.216852,-27.779984
102.858,-44.371412,-28.04393
102.867,-44.509224,-28.247162
102.875,-44.671181,-28.466858
102.883,-44.757339,-28.675445
102.892,-44.840376,-28.839767
102.9,-44.943336,-28.985626
102.908,-45.002916,-29.063095
102.917,-45.028738,-29.097824
102.925,-45.058321,-29.118316
102.933,-45.086744,-29.151001
102.942,-45.103557,-29.222794
102.95,-45.192894,-29.214615
102.958,-45.235966,-29.231903
102.967,-45.340397,-29.258514
102.975,-45.380346,-29.255371
102.983,-45.420399,-29.274353
102.992,-45.467505,-29.232193
103,-45.490105,-29.305344
103.008,-45.596792,-29.345032
103.017,-45.667656,-29.421295
103.025,-45.727827,-29.562805
103.033,-45.772366,-29.724213
103.042,-45.864838,-29.862793
103.05,-46.000538,-30.060348
103.058,-46.110468,-30.266556
103.067,-46.286327,-30.466599
103.075,-46.477362,-30.779266
103.083,-46.728083,-31.169479
103.092,-47.021775,-31.642166
103.1,-47.404787,-32.161499
103.108,-47.781006,-32.751542
103.117,-48.226631,-33.437958
103.125,-48.760931,-34.294617
103.133,-49.298382,-35.219726
103.142,-49.787201,-36.408173
103.15,-50.381691,-37.54039
103.158,-50.835306,-38.905319
103.167,-51.347894,-40.242447
103.175,-51.653021,-41.763321
103.183,-52.123552,-43.291244
103.192,-52.375982,-44.965561
103.2,-52.66389,-46.639206
103.208,-52.77676,-48.396164
103.217,-52.934826,-50.07901
103.225,-53.01874,-51.853958
103.233,-53.052995,-53.500595
103.242,-53.032932,-55.122192
103.25,-52.93796,-56.622513
103.258,-52.851786,-58.01062
103.267,-52.772131,-59.215363
103.275,-52.683946,-60.269516
103.283,-52.678386,-61.230637
103.292,-52.606438,-62.040496
103.3,-52.708616,-62.668304
103.308,-52.727312,-63.138916
103.317,-52.797815,-63.62822
103.325,-52.810432,-64.002121
103.333,-52.986962,-64.286453
103.342,-53.067116,-64.563385
103.35,-53.225504,-64.81604
103.358,-53.347613,-65.059143
103.367,-53.403621,-65.356812
103.375,-53.44407,-65.721939
103.383,-53.403426,-66.085846
103.392,-53.371723,-66.618103
103.4,-53.400432,-67.254394
103.408,-53.41914,-68.178543
103.417,-53.27149,-69.199616
103.425,-53.095619,-70.240448
103.433,-52.83728,-71.297546
103.442,-52.503944,-72.542801
103.45,-52.16457,-73.872147
103.458,-51.773001,-75.228195
103.467,-51.266344,-76.620957
103.475,-50.691877,-77.971619
103.483,-50.188806,-79.445679
103.492,-49.56815,-81.006012
103.5,-48.923607,-82.609131
103.508,-48.31557,-84.068558
103.517,-47.629513,-85.53009
103.525,-46.995665,-86.988357
103.533,-46.349345,-88.302154
103.542,-45.649757,-89.597488
103.55,-45.033632,-90.749482
103.558,-44.414901,-91.765991
103.567,-43.876868,-92.710144
103.575,-43.272491,-93.828826
103.583,-42.767279,-94.787964
103.592,-42.189381,-95.715363
103.6,-41.574364,-96.877106
103.608,-41.08371,-97.78508
103.617,-40.437023,-98.735702
103.625,-39.898521,-99.514557
103.633,-39.253174,-100.349075
103.642,-38.543434,-101.125595
103.65,-37.781918,-102.25763
103.658,-37.059899,-103.112731
103.667,-36.188111,-104.265015
103.675,-35.208057,-105.395431
103.683,-34.183743,-106.836288
103.692,-33.109383,-108.065597
103.7,-31.883216,-109.377182
103.708,-30.715378,-110.708038
103.717,-29.354591,-111.87468
103.725,-27.974598,-112.934617
103.733,-26.548527,-114.129486
103.742,-25.089501,-115.200531
103.75,-23.65181,-116.43901
103.758,-22.121822,-117.485977
103.767,-20.477943,-118.666809
103.775,-18.925827,-119.609268
103.783,-17.377617,-120.583008
103.792,-15.738827,-121.55864
103.8,-14.155781,-122.373367
103.808,-12.616794,-123.116486
103.817,-11.082066,-123.893051
103.825,-9.608955,-124.58017
103.833,-8.179657,-125.284485
103.842,-6.785705,-125.909989
103.85,-5.464813,-126.450836
103.858,-4.188057,-126.944473
103.867,-3.017868,-127.314835
103.875,-1.967209,-127.729095
103.883,-0.911415,-128.052139
103.892,-0.029564,-128.357391
103.9,0.811234,-128.667526
103.908,1.643967,-128.882065
103.917,2.440583,-129.273804
103.925,3.089058,-129.553055
103.933,3.675911,-129.805023
103.942,4.187088,-130.013123
103.95,4.67263,-130.205369
103.958,5.077973,-130.369614
103.967,5.504005,-130.48497
103.975,5.881195,-130.655227
103.983,6.210235,-130.872711
103.992,6.380996,-131.174804
104,6.754006,-131.228332
104.008,7.085815,-131.386704
104.017,7.20797,-131.380661
104.025,7.261901,-131.41301
104.033,7.310157,-131.511673
104.042,7.426284,-131.607055
104.05,7.396614,-131.569702
104.058,7.617836,-131.619965
104.067,7.877075,-131.681488
104.075,8.132569,-131.856369
104.083,8.322617,-131.884414
104.092,8.577927,-132.021012
104.1,8.818787,-131.959824
104.108,9.016701,-132.228333
104.117,9.190048,-132.210937
104.125,9.447609,-132.214126
104.133,9.73436,-132.348312
104.142,10.099632,-132.449936
104.15,10.610375,-132.44371
104.158,10.967376,-132.530914
104.167,11.000618,-132.608307
104.175,11.06746,-132.610657
104.183,11.30764,-132.610261
104.192,11.709587,-132.683197
104.2,12.113457,-132.75203
104.208,12.324348,-132.685684
104.217,12.475151,-132.649597
104.225,12.510117,-132.653
104.233,12.462037,-132.781418
104.242,12.534057,-132.793824
104.25,12.813851,-132.839966
104.258,13.126419,-132.842209
104.267,13.153466,-132.96608
104.275,13.005951,-133.144913
104.283,12.831535,-133.168869
104.292,12.769066,-133.118698
104.3,12.743088,-133.143433
104.308,12.518105,-132.910492
104.317,12.43132,-133.087723
104.325,12.073402,-132.799499
104.333,11.902474,-132.934296
104.342,11.710258,-132.950516
104.35,11.632835,-132.87796
104.358,11.593689,-133.021347
104.367,11.485977,-132.767059
104.375,11.470703,-132.893493
104.383,11.249703,-132.536117
104.392,11.465606,-132.809097
104.4,11.563477,-132.789841
104.408,11.784775,-132.906403
104.417,11.99733,-132.696854
104.425,12.312721,-132.794083
104.433,12.689163,-132.785614
104.442,12.991852,-132.555343
104.45,13.509239,-132.728607
104.458,13.980675,-132.698807
104.467,14.517357,-132.686309
104.475,14.937721,-132.624237
104.483,15.751716,-132.756714
104.492,16.221077,-132.463181
104.5,16.852219,-132.447601
104.508,17.412689,-132.402313
104.517,17.96833,-132.352387
104.525,18.54525,-132.209168
104.533,19.094315,-132.163239
104.542,19.553192,-132.120544
104.55,20.080116,-132.03981
104.558,20.588272,-132.038285
104.567,21.04509,-131.939682
104.575,21.382797,-131.916886
104.583,21.717285,-131.903412
104.592,21.970184,-131.867233
104.6,22.149842,-131.851944
104.608,22.306359,-131.871124
104.617,22.405503,-131.879928
104.625,22.510887,-131.851776
104.633,22.514847,-131.83754
104.642,22.416855,-131.808594
104.65,22.156151,-131.817521
104.658,21.918693,-131.807068
104.667,20.92839,-131.914399
104.675,20.637741,-131.871368
104.683,20.349022,-131.957444
104.692,20.089112,-131.985321
104.7,19.779404,-131.974091
104.708,19.416527,-132.048493
104.717,19.044334,-132.01828
104.725,18.669983,-132.011261
104.733,18.296326,-131.964462
104.742,18.023857,-131.970337
104.75,17.797432,-131.984696
104.758,17.628449,-131.980194
104.767,17.504028,-132.008545
104.775,17.383301,-132.026871
104.783,17.291626,-132.050003
104.792,17.248932,-131.964035
104.8,17.281647,-132.025147
104.808,17.386635,-131.957718
104.817,17.55191,-131.955155
104.825,17.772422,-131.935181
104.833,17.992401,-131.976044
104.842,18.295281,-131.962754
104.85,18.600578,-131.973938
104.858,18.89051,-131.803573
104.867,19.272148,-131.87767
104.875,19.645111,-131.7798
104.883,20.089409,-131.76535
104.892,20.518562,-131.750503
104.9,20.937813,-131.743851
104.908,21.3414,-131.710602
104.917,21.700783,-131.693344
104.925,22.04512,-131.644257
104.933,22.357239,-131.632615
104.942,22.920806,-131.37799
104.95,23.519844,-131.412597
104.958,23.714493,-131.495606
104.967,23.827385,-131.431794
104.975,23.924179,-131.401992
104.983,23.936111,-131.394226
104.992,23.907906,-131.37532
105,23.813621,-131.390534
105.008,23.706993,-131.393539
105.017,23.527474,-131.417907
105.025,23.415176,-131.408127
105.033,23.200882,-131.379669
105.042,22.963105,-131.401444
105.05,22.710212,-131.40657
105.058,22.458679,-131.421493
105.067,22.173943,-131.491333
105.075,21.91024,-131.468826
105.083,21.581322,-131.476013
105.092,21.368103,-131.468048
105.1,21.145843,-131.439072
105.108,21.032036,-131.453019
105.117,20.812874,-131.468491
105.125,20.704857,-131.486511
105.133,20.65561,-131.512039
105.142,20.515374,-131.449112
105.15,20.561699,-131.466278
105.158,20.518906,-131.440506
105.167,20.67559,-131.483292
105.175,20.774368,-131.47757
105.183,20.906708,-131.448731
105.192,21.093346,-131.429398
105.2,21.231781,-131.46518
105.208,21.498756,-131.366364
105.217,21.732773,-131.330017
105.225,21.990181,-131.395981
105.233,22.288384,-131.355713
105.242,22.574188,-131.336853
105.25,22.88073,-131.296402
105.258,23.143441,-131.223297
105.267,23.448372,-131.212677
105.275,23.48169,-131.127655
105.283,23.685104,-131.091598
105.292,24.16288,-131.168335
105.3,24.360336,-131.173935
105.308,24.52359,-131.102722
105.317,24.744316,-131.042953
105.325,24.855088,-131.039383
105.333,24.93332,-131.061005
105.342,24.987991,-130.970673
105.35,24.967598,-130.939453
105.358,24.942177,-130.922104
105.367,24.861076,-130.959457
105.375,24.806091,-130.93872
105.383,24.679412,-130.970093
105.392,24.560623,-130.936966
105.4,24.422249,-130.949112
105.408,24.267357,-131.028366
105.417,24.150245,-130.988877
105.425,23.97821,-130.969666
105.433,23.817764,-131.034027
105.442,23.654854,-130.979156
105.45,23.492363,-131.041993
105.458,23.356331,-131.045075
105.467,23.225846,-131.023392
105.475,23.109642,-131.089447
105.483,22.96788,-131.152527
105.492,22.936691,-131.104508
105.5,22.800041,-131.156479
105.508,22.728065,-131.13675
105.517,22.697701,-131.130249
105.525,22.645867,-131.114349
105.533,22.648315,-131.13205
105.542,22.643661,-131.178894
105.55,22.684151,-131.16713
105.558,22.765236,-131.162582
105.567,22.846558,-131.210312
105.575,22.863548,-131.135941
105.583,22.926292,-131.153198
105.592,23.019074,-131.166397
105.6,23.149101,-131.277939
105.608,23.223618,-131.259171
105.617,23.258713,-131.172516
105.625,23.349121,-131.134735
105.633,23.362824,-131.125793
105.642,23.359863,-131.099075
105.65,23.387054,-131.169357
105.658,23.383873,-131.172791
105.667,23.354194,-131.115082
105.675,23.35894,-131.142791
105.683,23.352135,-131.139419
105.692,23.347564,-131.193222
105.7,23.271621,-131.171982
105.708,23.187623,-131.196869
105.717,23.147781,-131.21373
105.725,23.053642,-131.132309
105.733,22.992462,-131.161483
105.742,22.962166,-131.160003
105.75,22.965736,-131.186997
105.758,22.868958,-131.223145
105.767,22.829963,-131.202103
105.775,22.803917,-131.170105
105.783,22.733063,-131.10936
105.792,22.710815,-131.122085
105.8,22.684753,-131.11824
105.808,22.729904,-131.23558
105.817,22.714577,-131.208939
105.825,22.704612,-131.217376
105.833,22.726707,-131.177155
105.842,22.675759,-131.250901
105.85,22.618584,-131.273544
105.858,22.600846,-131.36383
105.867,22.601547,-131.379868
105.875,22.585465,-131.35199
105.883,22.587219,-131.305984
105.892,22.528786,-131.371643
105.9,22.389298,-131.505188
105.908,22.278205,-131.529297
105.917,22.101471,-131.56276
105.925,21.999878,-131.613175
105.933,21.899208,-131.580704
105.942,21.70794,-131.54396
105.95,21.516304,-131.583191
105.958,21.234566,-131.564072
105.967,21.012825,-131.619339
105.975,20.777687,-131.68718
105.983,20.403168,-131.816147
105.992,20.14685,-131.856201
106,19.826515,-131.958893
106.008,19.58001,-132.082642
106.017,19.10244,-132.363998
106.025,18.547821,-132.485291
106.033,17.917938,-132.656097
106.042,17.469887,-132.627533
106.05,17.018272,-132.682983
106.058,16.376587,-132.788132
106.067,15.671997,-132.881897
106.075,14.815498,-133.007339
106.083,14.01799,-132.999679
106.092,13.025231,-133.115738
106.1,12.306107,-133.155274
106.108,11.699295,-133.216614
106.117,11.181274,-133.187194
106.125,10.181564,-133.249543
106.133,8.648468,-133.480224
106.142,6.866989,-133.42421
106.15,5.40184,-133.619949
106.158,5.163788,-133.494018
106.167,5.048424,-133.579666
106.175,4.597092,-133.628479
106.183,3.537239,-133.623397
106.192,2.18737,-133.619843
106.2,1.127075,-133.514953
106.208,0.436699,-133.373581
106.217,0.118294,-133.249527
106.225,-0.020599,-133.32547
106.233,-0.166946,-133.279937
106.242,-0.46408,-133.307007
106.25,-0.806847,-133.140427
106.258,-1.041306,-133.04068
106.267,-1.081581,-132.875488
106.275,-0.759071,-132.925949
106.283,0.076119,-133.082611
106.292,0.793182,-133.131912
106.3,1.510337,-133.191467
106.308,2.231575,-133.177048
106.317,3.190483,-133.106278
106.325,4.055489,-133.162109
106.333,5.257271,-133.087494
106.342,6.478203,-133.024612
106.35,7.672935,-132.955841
106.358,9.042389,-132.897003
106.367,10.223099,-132.829147
106.375,11.674011,-132.826218
106.383,13.089172,-132.71991
106.392,14.377479,-132.628448
106.4,15.803009,-132.574616
106.408,17.156121,-132.478745
106.417,18.350388,-132.353165
106.425,19.520637,-132.180161
106.433,20.510956,-132.084121
106.442,21.476837,-131.980805
106.45,22.250434,-131.92894
106.458,22.922607,-131.85202
106.467,23.416931,-131.761505
106.475,23.729736,-131.70581
106.483,23.881561,-131.678909
106.492,23.795646,-131.728241
106.5,23.526215,-131.862351
106.508,22.517739,-131.92865
106.517,21.91864,-132.026306
106.525,21.345993,-131.962677
106.533,20.745544,-132.346633
106.542,19.576294,-132.449616
106.55,18.226181,-132.554992
106.558,16.776672,-132.679657
106.567,15.103668,-132.668046
106.575,13.392197,-132.789993
106.583,11.52684,-132.96904
106.592,9.826477,-133.030929
106.6,8.110992,-133.095489
106.608,6.603096,-133.009964
106.617,5.194183,-133.058029
106.625,3.861625,-132.949524
106.633,2.133339,-132.732819
106.642,1.020043,-132.732621
106.65,-0.133095,-132.722274
106.658,-0.95118,-132.567322
106.667,-1.397644,-132.544815
106.675,-1.663604,-132.625061
106.683,-1.671188,-132.619995
106.692,-1.537377,-132.720581
106.7,-1.230293,-132.783264
106.708,-0.723213,-132.747253
106.717,0.012375,-132.820023
106.725,1.034409,-132.926804
106.733,2.146713,-133.051696
106.742,3.364319,-133.14325
106.75,4.755936,-133.160614
106.758,6.097725,-133.216156
106.767,7.590492,-133.18074
106.775,8.993713,-133.225754
106.783,10.36206,-133.205307
106.792,11.711067,-133.175461
106.8,13.005806,-133.075347
106.808,14.141625,-133.088928
106.817,15.190948,-132.919647
106.825,15.939445,-132.92012
106.833,16.596321,-132.832062
106.842,17.063461,-132.805801
106.85,17.285789,-132.833755
106.858,17.351677,-132.873672
106.867,17.169861,-132.947479
106.875,16.790878,-132.928452
106.883,16.230713,-132.977539
106.892,15.379936,-133.097977
106.9,14.202377,-133.197205
106.908,12.781288,-133.363937
106.917,11.149918,-133.40065
106.925,9.437691,-133.495178
106.933,7.576919,-133.527145
106.942,5.422798,-133.504044
106.95,3.360794,-133.563217
106.958,1.171768,-133.542297
106.967,-1.369499,-133.703125
106.975,-4.428551,-133.632248
106.983,-7.503593,-133.342209
106.992,-10.583397,-133.323379
107,-13.155686,-132.839081
107.008,-16.284752,-132.333496
107.017,-20.690209,-131.391571
107.025,-25.11261,-130.436737
107.033,-28.581963,-129.552566
107.042,-30.537194,-129.092575
107.05,-30.657882,-129.155014
107.058,-30.802456,-128.923386
107.067,-31.258152,-128.79567
107.075,-32.652393,-128.682785
107.083,-33.963921,-128.37651
107.092,-34.691288,-128.090652
107.1,-34.678696,-127.991531
107.108,-33.991592,-128.184159
107.117,-32.978214,-128.407119
107.125,-31.841942,-128.745529
107.133,-30.677086,-129.159897
107.142,-29.534046,-129.541626
107.15,-28.315193,-129.915451
107.158,-26.757195,-130.162109
107.167,-24.988846,-130.609833
107.175,-22.920372,-131.061386
107.183,-20.948769,-131.442169
107.192,-19.04007,-131.780853
107.2,-17.284164,-132.143006
107.208,-15.564919,-132.425156
107.217,-14.015618,-132.653336
107.225,-12.439667,-132.864411
107.233,-11.050659,-132.965606
107.242,-9.968933,-133.052567
107.25,-9.190315,-133.145523
107.258,-8.643593,-133.167877
107.267,-8.333786,-133.194687
107.275,-8.083962,-133.255645
107.283,-8.298645,-133.198303
107.292,-8.745804,-133.131943
107.3,-9.369561,-133.042846
107.308,-10.203048,-133.021454
107.317,-11.298722,-132.929901
107.325,-12.393539,-132.755386
107.333,-13.656273,-132.591904
107.342,-14.944016,-132.445557
107.35,-16.266541,-132.238694
107.358,-17.802025,-132.003449
107.367,-19.042908,-131.807053
107.375,-20.411278,-131.509857
107.383,-21.641228,-131.327255
107.392,-22.691444,-130.95662
107.4,-23.530151,-130.817536
107.408,-24.327614,-130.723175
107.417,-24.96804,-130.530624
107.425,-25.523552,-130.413926
107.433,-25.827354,-130.32405
107.442,-26.096657,-130.307633
107.45,-26.000885,-130.375626
107.458,-25.85241,-130.459351
107.467,-25.565918,-130.581574
107.475,-25.153916,-130.622253
107.483,-24.66391,-130.742294
107.492,-24.085976,-130.882157
107.5,-23.410324,-131.082351
107.508,-22.478561,-131.193222
107.517,-21.674766,-131.403473
107.525,-20.899276,-131.610183
107.533,-20.197708,-131.720993
107.542,-19.41883,-131.804031
107.55,-18.573448,-131.96872
107.558,-17.915253,-132.043014
107.567,-17.295013,-132.15509
107.575,-16.667763,-132.253586
107.583,-16.259186,-132.377655
107.592,-15.791458,-132.361435
107.6,-15.550979,-132.460968
107.608,-15.347092,-132.47992
107.617,-15.209046,-132.470001
107.625,-15.322487,-132.52356
107.633,-15.577782,-132.519684
107.642,-15.853012,-132.522201
107.65,-16.226403,-132.416565
107.658,-16.597794,-132.277908
107.667,-17.230744,-132.189194
107.675,-17.790176,-132.098999
107.683,-18.40358,-131.974792
107.692,-18.982353,-131.892014
107.7,-19.693138,-131.784027
107.708,-20.213028,-131.559265
107.717,-20.858589,-131.500123
107.725,-21.346115,-131.396286
107.733,-21.747101,-131.325165
107.742,-22.110664,-131.253356
107.75,-22.41713,-131.227951
107.758,-22.654747,-131.139801
107.767,-22.75869,-131.103012
107.775,-22.82132,-131.095794
107.783,-22.844017,-131.144317
107.792,-22.677872,-131.200027
107.8,-22.432495,-131.181992
107.808,-22.110611,-131.283111
107.817,-21.798386,-131.304642
107.825,-21.317428,-131.451446
107.833,-20.899842,-131.544022
107.842,-20.456406,-131.642761
107.85,-19.966919,-131.791076
107.858,-19.5354,-131.792328
107.867,-19.106057,-131.883544
107.875,-18.556099,-131.977417
107.883,-18.17714,-132.017868
107.892,-17.835297,-132.109146
107.9,-17.602798,-132.201981
107.908,-17.337028,-132.151093
107.917,-17.249413,-132.236771
107.925,-17.201554,-132.176148
107.933,-17.155731,-132.193893
107.942,-17.16597,-132.205903
107.95,-17.279503,-132.157348
107.958,-17.515396,-132.177139