-0.0380000000000109,719.695,997.868,657.465,1195.273,696.474,761.508,787.689,765.602,1628.623,2123.242,16.9184974999999,-133.82455725
0.0180000000000291,719.475,997.624,657.465,1195.273,696.798,761.821,788.038,765.622,1628.277,2120.791,17.2199371249999,-134.1172115
0.0619999999998981,717.873,997.624,657.621,1194.585,696.73,762.466,787.804,766.678,1626.582,2127.797,17.1940425555556,-134.150154555556
0.215000000000146,719.517,1001.376,658.575,1196.456,697.348,762.923,788.268,766.734,1626.676,2124.053,17.2019025555555,-134.148337666667
0.269999999999982,720.18,1000.993,658.831,1197.08,697.348,762.923,788.718,767.905,1628.385,2125.52,17.1910564999999,-134.092594125
0.313999999999851,722.864,1002.365,658.831,1197.08,697.557,762.627,789.643,769.155,1632.666,2128.626,17.2263866666673,-134.119587666666
0.36200000000008,722.907,1002.365,659.164,1198.38,698.049,763.742,789.995,770.416,1631.305,2127.391,17.2193842222222,-134.120943
0.521000000000186,724.634,1004.54,660.752,1200.713,698.879,764.543,791.251,770.836,1631.14,2136.51,17.2275164999987,-134.108947999999
0.559999999999945,726.902,1005.571,660.659,1200.876,698.879,764.543,790.905,770.872,1631.924,2132.481,17.2533244444447,-134.093825
0.617999999999938,727.35,1007.894,660.659,1200.876,698.727,764.877,792.26,771.102,1635.956,2135.72,17.214035125,-134.109455
0.666999999999916,732.538,1007.894,661.305,1202.366,699.123,765.223,792.552,772.955,1633.018,2141.238,17.2568659999996,-134.113022
0.815999999999804,734.001,1009.173,662.493,1205.117,700.147,765.981,793.577,775.177,1637.207,2140.519,17.2181167777778,-134.109558666667
0.864000000000033,737.356,1010.108,662.856,1205.623,700.147,765.981,793.901,775.17,1638.025,2144.967,17.1591366666667,-134.116785666667
0.949000000000069,738.664,1012.124,662.856,1205.623,700.155,766.45,794.649,774.823,1639.289,2135.131,17.1986675000001,-134.160968375001
1.02100000000019,738.239,1012.124,663.052,1207.392,700.839,767.077,794.884,776.521,1639.969,2142.568,17.217457,-134.110199
1.125,742.605,1014.391,665.236,1210.077,701.644,767.589,796.454,776.924,1639.314,2137.925,17.234536,-134.114334
1.20600000000013,742.485,1013.339,665.262,1210.93,701.644,767.589,797.221,778.2,1644.03,2139.187,17.2733252500007,-134.149612750001
1.29199999999992,743.023,1014.311,665.262,1210.93,701.445,768.325,797.158,778.628,1645.472,2150.417,17.3163679999996,-134.128799
1.38500000000022,746.57,1014.311,665.564,1210.519,701.857,768.613,797.544,779.454,1643.462,2154.688,17.320259888889,-134.192773222223
1.52500000000009,750.164,1016.916,665.564,1210.519,348.539,769.009,799.581,780.798,1643.773,2144.717,17.358627,-134.225647
1.63099999999986,751.646,1016.916,666.624,1213.765,702.31,769.074,799.99,781.145,1647.482,2155.304,17.4333244999999,-134.15638025
1.74400000000014,754.081,1020.37,667.993,1217.062,703.738,770.14,801.122,783.148,1650.654,2153.674,17.5368120000001,-134.22060375
1.86700000000019,756.17,1020.54,668.397,1217.494,703.738,770.14,801.398,783.287,1650.531,2151.463,17.7595519999993,-134.20665
2.03200000000015,755.927,1019.458,668.333,1216.839,703.762,769.672,801.398,783.287,1651.898,2162.252,17.9362151250001,-134.2213435
2.15000000000009,755.899,1021.212,667.678,1215.166,703.762,769.672,802.454,785.398,1648.406,2154.81,18.2352370000001,-134.329756999999
2.26499999999987,754.619,1020.83,667.678,1215.166,703.184,769.55,801.993,784.833,1647.497,2162.225,18.4949648888892,-134.324673111111
2.42799999999988,746.037,1008.708,667.678,1215.166,675.118,763.635,796.757,780.636,1637.772,2145.481,19.1317716250003,-134.333297625001
2.55799999999999,743.681,1008.708,660.572,1198.676,698.271,762.232,795.452,780.043,1636.182,2133.584,19.5516509999999,-134.361557
2.72699999999986,717.229,979.221,660.572,1198.676,337.7,750.572,782.455,768.394,1607.715,2101.653,19.8614782499992,-134.371791749999
2.85100000000011,708.114,979.221,644.383,1162.104,686.142,745.819,777.712,763.482,1597.874,2092.276,20.3264971250003,-134.4456735
2.97699999999986,686.359,946.212,625.892,1122.047,672.453,728.25,766.229,753.895,1572.674,2050.866,20.5790042499997,-134.792549
3.23399999999992,674.018,927.791,617.005,1103.563,672.453,728.25,758.524,745.996,1560.338,2033.898,21.6067500000003,-134.561947666667
3.44399999999996,551.242,927.791,641.426,987.448,622.57,668.161,696.594,689.813,1432.055,1854.231,22.2179582500001,-134.48662625
3.61200000000008,517.101,766.656,540.023,921.469,596.125,635.025,675.276,670.824,1386.909,1796.972,22.758723666667,-134.466176999999
3.69900000000007,506.593,754.539,533.062,905.094,596.125,635.025,665.477,663.227,1362.65,1763.106,23.0079771250001,-134.480752375
3.82000000000016,470.454,714.231,508.829,849.5,566.098,593.682,665.477,663.227,1315.805,1705.995,23.3280466250003,-134.508022
4.02599999999984,460.671,702.364,502.557,835.516,566.098,593.682,630.973,639.897,1300.335,1690.744,23.9315239999998,-134.465377875
4.17599999999993,418.283,650.893,475.57,775.947,566.098,593.682,572.202,621.776,1220.261,1598.068,24.0604308749995,-134.526823249999
4.279,411.069,644.584,475.57,775.947,534.756,535.96,600.26,619.356,1207.028,1579.937,24.174721,-134.495087
4.37800000000016,404.257,644.584,471.139,768.449,529.067,529.599,594.913,616.949,1195.049,1568.895,24.3792897499984,-134.470606374998
4.52799999999979,371.903,608.423,471.139,768.449,228.923,506.141,555.952,600.503,1129.633,1520.227,22.5827109999989,-134.855907000009
4.63599999999997,365.087,608.423,448.946,734.88,508.069,501.29,549.181,596.845,1119.447,1504.466,24.7628863333326,-134.33934
4.7489999999998,351.054,588.685,440.168,717.363,495.664,488.666,537.618,590.981,1097.556,1484.317,24.2556978750047,-134.421767625002
4.86099999999988,344.486,583.154,437.806,710.977,495.664,488.666,532.631,587.57,1087.601,1482.645,23.4953913333314,-134.547418999999
5.02599999999984,319.536,559.967,427.886,687.758,478.147,470.056,532.631,587.57,1051.908,1431.813,24.8341225000022,-134.391244124999
5.2510000000002,303.994,557.369,429.846,688.988,478.147,470.056,508.859,573.492,1046.297,1427.882,25.8723548750026,-134.365808250002
5.36999999999989,236.529,550.439,432.487,687.507,478.147,470.056,479.935,612.561,1022.768,1404.348,23.630923625004,-134.504304999998
5.56100000000015,236.403,555.276,432.487,687.507,470.217,460.216,487.49,611.28,1018.819,1394.973,24.4792100000028,-134.648681666662
5.73500000000013,325.019,550.25,432.487,687.507,447.396,463.069,492.947,616.472,1023.032,1432.606,23.1623085555553,-134.609171444445
5.90200000000004,320.136,550.25,424.615,686.008,473.356,462.24,491.562,613.638,1019.252,1424.036,25.2141954999991,-134.31026475
6.09799999999996,268.259,544.212,424.615,686.008,196.738,457.139,486.163,611.146,1011.655,1409.182,23.4188934999986,-134.563266750001
6.21099999999979,258.656,544.212,426.819,683.212,467.991,455.509,483.966,608.746,1006.646,1398.522,25.5988993333404,-134.246459999997
6.32499999999982,222.242,528.196,426.819,683.212,181.975,442.87,468.276,596.067,985.217,1369.186,23.0300910000018,-134.624664000001
6.42200000000003,239.054,528.196,429.51,685.558,464.904,453.22,482.423,609.318,1015.826,1404.999,23.4530815000007,-134.5266835
6.52599999999984,331.637,554.939,428.895,702.813,483.328,470.385,494.794,617.566,1030.602,1446.056,25.2546211249995,-134.3423115
6.63400000000001,336.479,550.215,428.504,698.785,483.328,470.385,504.787,625.617,1041.888,1456.468,23.8610842222221,-134.536124222222
6.80000000000018,297.359,546.386,428.504,698.785,478.147,463.771,495.152,617.7,1026.956,1433.737,25.5442890000032,-134.387191999997
6.92000000000007,255.338,538.202,428.504,698.785,440.116,456.526,486.059,610.859,1012.869,1409.98,24.9057301249991,-134.515852374999
7.0329999999999,330.303,538.202,431.354,694.97,472.378,461.15,495.206,622.78,1043.612,1466.807,24.871855999999,-134.426101000001
7.14300000000003,299.732,544.199,425.572,690.559,473.04,458.946,493.24,614.35,1020.944,1414.3,26.4091498749999,-134.310047
7.31800000000021,293.475,546.243,430.682,699.436,473.04,458.946,490.538,614.739,1022.736,1419.453,25.6287470000028,-134.484154249998
7.471,354.505,548.161,423.124,692.204,473.04,458.946,485.961,631.193,1044.446,1449.939,27.5663,-134.2278215
7.53999999999996,330.665,534.098,423.124,692.204,473.135,458.321,488.811,611.755,1010.054,1417.911,27.0136831111115,-134.326092222222
7.60199999999986,328.563,534.098,419.803,678.703,467.944,454.148,485.066,609.428,1009.253,1413.071,26.9166599999996,-134.36431475
7.71199999999999,323.709,531.701,418.016,673.975,465.291,450.808,485.468,609.19,1005.507,1411.956,28.0757495555555,-134.208757111111
7.76699999999983,319.215,525.947,416.167,669.558,465.291,450.808,481.283,605.896,998.159,1400.674,28.351814,-134.160584
7.8119999999999,314.746,523.151,416.167,669.558,462.102,448.463,478.201,602.948,993.541,1389.208,28.2134966666668,-134.279736
7.86099999999988,312.901,523.151,415.586,666.035,459.772,446.242,475.462,601.383,986.545,1378.669,28.1861293333332,-134.276880666667
8.01200000000017,309.81,516.582,410.8,655.659,453.211,440.501,471.909,598.186,979.905,1376.098,29.195110555554,-134.086076555555
8.06100000000015,305.126,513.555,409.282,651.764,453.211,440.501,468.919,595.789,973.292,1364.359,28.9489166666654,-134.216221666668
8.11400000000003,301.933,509.273,409.282,651.764,450.413,438.129,466.209,592.763,967.775,1362.505,28.5970006666666,-134.294753666667
8.16800000000012,297.119,509.273,408.572,648.832,448.359,436.178,463.741,591.995,963.079,1353.088,29.0284692500022,-134.24143825
8.32999999999993,293.418,501.33,403.343,637.452,441.167,429.444,459.076,587.924,954.167,1343.027,29.6415966250007,-134.11592075
8.37899999999991,289.52,496.343,401.025,630.761,441.167,429.444,456.002,584.503,947.214,1331.275,29.2274205000006,-134.185371000001
8.42200000000003,280.539,488.145,401.025,630.761,436.802,425.628,451.059,580.164,936.072,1317.992,29.2922821250002,-134.238199
8.46500000000015,280.086,488.145,398.682,622.595,431.671,420.896,445.62,576.648,926.841,1307.049,29.7122564444461,-134.161294000001
8.63500000000022,292.58,472.749,391.955,605.156,421.429,412.013,437.845,570.013,910.817,1304.527,31.072852888889,-134.143762888889
8.68600000000015,287.096,470.218,390.828,601.326,421.429,412.013,435.183,567.515,907.011,1297.669,31.2636186666678,-134.119012999999
8.73500000000013,275.708,467.405,390.828,601.326,419.08,410.001,433.066,565.779,902.844,1278.229,31.7130847777797,-133.947585777777
8.78400000000011,269.308,467.405,390.215,599.398,417.425,408.182,430.964,564.201,897.388,1274.123,32.3778237777798,-133.893385222221
8.94999999999982,264.712,455.055,384.034,579.919,406.02,397.949,423.291,557.709,881.012,1252.738,33.3500819999996,-133.771637
9.00500000000011,261.422,450.137,382.47,574.024,406.02,397.949,419.53,555.551,874.79,1241.671,33.7897226250016,-133.710006625
9.05999999999995,259.631,446.405,382.47,574.024,402.688,394.11,415.025,556.658,864.534,1230.856,34.6695563333324,-133.514881000001
9.13000000000011,286.895,446.405,380.853,568.771,400.32,394.717,418.019,564.176,881.329,1269.385,35.6903766250005,-133.268711375
9.22400000000016,277.363,438.309,377.952,563.058,395.688,387.829,409.886,553.07,853.833,1231.477,36.0164024999996,-133.204681
9.27799999999979,275.396,437.282,378.447,562.23,395.688,387.829,409.012,553.481,853.179,1233.729,36.3182301249984,-133.155908375
9.33699999999999,275.147,435.778,378.447,562.23,395.363,387.357,408.813,554.208,850.343,1231.154,36.7440362222222,-133.076939666667
9.39199999999983,274.132,435.778,377.863,559.727,393.969,385.837,407.301,552.969,847.973,1226.532,36.9177469999998,-133.1297
9.54300000000012,271.073,431.094,374.984,552.315,389.242,381.293,404.853,551.002,843.005,1220.569,36.2057938750003,-133.271270375
9.59799999999996,265.546,427.086,373.012,545.177,389.242,381.293,402.818,550.222,839.468,1204.805,36.5300394999997,-133.15397325
9.64699999999993,259.944,421.05,373.012,545.177,385.121,377.087,399.196,548.349,826.945,1194.095,36.6057957500001,-133.16528325
9.70100000000002,254.159,421.05,369.587,534.895,379.198,371.799,394.791,542.972,816.498,1177.831,36.1519413749998,-133.30905375
9.82299999999987,243.887,404.403,351.446,505.67,366.478,358.6,386.853,534.702,798.814,1146.437,35.5937867499977,-133.352836250003
9.88500000000022,239.191,400.3,346.311,496.284,366.478,358.6,382.704,531.173,790.897,1132.504,36.2742723333356,-133.258880555556
9.94500000000016,235.916,397.714,346.311,496.284,363.967,355.361,380.042,527.103,786.245,1115.032,37.0051296250025,-133.111350874998
9.99600000000009,232.41,397.714,338.995,464.05,365.254,354.342,381.076,531.617,785.71,1091.831,37.7285575000014,-132.920059
10.1390000000001,223.702,387.324,322.927,425.596,352.02,344.981,375.87,526.782,773.568,1051.91,39.7351176666664,-132.431055666667
10.1950000000002,219.419,383.344,317.949,414.796,352.02,344.981,373.093,523.192,766.896,1034.011,39.3587492499986,-132.526352375003
10.261,214.719,379.332,317.949,414.796,347.811,342.21,370.351,518.613,761.3,1022.852,38.9709063333332,-132.664327
10.308,211.482,379.332,313.903,405.373,343.551,339.214,367.058,514.519,754.618,1003.402,39.5973819999999,-132.564437
10.4349999999999,208.308,370.182,308.444,419.954,350.847,347.436,366.631,502.84,750.02,1014.241,42.1940424444441,-131.605604555555
10.4920000000002,209.104,370.453,309.383,421.379,350.847,347.436,366.786,503.196,750.547,1018.218,42.3185660000003,-131.578781
10.5419999999999,210.528,371.268,309.383,421.379,351.581,348.063,368.015,505.765,752.259,1016.912,42.5257789999995,-131.586166
10.587,210.85,371.268,309.739,422.707,351.511,347.891,368.074,505.883,751.717,1019.622,43.2379334444442,-131.269383333333
10.721,213.778,374.134,313.68,430.39,354.884,351.633,370.622,510.826,758.572,1031.718,44.5764235,-130.904114
10.7649999999999,216.74,375.631,314.541,432.377,354.884,351.633,373.067,515.064,761.862,1027.783,44.3313200000003,-130.998621555556
10.8150000000001,216.624,376.595,314.541,432.377,355.125,351.909,374.101,516.29,762.359,1034.77,44.5031397777785,-130.864527555555
10.8890000000001,216.934,376.595,314.991,433.561,355.009,351.674,374.113,515.918,761.437,1036.452,45.6690856666689,-130.498077333332
11.0160000000001,209.181,367.296,305.872,415.091,347.619,342.8,369.001,506.803,749.609,1018.096,46.0132701111108,-130.353191777778
11.0639999999999,202.871,362.566,299.733,404.282,347.619,342.8,361.365,490.282,734.844,989.178,45.8759816666656,-130.517923999998
11.114,198.155,359.115,299.733,404.282,342.699,339.292,353.621,449.161,725.388,977.835,46.3875943333339,-130.338516
11.1660000000002,198.381,359.115,295.816,397.623,339.932,337.424,350.081,436.118,721.994,973.538,47.1015926666693,-130.04626211111
11.3209999999999,196.364,355.64,291.52,388.009,335.032,332.333,348.17,435.378,716.778,960.547,47.8703465,-129.9086915
11.3690000000001,192.771,353.238,288.133,380.415,335.032,332.333,344.958,427.754,710.88,952.085,48.071559750001,-129.7641415
11.415,188.713,349.684,288.133,380.415,331.571,329.427,341.012,416.272,704.234,940.741,48.6170942222217,-129.460736888889
11.4720000000002,185.528,349.684,284.662,373.242,327.844,326.164,336.228,404.05,692.03,931.288,49.2287922500009,-129.197847125
11.6559999999999,178.156,342.785,274.563,355.005,308.929,306.588,322.867,387.809,674.77,903.143,49.7383194999993,-128.949333500001
11.701,175.226,340.912,272.627,349.777,308.929,306.588,318.68,384.077,666.816,898.783,50.3495865000004,-128.615301125
11.75,173.684,340.111,272.627,349.777,305.417,303.808,316.231,381.814,663.435,887.233,50.833107,-128.494705
11.7910000000002,172.225,340.111,271.084,346.669,302.775,301.662,314.196,378.964,659.873,883.741,50.9537477777778,-128.371222888889
11.922,168.695,335.23,265.965,337.894,295.585,295.486,309.728,374.743,650.941,869.175,51.1099202500001,-128.317977625
11.9639999999999,167.006,334.368,264.843,335.532,295.585,295.486,307.991,372.881,648.644,863.29,51.4573749999995,-128.175399666667
12.018,166.309,333.572,264.843,335.532,293.755,293.904,306.706,371.403,644.21,861.229,51.9778453750002,-127.877399625
12.0610000000001,165.07,333.572,263.831,333.952,292.431,292.858,305.44,370.633,642.283,859.51,52.2004086666671,-127.825745
12.2159999999999,163.578,330.234,260.116,327.763,287.2,287.904,302.41,366.67,636.016,847.086,53.3509344444433,-127.17464688889
12.2629999999999,161.31,328.44,258.315,324.799,287.2,287.904,300.88,365.278,632.088,846.398,53.966928222221,-126.878010111112
12.3200000000002,158.559,327.021,258.315,324.799,284.891,285.768,298.714,362.453,626.608,835.724,54.5703510000025,-126.596050249999
12.366,155.269,327.021,256.45,322.366,282.774,283.568,296.428,360.589,622.94,833.841,54.914443111111,-126.366760555556
12.509,154.688,324.09,252.913,319.815,280.045,280.206,293.815,358.503,617.613,827.212,55.5073211111112,-126.007920555556
12.5630000000001,153.308,323.128,251.68,317.88,280.045,280.206,293.156,357.769,614.256,822.277,55.7570335555559,-125.85384611111
12.614,152.716,321.642,251.68,317.88,278.623,278.785,291.405,355.913,610.608,822.774,56.1270476666668,-125.627146
12.663,151.705,321.642,250.306,315.706,276.729,277.178,289.897,354.356,607.81,813.33,56.4779508888889,-125.484173444444
12.8159999999998,149.737,318.569,245.294,306.248,271.435,273.064,287.042,351.412,602.021,804.762,57.2533256666658,-124.995994
12.864,147.981,316.837,244.332,304.868,271.435,273.064,285.62,350.017,598.692,796.122,57.3888246666668,-124.940139666667
12.9459999999999,147.331,316.662,244.332,304.868,270.255,272.05,284.557,349.196,596.567,793.38,57.8204954999996,-124.6124725
12.9899999999998,147.207,316.662,243.675,303.937,269.495,271.152,283.715,348.027,596.139,791.893,58.1494741111103,-124.556115111111
13.1170000000002,145.18,314.611,240.708,299.66,266.108,260.024,297.409,339.325,601.247,784.831,58.9147570000006,-124.079605
13.163,144.61,312.892,239.329,297.75,266.108,260.024,296.394,337.621,599.885,779.565,59.0541735555556,-123.986796111111
13.212,142.293,311.81,239.329,297.75,264.506,258.36,294.709,336.203,595.281,775.11,59.1478685555555,-123.943064888889
13.2689999999998,140.598,311.81,237.616,295.604,262.761,256.558,292.703,333.866,590.547,771.238,59.2843595000002,-123.796867500001
13.4169999999999,136.739,307.802,232.993,289.52,257.571,251.697,288.555,330.309,582.126,761.025,60.6981659999994,-122.926712
13.4609999999998,135.943,306.534,232.003,288.375,257.571,251.697,287.046,328.552,580.243,757.351,61.0829903333323,-122.642538000001
13.5149999999999,135.025,305.541,232.003,288.375,256.474,250.609,285.745,327.774,577.239,753.328,61.4465451111106,-122.380208111112
13.5639999999999,134.242,305.541,231.244,287.207,255.545,249.819,284.846,324.08,575.13,751.933,61.811932666666,-122.074753000002
13.723,131.921,303.27,228.308,283.553,252.392,246.669,282.326,322.013,570.038,744.333,62.9772757500001,-121.19210775
13.7950000000001,130.518,302.654,227.441,282.217,252.392,246.669,280.864,320.492,567.876,742.458,62.8750134999998,-121.219971125
13.837,131.288,302.15,227.441,282.217,251.391,245.729,279.723,319.599,566.137,742.176,63.1275936666664,-121.053565444445
13.8809999999999,130.305,302.15,226.714,281.277,250.527,244.89,278.734,319.392,563.252,737.089,63.7601412499991,-120.536430750002
14.0160000000001,128.818,299.603,224.727,278.151,247.912,242.496,276.751,316.959,559.537,733.25,65.4901625555571,-119.081630999999
14.0680000000002,127.979,299.139,223.81,276.986,247.912,242.496,275.712,316.107,557.362,729.529,66.5782248750033,-118.175754999995
14.1179999999999,126.801,298.6,223.81,276.986,246.887,241.531,274.44,314.954,555.499,727.858,68.0734562499977,-117.486900250002
14.1660000000002,126.195,298.6,222.975,275.982,246.011,240.708,273.497,314.183,552.945,725.368,69.5058732222239,-114.999009999995
14.3180000000002,125.634,296.978,221.184,273.457,243.847,238.725,271.937,312.602,550.287,722.796,68.7801030000022,-115.481710125006
14.364,124.877,296.457,220.156,272.141,243.847,238.725,270.85,311.759,548.417,717.873,69.0492020000001,-115.294057333333
14.4119999999998,123.378,294.967,220.156,272.141,242.67,237.521,269.466,310.574,545.33,713.571,70.0492308888833,-114.397224222226
14.4609999999998,122.592,294.967,218.907,270.539,241.302,236.254,267.845,309.292,541.716,709.041,70.9599283333334,-113.523635666669
14.6170000000002,119.317,291.77,215.179,265.663,237.034,232.232,264.657,305.948,535.115,703.1,72.342919000005,-111.888442999995
14.665,117.788,290.743,213.998,264.202,237.034,232.232,262.68,304.338,532.586,697.273,73.370987666666,-110.822258666668
14.7139999999999,115.435,289.78,213.998,264.202,235.911,231.233,261.531,303.173,529.215,697.31,74.3265889999983,-109.706761333335
14.759,115.181,289.78,213.357,263.348,235.307,230.651,260.918,302.842,528.48,692.146,74.7333087777776,-109.011674666667
14.9160000000002,113.553,288.19,210.98,260.185,232.467,227.977,258.81,300.855,524.216,688.395,76.416710666667,-107.015224888889
14.9630000000002,112.101,287.146,209.798,258.641,232.467,227.977,257.485,299.608,520.794,683.48,76.376245333332,-106.958702777779
15.0140000000001,110.001,286.04,209.798,258.641,231.129,226.734,255.715,298.022,517.627,680.095,76.2985409999968,-106.815297666668
15.0619999999999,107.29,286.04,208.019,256.265,229.071,224.649,253.047,295.3,512.141,671.932,76.5757097777767,-106.32067388889
15.221,101.663,278.607,200.007,246.032,220.421,216.525,245.161,288.933,497.003,653.071,78.28525125,-104.443132125
22.1619999999998,61.499,193.782,157.208,177.546,156.015,166.896,163.922,210.639,376.626,627.254,-8.62127449999389,-280.110298249972
22.2130000000002,61.686,192.531,157.208,177.546,155.574,166.484,163.576,210.22,375.033,627.278,-9.25983275000181,-281.401038124983
22.2600000000002,63.393,192.531,156.907,177.291,155.461,166.253,163.375,209.707,375.248,623.11,-9.84830799998599,-282.590543499988
22.413,63.423,192.151,156.551,176.876,154.978,165.818,163.03,208.807,376.003,621.029,-11.7639827499952,-286.462763124975
22.4899999999998,64.151,192.033,156.454,176.753,154.978,165.818,162.919,208.597,373.543,627.327,-12.72808049999,-288.411527249977
22.5120000000002,62.133,191.742,156.454,176.753,154.833,165.704,162.825,208.772,373.009,620.379,-13.0035369999969,-288.968316999977
22.5610000000001,62.54,191.742,156.175,176.401,154.586,165.391,162.527,208.208,370.861,623.298,-13.6170537499856,-290.20843962497
22.712,67.409,189.485,154.803,175.522,153.517,164.289,162.026,207.451,370.94,617.771,-15.5076869999903,-294.030041999969
22.7629999999999,65.453,190.953,154.383,175.112,153.517,164.289,161.501,206.496,368.941,610.033,-16.1462452499982,-295.320781874965
22.8180000000002,66.328,190.146,154.383,175.112,153.329,163.818,161.237,206.229,369.804,616.043,-16.8348865000007,-296.712756249981
22.8620000000001,63.77,190.146,154.781,174.885,152.884,163.748,160.964,205.538,369.19,607.728,-17.3857994999998,-297.826335749982
23.0120000000002,62.027,188.927,153.42,173.606,151.842,162.611,160.369,204.904,366.328,603.521,-19.2639119999949,-301.62262949998
23.0610000000001,58.778,189.26,153.309,173.39,151.842,162.611,159.887,204.515,366.019,608.039,-19.8774287499837,-302.862752124973
23.1170000000002,61.278,188.044,153.309,173.39,151.686,162.436,159.792,203.963,365.345,602.215,-20.5785907499958,-304.280035124975
23.1640000000002,59.885,188.044,153.089,173.055,151.46,162.229,159.504,204.493,365.107,614.396,-21.16706599998,-305.46954049998
23.3130000000001,59.918,188.004,152.278,172.181,150.735,161.253,158.963,202.992,362.787,602.937,-23.0326577499945,-309.240525624977
23.3609999999999,59.702,187.542,152.169,171.906,150.735,161.253,158.746,202.874,363.018,601.133,-23.6336537499883,-310.455339624968
23.4200000000001,57.737,188.82,152.169,171.906,150.531,161.132,158.549,202.328,362.495,599.138,-24.3723779999855,-311.94854849996
23.4659999999999,59.335,188.82,151.91,171.436,150.041,160.562,157.995,201.319,360.283,592.826,-24.9483324999892,-313.112745249979
23.6109999999999,59.22,185.251,148.967,167.949,147.034,157.094,156.017,199.724,354.679,588.38,-26.7638412499946,-316.782495874955
23.6590000000001,56.008,183.887,148.028,166.921,147.034,157.094,154.894,197.512,352.713,586.362,-27.3648372499883,-317.997309874976
23.7150000000001,56.176,183.001,148.028,166.921,146.112,156.217,154.231,197.096,350.607,578.418,-28.0659992499859,-319.414592874979
23.7600000000002,54.959,183.001,147.479,166.297,145.628,155.691,153.785,196.361,349.663,581.963,-28.6294329999946,-320.553480999981
23.9140000000002,56.149,182.79,147.082,165.949,145.279,155.239,153.542,196.261,348.472,583.455,-30.5576284999988,-324.451009249984
24.0050000000001,52.549,182.67,146.785,165.42,145.279,155.239,153.368,196.092,348.411,582.633,-31.6970167499821,-326.754094124961
24.0430000000001,52.614,182.998,146.785,165.42,144.834,154.824,152.875,195.142,346.191,578.162,-32.1728052499966,-327.715821874968
24.0880000000002,52.292,182.998,146.154,164.726,144.268,154.078,152.224,194.321,345.056,569.954,-32.7362389999907,-328.854709999971
24.212,56.218,180.397,144.514,162.914,142.802,152.392,151.11,193.359,342.195,566.209,-34.2888119999989,-331.992979499963
24.259,55.268,180.12,144.271,162.692,142.802,152.392,150.811,192.302,342.44,569.99,-34.8772872499976,-333.182484874967
24.3110000000001,48.096,179.638,144.271,162.692,142.569,152.066,150.583,191.98,341.193,563.831,-35.5283662500005,-334.498533374979
24.3609999999999,47.242,179.638,144.081,162.43,142.395,151.885,150.401,191.852,340.404,568.787,-36.1544037499843,-335.763964624974
24.5129999999999,36.601,177.776,142.712,160.803,140.943,150.31,149.464,190.371,337.269,561.392,-38.057557749984,-339.610875624974
24.5630000000001,25.092,178.808,142.375,160.391,140.943,150.31,148.977,189.939,337.025,562.525,-38.6835952499969,-340.876306874969
24.6179999999999,12.454,178.442,142.375,160.391,140.641,150.03,148.734,189.426,336.524,557.271,-39.3722364999994,-342.268281249955
24.6610000000001,6.796,178.442,142.126,160.242,140.542,149.705,148.61,189.689,335.635,558.755,-39.910628749989,-343.356552124969
24.8159999999998,-25.425,177.048,142.039,160.049,140.351,149.552,148.615,189.362,334.786,566.079,-41.8513449999882,-347.279388999959
24.8679999999999,-52.837,177.83,141.947,159.947,140.351,149.552,148.476,189.582,335.484,553.521,-42.5024239999766,-348.595437499971
24.9140000000002,-60.563,177.288,141.947,159.947,140.228,149.456,148.408,189.278,333.23,552.558,-43.0783784999949,-349.75963424996
24.9650000000001,-22.497,177.288,141.892,159.822,140.2,149.432,148.349,189.126,334.224,557.184,-43.7169367499882,-351.05037412497
25.1190000000001,-7.589,177.69,141.736,159.611,140.039,149.16,148.28,189.278,334.501,556.791,-45.6451322499925,-354.947902374959
25.1959999999999,-3.922,177.014,141.72,159.516,140.039,149.16,148.131,188.656,334.139,554.483,-46.6092299999873,-356.896666499961
25.2130000000002,21.315,177.834,141.72,159.516,140.007,149.188,148.126,188.797,335.005,556.04,-46.8220827499899,-357.326913124969
25.2600000000002,40.181,177.834,141.579,159.367,139.957,149.075,148.052,188.632,334.207,556.562,-47.4105579999887,-358.516418499974
25.415,46.268,176.632,141.428,159.135,139.713,148.795,147.871,188.286,333.858,555.608,-49.3512742499879,-362.439255374949
25.4609999999998,48.112,176.636,141.15,158.772,139.713,148.795,147.78,188.848,333.763,558.079,-49.9272287499771,-363.603452124953
25.5129999999999,49.153,176.842,141.15,158.772,139.473,148.52,147.435,188.091,332.08,559.767,-50.57830774998,-364.919500624965
25.5590000000002,50.585,176.842,140.758,158.24,138.971,147.9,146.874,186.887,330.654,553.408,-51.1542622499983,-366.083697374968
25.7130000000002,50.034,173.103,138.372,155.239,136.349,145.143,145.073,185.157,325.273,545.43,-53.082457749988,-369.981225624942
25.759,47.556,172.71,137.759,154.615,136.349,145.143,144.196,184.5,324.973,540.437,-53.6584122499917,-371.145422374975
25.8110000000001,47.811,172.104,137.759,154.615,135.863,144.56,143.859,184.053,322.034,535.444,-54.3094912499946,-372.461470874958
25.8629999999998,49.218,172.104,137.455,154.352,135.752,144.313,143.684,183.728,322.655,541.141,-54.960570249983,-373.77751937494
26.0120000000002,48.914,172.797,137.149,154.041,135.384,143.936,143.535,183.87,321.934,537.494,-56.8261619999976,-377.548504499951
26.0590000000002,47.396,171.168,136.707,153.31,135.384,143.936,143.208,182.953,320.104,541.217,-57.4146372499963,-378.738009874971
26.1149999999998,47.484,170.069,136.707,153.31,134.796,143.285,142.559,182.153,319.496,534.226,-58.1157992499939,-380.155292874959
26.1619999999998,45.663,170.069,135.971,152.533,134.074,142.466,141.827,181.14,316.872,528.42,-58.7042744999926,-381.344798249949
26.3139999999999,41.597,169.735,134.348,150.745,132.682,140.751,140.741,180.204,315.049,527.097,-60.6074284999777,-385.19170924995
26.3600000000001,43.146,168.982,134.079,150.564,132.682,140.751,140.463,180.163,313.907,529.505,-61.183382999996,-386.355905999982
26.413,44.502,168.295,134.079,150.564,132.505,140.573,140.285,180.562,312.385,517.91,-61.8469827499794,-387.697263124981
26.4609999999998,42.682,168.295,133.914,150.342,132.359,140.447,140.191,179.553,311.911,526.259,-62.4479787499877,-388.912077124958
26.6149999999998,40.635,168.882,133.343,149.598,131.789,139.714,139.759,179.221,310.586,520.41,-64.3761742499773,-392.809605374961
26.6610000000001,42.397,167.999,133.071,149.316,131.789,139.714,139.496,178.816,310.847,519.554,-64.9521287499811,-393.973802124965
26.7159999999999,41.373,168.029,133.071,149.316,131.555,139.529,139.272,178.733,309.375,520.708,-65.6407699999836,-395.365776499966
26.759,42.928,168.029,132.816,148.954,131.243,139.163,138.972,178.175,309.652,517.906,-66.1791622499877,-396.454047374951
26.9169999999999,39.836,166.987,131.826,147.73,130.344,138.089,138.281,177.891,307.437,516.75,-68.157440749972,-400.45281012496
26.96,39.534,166.251,131.504,147.447,130.344,138.089,137.945,177.709,306.663,508.167,-68.6958329999907,-401.541080999974
27.011,38.67,166.334,131.504,147.447,130.065,137.794,137.633,177.243,305.659,510.001,-69.334391249984,-402.831820874941
27.0599999999999,36.675,166.334,131.261,147.138,129.824,137.493,137.447,177.495,305.802,511.273,-69.9479079999728,-404.071943499963
27.2139999999999,37.73,165.321,130.641,146.357,129.245,136.806,137.099,177.106,304.479,511.083,-71.876103499977,-407.969471749966
27.259,37.369,165.487,130.362,145.922,129.245,136.806,136.694,176.394,303.325,509.069,-72.4395372499857,-409.108359874983
27.3139999999999,35.895,165.621,130.362,145.922,128.93,136.403,136.393,175.858,303.241,505.288,-73.1281784999883,-410.500334249955
27.3609999999999,35.877,165.621,129.981,145.489,128.52,135.898,135.948,174.856,300.965,504.351,-73.716653749987,-411.689839624945
27.5140000000001,33.994,163.044,128.721,144.14,127.598,134.712,135.021,174.896,299.997,500.471,-75.6323284999817,-415.562059249962
27.5619999999999,31.279,164.266,128.528,144.074,127.598,134.712,134.96,173.941,299.212,496.774,-76.2333244999754,-416.776873249939
27.614,35.192,164.393,128.528,144.074,127.65,134.682,134.899,174.424,298.721,506.208,-76.8844034999929,-418.09292174998
27.6619999999998,35.213,164.393,128.541,144.175,127.72,134.732,135.084,174.265,298.802,507.992,-77.4853994999867,-419.307735749957
27.8130000000001,34.233,164.554,128.795,144.684,128.237,135.181,135.223,175.031,299.623,509.956,-79.3760327499767,-423.129338124971
27.8600000000001,33.483,165.663,129.119,145.176,128.237,135.181,135.625,175.037,300.731,503.775,-79.96450799999,-424.318843499961
27.9140000000002,35.2,165.531,129.119,145.176,128.759,135.618,135.813,175.403,302.441,506.74,-80.6406284999975,-425.685509249946
27.9659999999999,36.119,165.531,129.416,145.609,129.34,136.122,136.142,175.603,302.231,503.947,-81.2917074999859,-427.001557749929
28.1129999999998,36.784,167.377,130.413,146.578,130.424,137.16,136.898,176.862,304.754,509.538,-83.1322577499814,-430.721925624937
28.1599999999999,36.807,166.274,130.494,146.702,130.424,137.16,137.104,176.906,303.913,508.256,-83.7207329999801,-431.911430999957
28.212,36.9,167.65,130.494,146.702,130.517,137.297,137.211,176.651,304.495,512.33,-84.3718119999976,-433.227479499939
28.261,35.25,167.65,130.622,146.821,130.661,137.422,137.38,176.556,305.167,515.014,-84.9853287499864,-434.467602124962
28.4209999999998,35.807,167.755,132.029,148.643,132.83,140.005,138.779,178.158,306.717,512.762,-86.9886487499753,-438.516982124944
28.4589999999998,39.381,169.592,132.917,149.665,132.83,140.005,139.686,178.846,308.682,515.718,-87.4644372499752,-439.478709874937
28.5129999999999,41.348,170.886,132.917,149.665,133.887,141.253,141.123,179.605,311.107,520.823,-88.1405577499827,-440.845375624951
28.5590000000002,41.516,170.886,133.368,150.093,134.381,141.926,141.629,179.963,312.213,523.911,-88.7165122499864,-442.009572374955
28.7159999999999,35.547,167.863,131.24,150.155,134.012,141.433,142.609,181.032,313.021,521.088,-90.6822699999902,-445.983026499976
28.761,37.227,166.973,131.206,150.235,134.012,141.433,142.689,180.482,313.176,514.582,-91.2457037499989,-447.121914624935
28.817,35.959,168.243,131.206,150.235,134.127,141.572,142.789,180.485,315.086,517.476,-91.946865749982,-448.539197624952
28.8609999999999,37.511,168.243,131.482,150.729,134.505,142.064,143.27,181.601,316.216,524.031,-92.4977787499956,-449.652777124953
29.0189999999998,41.494,170.263,133.478,153.953,136.675,144.412,144.598,183.482,319.544,519.284,-94.4760572499945,-453.651539874932
29.0599999999999,40.565,171.442,134.192,155.14,136.675,144.412,145.108,184.884,319.174,526.66,-94.989407999994,-454.689193499944
29.1129999999998,42.995,172.143,134.192,155.14,137.413,145.2,145.783,185.219,321.243,521.56,-95.653007749992,-456.030550624942
29.165,42.9,172.143,134.496,155.609,137.739,145.61,146.081,185.066,321.776,528.631,-96.3040867499658,-457.346599124954
29.3110000000001,39.87,172.027,134.604,155.843,137.934,145.811,146.121,185.794,321.704,520.759,-98.1321162499953,-461.041658374947
29.3609999999999,42.769,173.052,134.975,156.671,137.934,145.811,146.29,186.134,322.428,526.585,-98.7581537499791,-462.307089624926
29.415,42.54,174.861,134.975,156.671,138.402,146.407,146.853,186.473,323.481,534.194,-99.4342742499721,-463.673755374941
29.462,44.133,174.861,135.948,158.349,139.376,147.563,147.625,187.872,325.017,525.922,-100.022749499971,-464.86326074996
29.6120000000001,55.209,182.627,140.845,170.343,143.719,152.762,149.911,190.639,328.946,529.159,-101.90086199998,-468.659554499958
29.6590000000001,57.221,182.965,141.436,172.099,143.719,152.762,150.144,190.842,327.885,528.526,-102.489337250008,-469.849059874949
29.7130000000002,57.023,184.23,141.436,172.099,144.247,153.387,150.36,191.228,328.517,528.712,-103.165457749972,-471.215725624934
29.7640000000001,55.115,184.23,141.103,170.92,143.982,153.053,150.58,191.079,328.942,533.621,-103.80401599998,-472.506465499959
29.9169999999999,57.926,184.22,141.551,173.033,144.843,154.493,150.726,191.362,330.647,532.643,-105.719690749975,-476.378685124946
29.9650000000001,61.083,188.021,143.171,179.697,144.843,154.493,151.522,192.718,330.728,533.243,-106.320686749998,-477.593499124952
30.0129999999999,68.032,194.43,143.171,179.697,146.437,157.425,153.305,194.012,334.108,529.91,-106.921682749991,-478.808313124959
30.0619999999999,76.187,194.43,143.464,184.548,148.38,160.884,155.994,196.78,337.683,524.034,-107.53519949998,-480.048435749952
30.2190000000001,79.046,197.669,144.912,187.225,150.615,163.418,157.771,199.162,340.127,525.579,-109.500957249984,-484.021889874974
30.259,76.051,196.44,144.781,187.013,150.615,163.418,157.743,198.624,339.417,520.124,-110.001787249988,-485.03423487494
30.3099999999999,76.792,196.436,144.781,187.013,150.41,163.249,157.584,197.967,339.092,525.842,-110.640345499967,-486.324974749936
30.366,79.032,196.436,144.766,187.06,150.527,163.448,157.729,199.163,341.06,521.326,-111.341507499979,-487.742257749924
30.5169999999998,83.523,200.16,147.191,192.285,154.046,167.413,160.195,201.608,345.88,531.476,-113.232140749984,-491.563860124937
30.5799999999999,85.229,202.843,148.576,193.724,154.046,167.413,162.196,204.443,347.629,535.216,-114.020947999961,-493.158303499949
30.6149999999998,86.297,203.813,148.576,193.724,155.631,168.805,164.093,205.426,350.744,537.986,-114.459174249962,-494.044105374924
30.6610000000001,88.269,203.813,149.484,194.831,156.386,169.475,164.896,205.899,354.119,543.749,-115.035128749994,-495.208302124956
30.8139999999999,89.691,202.154,150.034,194.018,156.872,170.283,165.159,205.57,353.796,545.921,-116.950803499989,-499.080521749915
30.8609999999999,86.333,203.436,150.1,194.385,156.872,170.283,165.035,206.377,354.658,545.03,-117.539278749988,-500.270027124934
30.915,87.588,205.072,150.1,194.385,157.062,170.524,165.525,206.549,355.341,539.983,-118.215399249981,-501.636692874948
30.962,89.87,205.072,150.638,195.851,157.856,171.284,166.998,208.605,356.494,548.462,-118.803874500009,-502.826198249939
31.1129999999998,92.355,207.395,153.323,199.367,161.197,174.936,169.504,211.726,362.502,554.074,-120.694507749984,-506.647800624924
31.1590000000001,92.253,208.981,153.882,200.093,161.197,174.936,170.374,212.376,364.413,546.487,-121.270462249988,-507.811997374956
31.2179999999998,94.421,209.246,153.882,200.093,161.671,175.342,171.182,214.338,366.024,557.953,-122.009186499956,-509.305206249963
31.2600000000002,92.503,209.246,154.447,200.788,162.421,176.287,171.98,214.508,369.226,561.081,-122.535057999979,-510.368168499932
31.4160000000002,94.374,211.902,156.354,203.533,164.317,177.883,173.79,218.06,372.309,560.835,-124.488294999959,-514.316313999938
31.46,95.835,212.595,156.77,204.119,164.317,177.883,174.669,220.132,372.957,570.943,-125.039207999973,-515.429893499939
31.5129999999999,97.468,213.251,156.77,204.119,164.805,178.48,175.261,221.012,375.204,565.889,-125.702807749971,-516.771250624937
31.5630000000001,96.953,213.251,157.082,204.358,165.16,179.015,175.283,220.783,376.272,568.448,-126.328845249984,-518.036681874946
31.7109999999998,98.272,215.178,157.983,205.122,166.29,180.823,175.696,220.132,377.559,575.441,-128.181916249974,-521.782358374941
31.761,99.322,214.24,158.426,206.023,166.29,180.823,176.122,220.998,378.556,568.493,-128.807953749987,-523.047789624921
31.817,100.806,216.014,158.426,206.023,166.938,181.583,176.956,221.623,380.02,568.631,-129.50911574997,-524.465072624938
31.864,100.176,216.014,158.919,206.542,167.582,182.315,177.48,221.913,381.565,567.467,-130.097590999998,-525.654577999929
32.0129999999999,99.289,215.991,160.167,207.515,168.621,183.95,178.079,223.031,383.108,575.707,-131.963182749954,-529.42556312494
32.0599999999999,103.202,216.418,160.506,207.968,168.621,183.95,178.473,224,386.036,580.468,-132.551657999982,-530.61506849993
32.1129999999998,102.104,216.487,160.506,207.968,168.988,184.248,178.89,224.767,386.892,585.935,-133.21525774998,-531.956425624929
32.1619999999998,101.446,216.487,160.733,208.471,169.368,184.45,179.414,224.871,386.946,587.355,-133.828774499969,-533.196548249922
32.3139999999999,102.101,219.869,162.279,210.978,171.351,186.849,180.927,227.967,388.567,592.462,-135.731928499998,-537.043459249951
32.3609999999999,105.026,219.328,162.916,211.861,171.351,186.849,181.82,228.659,392.772,592.954,-136.320403749967,-538.232964624942
32.4140000000002,104.926,220.081,162.916,211.861,172.058,187.623,182.641,229.139,395.404,596.224,-136.984003499994,-539.57432174994
32.46,107.287,220.081,163.48,212.69,172.67,188.373,183.475,231.275,396.899,592.575,-137.559957999998,-540.738518499915
32.6120000000001,109.962,223.407,165.162,214.902,174.685,190.761,184.92,234.333,399.153,601.971,-139.463111999998,-544.585429499944
32.6610000000001,109.017,223.383,165.683,215.575,174.685,190.761,185.523,233.573,402.648,597.181,-140.076628749957,-545.825552124938
32.7130000000002,109.888,224.081,165.683,215.575,175.123,191.295,186.149,234.896,402.643,604.039,-140.727707749989,-547.141600624949
32.7620000000002,108.357,224.081,166.184,216.243,175.794,191.994,186.767,236.542,404.35,607.552,-141.341224499978,-548.381723249942
32.9119999999998,110.571,225.975,167.857,218.752,177.564,194.037,188.209,239.485,408.127,614.791,-143.219336999988,-552.17801699994
32.9589999999998,111.161,227.135,168.769,218.571,177.564,194.037,188.982,241.144,410.045,618.556,-143.807812249986,-553.367522374931
33.018,114,227.094,168.769,218.571,179.183,196.262,188.65,235.947,411.054,623.084,-144.546536499984,-554.860731249937
33.0599999999999,113.878,227.094,169.453,218.96,178.872,196.402,189,238.685,414.054,615.333,-145.072407999978,-555.923693499935
33.212,114.532,229.205,171.117,221.452,181.098,198.812,190.664,241.797,416.21,622.93,-146.975561999978,-559.770604499936
33.261,116.386,230.476,172.039,222.232,181.098,198.812,191.601,242.992,419.363,632.04,-147.589078749967,-561.010727124929
33.3119999999999,118.69,232.094,172.039,222.232,181.968,200.005,192.285,242.985,423.161,637.1,-148.227636999974,-562.301466999925
33.3670000000002,119.035,232.094,172.945,223.459,182.93,201.266,193.514,246.586,424.287,638.762,-148.916278249992,-563.693441374926
33.511,122.877,238.172,176.718,229.206,187.389,206.171,196.996,253.675,434.141,655.646,-150.719266249973,-567.337883374945
33.5610000000001,128.32,238.9,178.242,231.05,187.389,206.171,199.015,256.074,438.221,649.982,-151.345303749986,-568.603314624954
33.6149999999998,128.506,240.63,178.242,231.05,189.031,207.894,200.83,261.526,442.199,661.013,-152.021424249979,-569.969980374939
33.6619999999998,130.781,240.63,179.7,233.289,190.542,209.423,202.991,266.522,446.491,678.43,-152.609899499977,-571.159485749929
33.8159999999998,134.543,246.209,184.504,240.137,195.346,214.369,207.098,280.232,455.598,689.646,-154.538094999967,-575.057013999933
33.8600000000001,136.282,248.611,187.255,240.264,195.346,214.369,209.25,286.921,460.842,691.534,-155.089007999981,-576.170593499934
33.9140000000002,138.097,249.258,187.255,240.264,197.024,215.905,205.463,265.529,465.281,710.494,-155.765128499974,-577.537259249948
33.962,142.333,249.258,189.95,242.101,198.324,218.295,208.287,270.345,470.178,708.145,-156.366124499968,-578.752073249925
34.1149999999998,144.567,253.614,194.652,247.354,204.136,225.587,211.752,277.073,479.044,721.951,-158.281799249962,-582.624292874942
34.1669999999999,144.839,254.825,196.194,249.876,204.136,225.587,215.916,285.888,483.63,727.004,-158.932878249965,-583.940341374924
34.2109999999998,145.814,256.748,196.194,249.876,206.689,228.79,220.186,296.543,490.094,731.552,-159.48379124995,-585.053920874925
34.2640000000001,149.801,256.748,198.297,252.731,207.148,227.286,217.595,286.499,495.155,740.137,-160.147390999977,-586.395277999924
34.4110000000001,151.594,262.632,203.122,259.008,212.907,235.416,223.486,298.747,504.226,757.505,-161.987941250001,-590.115645874932
34.46,152.644,264.474,204.557,261.076,212.907,235.416,224.96,300.21,508.997,758.25,-162.60145799999,-591.355768499925
34.518,156.172,265.883,204.557,261.076,214.942,237.75,227.532,305.226,514.744,762.743,-163.327661499963,-592.823668749916
34.5599999999999,159.118,265.883,206.562,263.714,216.984,240.137,229.68,306.928,522.201,776.067,-163.853532999958,-593.886630999943
34.7130000000002,164.707,274.362,214.704,272.958,225.375,249.602,236.353,319.477,537.433,812.623,-165.769207749981,-597.75885062493
34.7840000000001,169.101,275.436,217.134,275.409,225.375,249.602,238.659,323.254,543.638,809.922,-166.658181000006,-599.555762999924
34.8139999999999,171.85,278.298,217.134,275.409,227.806,252.103,240.622,325.571,549.252,830.094,-167.033803499973,-600.315021749906
34.8620000000001,176.228,278.298,219.2,277.3,229.937,254.326,242.85,329.357,555.419,840.809,-167.634799499967,-601.529835749941
35.0120000000002,181.035,286.003,222.89,283.365,236.31,261.011,247.799,336.581,565.259,858.111,-169.512911999976,-605.326129499939
35.0630000000001,178.742,288.084,223.788,284.5,236.31,261.011,249.14,339.622,570.413,870.407,-170.151470249984,-606.616869374935
35.1170000000002,182.215,288.128,223.788,284.5,237.565,262.421,250.591,342.302,573.718,867.633,-170.827590749977,-607.98353512492
35.1590000000001,182.031,288.128,224.872,285.681,238.954,263.998,252.063,344.122,576.377,864.455,-171.353462249972,-609.046497374919
35.3110000000001,184.307,294.104,228.738,290.619,243.826,269.989,255.858,351.684,582.281,878.212,-173.256616249972,-612.893408374948
35.3609999999999,187.892,295.092,230.537,293.211,243.826,269.989,258.803,357.252,591.562,896.979,-173.882653749955,-614.158839624928
35.4110000000001,190.196,295.7,230.537,293.211,246.217,272.582,262.14,365.082,596.018,900.806,-174.508691249968,-615.424270874937
35.462,190.199,295.7,232.173,294.685,247.311,273.421,262.106,362.187,598.177,913.683,-175.147249499976,-616.715010749933
35.6149999999998,191.709,298.975,235.608,298.32,250.727,276.996,264.685,368.11,603.202,905.99,-177.062924249971,-620.58723037492
35.6590000000001,192.517,301.547,237.101,300.346,250.727,276.996,266.397,370.871,606.552,915.629,-177.613837249984,-621.700809874921
35.7159999999999,193.754,300.921,237.101,300.346,252.582,279.008,268.313,372.596,613.494,930.529,-178.327519999992,-623.143401499954
35.761,198.115,300.921,238.6,302.25,254.367,280.765,270.591,377.004,618.189,932.256,-178.890953749971,-624.282289624913
35.9110000000001,202.681,308.667,246.581,312.736,264.087,291.05,277.649,389.254,632.82,953.932,-180.769066249981,-628.078583374911
35.9589999999998,209.359,315.688,251.144,319.09,264.087,291.05,281.942,396.664,643.428,977.674,-181.370062249975,-629.293397374917
36.0160000000001,215.511,316.735,251.144,319.09,269.463,296.437,287.831,406.088,656.006,993.318,-182.083744999982,-630.73598899995
36.0630000000001,210.88,316.735,253.419,320.631,270.71,296.612,287.604,402.186,653.031,986.72,-182.67222024998,-631.92549437494
36.2109999999998,212.302,316.144,253.967,320.088,270.327,296.463,286.824,401.43,650.481,1000.387,-184.525291249971,-635.671170874964
36.2620000000002,213.01,314.893,253.381,319.311,270.327,296.463,287.404,402.726,652.407,992.375,-185.163849499979,-636.96191074996
36.3110000000001,210.443,315.441,253.381,319.311,269.361,295.471,286.315,401.61,650.595,987.087,-185.777366249997,-638.202033374924
36.3609999999999,211.095,315.441,252.714,318.569,268.91,294.862,286.038,400.585,651.643,963.856,-186.40340374998,-639.467464624904
36.5140000000001,210.178,314.5,253.387,319.299,269.406,295.521,286.877,401.817,651.958,1005.424,-188.319078499975,-643.339684249891
36.5610000000001,210.087,315.666,253.216,319.095,269.406,295.521,286.586,402.195,651.175,975.496,-188.907553749974,-644.529189624882
36.6129999999998,211.487,314.491,253.216,319.095,269.178,295.329,286.472,401.884,651.316,996.25,-189.558632749977,-645.845238124894
36.6579999999999,210.842,314.491,253.214,318.721,268.947,294.837,286.053,400.932,650.192,990.668,-190.122066499986,-646.98412624991
36.8150000000001,208.021,310.309,249.862,313.612,263.34,287.617,281.475,393.114,640.466,979.488,-192.087824249989,-650.957580374961
36.8609999999999,202.605,307.24,247.275,308.859,263.34,287.617,276.844,383.521,632.015,958.243,-192.663778749964,-652.121777124936
36.9140000000002,189.3,298.975,247.275,308.859,258.995,282.281,271.138,374.522,621.833,955.567,-193.327378499962,-653.463134249905
36.9609999999998,179.644,298.975,245.794,303.106,254.215,276.715,266.147,366.279,610.922,935.906,-193.915853749961,-654.652639624896
37.1109999999999,175.4,287.38,239.018,292.599,245.529,268.208,259.074,355.039,595.717,911.21,-195.79396624997,-658.448933374952
37.163,167.946,279.836,237.873,288.664,245.529,268.208,257.319,353.821,590.599,922.598,-196.445045249973,-659.764981874905
37.2159999999999,160.715,276.587,237.873,288.664,246.095,268.793,257.229,354.516,586.737,913.947,-197.108644999971,-661.106338999933
37.2629999999999,153.467,276.587,235.849,285.835,243.584,265.586,253.633,347.095,578.367,908.605,-197.69712024997,-662.295844374923
37.4110000000001,146.024,265.879,229.553,276.245,237.308,258.878,248.657,339.625,567.486,900.562,-199.550191249989,-666.041520874889
37.4589999999998,143.35,264.767,227.918,274.082,237.308,258.878,246.54,337.169,564.257,890.549,-200.151187249983,-667.256334874954
37.5129999999999,139.898,262.439,227.918,274.082,235.488,256.975,244.647,332.61,558.709,883.946,-200.827307749976,-668.623000624939
37.5619999999999,139.667,262.439,226.484,272.242,233.87,255.078,242.706,329.483,556.674,868.747,-201.440824499994,-669.863123249961
37.712,134.048,256.9,221.1,264.874,227.784,248.369,238.595,324.579,544.308,865.234,-203.318936999975,-673.659416999901
37.759,130.593,254.042,218.616,261.486,227.784,248.369,235.906,319.883,539.296,849.85,-203.907412249973,-674.848922374891
37.817,128.739,253.481,218.616,261.486,225.034,245.339,233.069,314.906,531.773,842.978,-204.633615749975,-676.31682262494
37.8609999999999,127.189,253.481,216.28,259.512,221.853,242.813,230.788,311.767,529.309,822.854,-205.184528749989,-677.430402124883
38.0140000000001,122.585,249.068,212.722,254.652,218.334,238.55,227.23,302.826,520.368,827.737,-207.100203499955,-681.302621749928
38.0630000000001,119.625,248.271,211.914,253.503,218.334,238.55,226.587,301.84,519.482,820.492,-207.713720249973,-682.54274437495
38.1179999999999,115.922,245.955,211.914,253.503,217.398,237.246,225.317,299.546,515.483,825.023,-208.40236149999,-683.934718749952
38.1599999999999,116.299,245.955,210.712,251.867,216.161,235.905,223.83,295.821,512.671,815.009,-208.928232999984,-684.997680999921
38.3110000000001,114.987,241.969,206.827,246.566,211.94,230.853,221.011,292.313,506.197,808.947,-210.81886624996,-688.819283374876
38.3600000000001,111.936,240.92,205.173,244.336,211.94,230.853,219.188,289.508,502.586,797.275,-211.432382999978,-690.059405999898
38.4169999999999,108.536,239.74,205.173,244.336,209.93,228.195,217.322,286.706,498.899,794.862,-212.146065749985,-691.501997624873
38.4589999999998,105.829,239.74,203.874,242.458,208.802,226.915,216.063,284.928,493.88,784.19,-212.671937249979,-692.564959874901
38.6170000000002,103.594,234.345,198.737,238.422,204.808,223.212,212.499,278.194,485.154,772.018,-214.650215749978,-696.563722624909
38.6610000000001,99.994,231.695,196.158,232.746,204.808,223.212,212.801,276.281,480.79,767.789,-215.201128749963,-697.67730212491
38.7130000000002,95.73,228.946,196.158,232.746,203.074,220.841,210.88,273.776,476.649,759.09,-215.852207749966,-698.993350624922
38.761,94.505,228.946,193.976,229.065,200.894,218.408,208.746,270.13,471.348,746.067,-216.453203749959,-700.208164624928
38.9110000000001,87.654,223.104,188.677,221.738,195.783,212.676,204.719,263.789,462.425,741.883,-218.331316249969,-704.004458374868
38.962,86.45,222.696,188.129,221.252,195.783,212.676,203.69,261.843,459.049,726.477,-218.969874499977,-705.295198249922
39.0169999999998,88.877,222.359,188.129,221.252,195.385,212.301,203.385,261.614,458.601,734.601,-219.658515749965,-706.687172624865
39.0619999999999,86.255,222.359,188.08,221.641,195.174,211.991,203.203,261.199,458.329,722.805,-220.221949499974,-707.82606074994
39.2109999999998,83.121,219.449,186.205,218.395,193.317,209.787,201.892,259.038,454.612,728.089,-222.087541249959,-711.597045874922
39.261,83.083,219.605,185.337,217.207,193.317,209.787,201.025,258.31,453.811,730.512,-222.713578749972,-712.862477124901
39.3130000000001,81.763,219.011,185.337,217.207,192.603,208.949,200.43,256.744,450.853,720.919,-223.364657749975,-714.178525624913
39.3589999999999,80.734,219.011,184.482,216.197,191.51,207.79,199.272,254.832,448.176,717.429,-223.940612249979,-715.342722374888
39.5129999999999,79.01,216.444,182.133,213.332,189.17,205.17,197.49,252.39,444.123,712.2,-225.868807749968,-719.240250624949
39.5599999999999,79.719,215.174,181.412,212.429,189.17,205.17,196.882,251.614,441.791,702.082,-226.457282999967,-720.429755999881
39.614,77.074,214.369,181.412,212.429,188.52,204.264,196.117,249.51,439.713,698.706,-227.13340349996,-721.796421749867
39.6599999999999,75.382,214.369,180.463,211.168,187.447,203.253,195.025,248.726,438.076,701.124,-227.709357999964,-722.960618499957
39.8159999999998,71.658,212.024,177.34,206.881,184.409,199.853,192.82,246.051,433.761,691.816,-229.662594999972,-726.908763999934
39.8629999999998,71.37,210.262,176.425,205.917,184.409,199.853,191.989,243.508,431.08,696.244,-230.251070249971,-728.098269374925
39.9110000000001,71.085,209.435,176.425,205.917,183.43,198.761,191.125,241.791,428.503,686.344,-230.852066249965,-729.313083374931
39.9630000000002,68.11,209.435,175.715,205.129,182.704,197.991,190.257,241.346,426.262,686.237,-231.503145249968,-730.629131874943
40.114,65.46,207.081,173.395,201.975,180.224,195.185,188.607,238.228,422.921,671.476,-233.393778499973,-734.450734249898
40.1610000000001,66.482,205.219,172.302,200.425,180.224,195.185,187.687,236.678,421.477,671.131,-233.982253749971,-735.640239624947
40.2130000000002,65.986,204.284,172.302,200.425,179.026,193.865,186.483,235.227,417.312,669.642,-234.633332749974,-736.9562881249
40.2649999999999,61.647,204.284,171.108,198.795,177.624,192.48,185.283,233.69,414.996,657.959,-235.284411749977,-738.272336624912
40.4140000000002,62.592,203.522,169.409,196.897,175.615,190.329,183.976,232.087,412.685,660.214,-237.150003499963,-742.043321749894
40.462,61.129,201.659,169.288,196.79,175.615,190.329,183.628,231.883,412.565,658.565,-237.750999499985,-743.2581357499
40.5129999999999,61.834,202.185,169.288,196.79,175.234,189.906,183.17,231.364,410.873,661.114,-238.389557749964,-744.548875624896
40.5639999999999,58.629,202.185,168.724,195.843,174.591,189.24,182.565,229.789,409.625,662.451,-239.028115999972,-745.839615499892
40.7170000000001,57.581,199.171,166.317,192.82,171.713,185.662,180.948,226.856,405.743,652.255,-240.943790749967,-749.711835124937
40.7669999999998,57.096,198.456,165.361,191.632,171.713,185.662,180.188,225.399,403.216,641.67,-241.56982824998,-750.977266374859
40.8130000000001,54.058,197.341,165.361,191.632,170.44,183.768,179.415,224.865,401.752,644.96,-242.145782749983,-752.141463124892
40.8620000000001,55.954,197.341,164.46,190.671,168.93,182.269,178.792,223.594,399.132,640.878,-242.759299499972,-753.381585749914
41.0149999999999,50.639,195.418,161.444,186.169,165.863,179.009,176.913,220.99,396.237,630.936,-244.674974249967,-757.253805374901
41.0630000000001,50.698,193.81,160.222,184.514,165.863,179.009,175.911,219.528,393.371,636.817,-245.275970249961,-758.468619374908
41.1129999999998,47.547,192.505,160.222,184.514,164.663,177.596,174.629,218.039,390.456,629.077,-245.902007749944,-759.734050624887
41.174,45.918,192.505,159.172,183.357,163.574,176.338,173.525,216.144,387.991,615.133,-246.665773499961,-761.277876749868
41.3130000000001,43.687,190.329,156.82,180.4,161.072,173.303,171.959,213.647,383.105,624.328,-248.406157749996,-764.795775624923
41.3620000000001,44.775,189.986,156.838,180.543,161.072,173.303,171.697,213.59,384.961,614.977,-249.019674499956,-766.035898249887
41.415,44.116,190.169,156.838,180.543,161.069,173.391,171.812,213.217,383.855,617.189,-249.683274249983,-767.377255374915
41.4699999999998,46.636,190.169,156.979,180.652,161.044,173.236,171.764,213.7,384.385,611.703,-250.371915499971,-768.769229749858
41.614,44.346,187.842,154.986,177.562,158.657,170.538,170.702,211.775,379.09,610.069,-252.174903499981,-772.413671749877
41.6669999999999,40.316,185.97,152.858,175.015,158.657,170.538,168.778,209.523,374.867,605.145,-252.83850324995,-773.755028874904
41.71,40.047,184.295,152.858,175.015,156.429,167.912,166.375,206.497,368.957,598.477,-253.376895499969,-774.843299749889
41.7620000000002,36.879,184.295,151.095,172.748,154.729,166.229,164.682,205.356,367.364,591.565,-254.027974499972,-776.159348249901
41.9160000000002,36.621,184.316,150.055,172.27,153.795,165.06,164.379,204.29,366.523,597.33,-255.956169999961,-780.056876499904
41.9609999999998,36.319,184.608,150.241,172.506,153.795,165.06,164.67,204.54,365.01,588.783,-256.51960374997,-781.195764624921
42.0129999999999,36.576,183.301,150.241,172.506,153.957,165.112,164.752,204.502,366.405,592.574,-257.170682749944,-782.511813124875
42.0630000000001,36.163,183.301,150.174,172.264,153.795,164.941,164.454,204.492,365.396,592.901,-257.796720249986,-783.777244374913
42.2139999999999,36.255,180.835,148.054,169.24,151.53,162.382,162.766,202.512,361.464,593.222,-259.687353499932,-787.598846749868
42.2600000000002,33.659,180.935,147.265,168.303,151.53,162.382,161.799,200.919,359.142,582.744,-260.263307999936,-788.763043499901
42.3130000000001,32.912,179.883,147.265,168.303,150.69,161.406,160.953,200.222,357.12,581.648,-260.926907749963,-790.104400624929
42.3609999999999,30.191,179.883,146.419,167.342,149.772,160.357,159.955,198.947,353.256,570.984,-261.527903749957,-791.319214624877
42.5120000000002,28.305,176.321,143.087,163.785,146.474,156.385,157.806,196.446,348.473,565.685,-263.418536999961,-795.14081699989
42.5659999999998,27.238,175.77,141.808,162.571,146.474,156.385,156.606,194.694,345.052,556.812,-264.094657499925,-796.507482749934
42.6129999999998,26.881,174.701,141.808,162.571,145.296,154.835,155.361,193.073,342.055,551.86,-264.683132749982,-797.696988124866
42.6680000000001,25.36,174.701,140.872,161.639,144.422,153.755,154.427,192.987,340.211,552.393,-265.371773999999,-799.088962499925
42.8180000000002,24.783,173.828,140.178,160.659,143.568,152.734,153.825,191.481,337.891,547.54,-267.249886499951,-802.885256249865
42.8589999999999,24.551,174.01,139.821,160.249,143.568,152.734,153.55,191.564,337.802,556.508,-267.763237249979,-803.922909874935
42.913,22.778,174.238,139.821,160.249,143.087,152.257,152.961,190.476,336.31,552.245,-268.439357750001,-805.28957562492
42.9609999999998,23.496,174.238,139.142,159.24,142.286,151.28,151.89,189.834,333.999,545.741,-269.040353749995,-806.504389624868
43.1170000000002,17.849,169.328,135.093,155.236,138.442,147.174,148.735,186.653,329.028,534.398,-270.993590749975,-810.452535124903
43.1669999999999,18.233,169.121,134.54,154.527,138.442,147.174,147.644,185.401,326.462,528.727,-271.619628250017,-811.717966374883
43.2109999999998,16.542,168.419,134.54,154.527,137.936,146.523,146.959,184.579,325.655,534.958,-272.170541249972,-812.831545874884
43.2779999999998,15.855,168.419,134.177,154.058,137.486,145.876,146.442,183.471,323.38,528.671,-273.009431499988,-814.527223749901
43.413,13.027,167.194,133.153,152.173,135.733,143.409,144.904,181.978,320.127,527.555,-274.699732749956,-817.943888124893
43.4609999999998,14.441,165.334,132.938,151.626,135.733,143.409,144.026,181.394,318.291,521.444,-275.300728750008,-819.1587021249
43.5120000000002,11.719,165.802,132.938,151.626,135.05,142.617,143.278,180.505,315.844,522.665,-275.939286999928,-820.449441999895
43.5590000000002,15.13,165.802,132.715,151.095,134.547,142.132,142.641,179.714,315.614,520.601,-276.527762249985,-821.638947374944
43.7109999999998,13.766,163.984,132.042,149.821,133.408,140.808,141.69,178.477,312.197,518.637,-278.430916249927,-825.485858374916
43.7600000000002,12.821,165.131,131.878,149.382,133.408,140.808,141.32,178.27,312.423,514.585,-279.044432999974,-826.72598099988
43.8110000000001,13.877,163.546,131.878,149.382,132.986,140.287,140.713,178.079,311.072,512.343,-279.682991249952,-828.016720874934
43.8600000000001,12.883,163.546,131.327,148.57,132.234,139.386,139.862,176.916,308.359,508.966,-280.296507999999,-829.256843499898
44.0120000000002,11.825,162.353,130.149,146.717,130.579,137.351,138.545,175.702,305.553,505.927,-282.199661999941,-833.103754499927
44.0599999999999,11.907,161.737,129.598,146.162,130.579,137.351,137.971,174.928,303.323,498.665,-282.800657999935,-834.318568499875
44.1170000000002,12.467,161.267,129.598,146.162,130.184,136.755,137.376,174.415,302.599,505.674,-283.51434075,-835.761160124908
44.163,11.031,161.267,129.082,145.781,129.93,136.317,137.07,174.359,301.596,505.545,-284.090295250004,-836.925356874883
44.3119999999999,8.08,161.749,128.378,145.058,129.545,135.607,136.629,173.84,300.201,504.285,-285.95588699996,-840.696341999865
44.3609999999999,9.879,160.077,128.167,144.895,129.545,135.607,136.502,173.649,300.019,506.544,-286.569403749949,-841.936464624887
44.4140000000002,7.74,160.82,128.167,144.895,129.348,135.378,136.259,173.247,299.853,497.074,-287.233003499976,-843.277821749856
44.462,7.163,160.82,128.045,144.643,129.169,135.056,136.016,173.535,298.581,500.153,-287.83399949997,-844.492635749921
44.616,7.355,160.038,127.743,144.323,128.97,134.816,135.738,173.017,298.278,496.238,-289.762194999959,-848.390163999866
44.6610000000001,8.525,160.564,127.814,144.568,128.97,134.816,135.794,172.965,298.376,499.878,-290.325628749968,-849.529052124941
44.7190000000001,7.498,161.895,127.814,144.568,129.089,135.051,135.991,172.662,299.99,503.002,-291.05183224997,-850.996952374873
44.7660000000001,8.273,161.895,127.867,144.779,129.349,135.298,136.229,173.474,300.126,500.152,-291.640307499969,-852.186457749922
44.9200000000001,9.134,161.461,127.974,145.73,130.449,136.304,136.922,174.34,300.626,504.471,-293.568502999959,-856.083985999925
44.9670000000001,6.641,161.061,127.565,146.209,130.449,136.304,137.302,174.515,302.305,507.794,-294.156978249957,-857.273491374915
45.0149999999999,6.588,161.511,127.565,146.209,130.99,137.004,138.184,175.845,304.433,508.138,-294.757974250009,-858.488305374864
45.0610000000001,7.942,161.511,127.318,146.477,131.248,137.427,138.783,176.375,306.081,504.037,-295.333928749955,-859.652502124896
45.2179999999998,9.365,163.496,127.763,147.603,132.014,138.738,139.706,177.786,308.375,504.321,-297.29968649993,-863.625956249889
45.268,9.479,162.472,128.214,148.231,132.014,138.738,140.204,178.297,309.227,505.82,-297.925723999972,-864.891387499927
45.3130000000001,11.136,164.897,128.214,148.231,132.364,139.242,140.805,179.123,310.261,509.451,-298.489157749922,-866.030275624886
45.3600000000001,14.544,164.897,128.856,149.075,132.881,139.9,141.421,180.294,312.639,509.261,-299.077632999979,-867.219780999876
45.5169999999998,17.782,168.256,131.722,152.726,134.998,142.075,142.695,182.007,314.217,512.235,-301.043390750012,-871.193235124869
45.5599999999999,19.172,169.557,132.563,153.746,134.998,142.075,143.142,182.839,315.804,511.273,-301.581782999972,-872.281505999854
45.6170000000002,21.262,169.341,132.563,153.746,135.599,142.273,143.3,183.621,315.376,517.759,-302.295465749979,-873.724097624887
45.6669999999999,22.957,169.341,133.347,154.877,136.353,143.015,143.899,183.995,316.201,515.503,-302.921503249963,-874.989528874925
45.8110000000001,27.719,174.972,136.955,161.14,139.7,146.43,145.161,185.799,319.353,511.574,-304.724491249945,-878.633970874944
45.8620000000001,30.922,178.398,138.602,164.852,139.7,146.43,146.135,187.06,321.474,518.772,-305.363049499923,-879.924710749881
45.9110000000001,36.78,183.085,138.602,164.852,141.424,148.502,147.589,188.464,323.844,517.607,-305.97656624997,-881.164833374904
45.962,44.512,183.085,140.501,172.198,144.193,153.5,150.758,191.233,327.377,519.166,-306.615124500007,-882.455573249899
46.1120000000001,60.738,196.976,147.549,194.008,153.793,166.631,159.676,200.04,337.615,524.938,-308.493236999959,-886.251866999897
46.1889999999999,62.388,198.186,148.803,196.113,153.793,166.631,162.532,204.262,340.666,527.802,-309.457334749983,-888.200631124899
46.2249999999999,65.21,199.305,148.803,196.113,154.841,167.44,164.117,207.374,344.408,528.982,-309.908081749978,-889.111741624889
46.2860000000001,61.748,199.305,149.854,195.984,156.455,171.392,163.795,203.973,347.464,539.33,-310.671847499965,-890.655567749869
46.4110000000001,65.546,200.429,151.375,197.202,157.698,172.146,164.691,204.87,350.373,534.769,-312.236941249983,-893.819145874935
46.462,66.791,200.179,151.785,198.555,157.698,172.146,165.394,205.399,351.64,543.709,-312.875499499962,-895.109885749873
46.5129999999999,67.147,201.676,151.785,198.555,158.523,172.979,166.606,207.657,354.262,544.73,-313.514057749941,-896.400625624869
46.5639999999999,66.769,201.676,152.62,199.912,159.413,173.909,167.711,208.723,356.422,550.376,-314.152615999919,-897.691365499864
46.7109999999998,71.015,205.913,155.34,203.03,162.253,176.943,170.181,212.532,362.659,557.818,-315.993166249944,-901.411733374873
46.759,71.496,205.157,155.77,203.443,162.253,176.943,170.906,213.4,362.814,553.068,-316.594162249996,-902.626547374937
46.8119999999999,72.112,206.576,155.77,203.443,162.864,177.572,171.307,213.005,364.735,563.436,-317.257761999965,-903.967904499907
46.8609999999999,75.353,206.576,156.347,203.935,163.375,178.101,172.066,214.302,367.671,560.478,-317.871278749953,-905.208027124871
47.011,73.883,210.009,159.325,210.215,167.413,182.424,175.361,220.739,374.439,564.358,-319.749391249963,-909.004320874927
47.0599999999999,79.249,215.213,161.926,214.121,167.413,182.424,178.132,225.228,380.121,573.849,-320.362907999952,-910.244443499891
47.1129999999998,84.81,218.891,161.926,214.121,170.429,185.976,181.778,228.391,390.249,593.29,-321.026507749921,-911.58580062486
47.163,88.618,218.891,164.894,217.889,173.832,190.181,185.485,234.076,399.763,593.908,-321.652545249963,-912.851231874898
47.3180000000002,96.214,229.175,174.064,226.424,182.823,201.547,188.391,236.085,416.488,630.741,-323.593261499947,-916.774068749859
47.4079999999999,101.695,230.876,175.618,228.972,182.823,201.547,193.281,243.818,423.126,633.855,-324.720128999907,-919.051844999893
47.4270000000001,101.14,230.448,175.618,228.972,184.593,203.433,196.715,248.63,427.433,639.535,-324.958023249928,-919.532708874904
47.4609999999998,101.381,230.448,176.543,230.267,185.898,205.341,197.983,250.844,429.534,647.944,-325.383728749934,-920.393202124862
47.6120000000001,104.727,235.895,179.858,234.947,189.772,210.426,200.688,255.163,436.608,656.923,-327.274361999938,-924.214804499876
47.663,108.591,238.48,181.972,238.394,189.772,210.426,202.993,263.113,442.852,659.274,-327.912920249975,-925.505544374872
47.712,110.766,242.333,181.972,238.394,192.149,213.255,206.438,271.659,450.239,675.574,-328.526436999964,-926.745666999836
47.768,117.931,242.333,185.048,243.174,195.287,216.761,211.411,285.088,462.537,682.616,-329.227598999976,-928.162949999911
47.9119999999998,127.255,256.531,200.985,259.186,209.398,233.619,216.362,282.793,486.509,736.12,-331.030586999957,-931.807391999871
47.991,134.345,261.122,205.862,266.392,209.398,233.619,222.186,292.689,500.903,758.902,-332.019726249971,-933.806773374847
48.0189999999998,139.038,267.533,205.862,266.392,215.358,241.019,230.381,307.007,518.67,772.933,-332.370307250007,-934.515414874826
48.0619999999999,144.895,267.533,211.174,273.436,221.387,247.949,237.281,317.749,533.517,805.866,-332.908699499967,-935.603685749928
48.2150000000001,163.275,288.052,229.636,296.572,243.501,271.421,249.848,338.232,570.242,851.931,-334.824374249962,-939.475905374915
48.308,175.819,297.828,237.398,305.613,243.501,271.421,260.914,357.756,596.255,888.965,-335.988803999964,-941.82960749988
48.3290000000002,184.362,305.424,237.398,305.613,253.097,280.834,271.233,373.333,620.728,928.183,-336.251739749976,-942.361088624864
48.364,195.266,305.424,246.002,314.591,263.361,291.72,283.031,392.073,643.516,976.848,-336.689965999976,-943.246890499897
48.5149999999999,214.512,335.961,270.094,345.889,293.992,321.044,306.974,433.293,693.748,1045.432,-338.580599249981,-947.068492874852
48.5599999999999,224.568,341.854,278.986,355.327,293.992,321.044,317.845,449.738,717.174,1078.571,-339.14403299999,-948.207380999869
48.614,235.261,350.912,278.986,355.327,301.796,326.352,320.319,449.734,734.534,1113.273,-339.820153500012,-949.574046749854
48.6599999999999,244.322,350.912,286.168,364.063,312.075,337.541,334.487,475.766,756.985,1144.545,-340.396107999957,-950.738243499887
48.8150000000001,253.027,371.182,302.383,387.897,330.036,354.124,353.156,557.675,788.751,1204.199,-342.336824249942,-954.661080374906
48.8600000000001,261.391,373.988,305.912,393.893,330.036,354.124,358.803,568.772,798.594,1202.162,-342.900257999951,-955.799968499865
48.9160000000002,265.312,380.01,305.912,393.893,334.55,358.868,365.414,583.497,812.31,1223.314,-343.601419999963,-957.217251499882
48.9609999999998,268.623,380.01,309.459,400.303,338.977,363.109,371.379,594.951,827.66,1247.686,-344.164853749971,-958.356139624841
49.1109999999999,265.274,381.064,308.394,397.461,336.694,360.398,371.011,593.279,821.732,1233.137,-346.042966249923,-962.152433374897
49.1610000000001,262.302,376.356,306.891,394.362,336.694,360.398,366.776,583.764,814.448,1226.534,-346.669003749965,-963.417864624877
49.212,260.157,374.166,306.891,394.362,334.916,358.793,363.841,578.819,810.205,1215.991,-347.307562000002,-964.708604499872
49.2649999999999,258.323,374.166,306.157,392.898,334.055,358.002,362.58,576.816,805.586,1222.762,-347.971161749971,-966.049961624842
49.4110000000001,242.89,352.132,288.855,362.447,311.338,334.475,344.559,534.539,761.881,1153.312,-349.79919125,-969.745020874834
49.4609999999998,233.162,341.14,280.864,348.648,311.338,334.475,328.81,470.38,735.073,1117.906,-350.425228749926,-971.010452124872
49.5120000000002,224.348,334.762,280.864,348.648,300.433,322.256,315.67,449.952,708.333,1087.953,-351.063786999963,-972.301191999868
49.5610000000001,218.74,334.762,275.753,342.2,293.767,315.169,307.921,436.518,697.267,1063.291,-351.677303749952,-973.54131462489
49.7190000000001,207.929,318.3,262.58,323.481,277.752,298.455,296.927,418.513,672.756,1022.095,-353.655582249979,-977.540077374899
49.761,202.573,313.409,257.987,316.851,277.752,298.455,290.452,407.069,656.973,1009.888,-354.181453749945,-978.603039624868
49.8130000000001,176.855,296.944,257.987,316.851,271.943,292.694,284.567,395.667,645.64,1001.695,-354.832532749919,-979.91908812488
49.893,165.765,296.944,257.382,310.119,268.894,290.584,280.722,391.035,633.915,990.171,-355.834192749986,-981.943778124871
50.0120000000002,149.613,277.642,242.749,289.567,252.578,272.384,267.675,367.859,603.127,955.863,-357.324161999975,-984.9555044999
50.0599999999999,143.317,272.523,238.397,284.116,252.578,272.384,261.507,357.19,592.639,923.49,-357.925157999969,-986.170318499848
50.1170000000002,136.659,268.606,238.397,284.116,247.873,267.412,256.153,347.742,580.422,925.601,-358.638840749976,-987.612910124881
50.1599999999999,133.781,268.606,234.375,278.76,243.342,262.493,251.052,339.188,569.903,899.687,-359.177232999937,-988.701180999866
50.3119999999999,122.711,256.597,222.656,264.787,229.846,248.779,241.364,323.955,549.73,871.334,-361.080386999936,-992.548091999837
50.3580000000002,118.711,253.536,219.225,260.258,229.846,248.779,237.084,315.971,537.296,858.789,-361.65634149994,-993.71228874987
50.4110000000001,115.525,248.827,219.225,260.258,226.21,244.943,233.154,308.903,529.985,843.154,-362.319941249967,-995.053645874897
50.4670000000001,110.725,248.827,215.643,255.554,222.273,240.306,228.86,302.226,521.172,823.128,-363.021103249921,-996.470928874856
50.6109999999999,101.609,237.666,204.219,242.691,211.456,229.275,223.392,288.987,502.763,794.46,-364.82409124996,-1000.11537087488
50.6599999999999,97.049,233.064,199.816,235.94,211.456,229.275,219.249,282.737,491.274,785.274,-365.437607999949,-1001.35549349984
50.7190000000001,91.775,229.273,199.816,235.94,207.475,224.828,215.424,277.093,482.687,757.946,-366.176332249946,-1002.84870237485
50.761,89.413,229.273,196.3,231.259,203.94,220.973,212.066,271.97,474.242,766.395,-366.70220374997,-1003.91166462487
50.9209999999998,81.495,222.484,189.585,222.597,197.278,213.22,207.344,264.061,466.616,735.914,-368.70552374993,-1007.96104462486
50.9650000000001,82.01,221.192,187.716,219.964,197.278,213.22,205.042,261.355,458.921,726.955,-369.256436749944,-1009.07462412486
51.0120000000002,75.649,218.456,187.716,219.964,195.244,211.017,202.924,257.395,453.672,716.355,-369.844911999942,-1010.26412949985
51.0599999999999,74.957,218.456,185.443,216.697,192.853,208.535,200.655,255.143,446.892,725.568,-370.445907999936,-1011.47894349991
51.2130000000002,66.014,211.03,178.246,207.306,185.446,200.493,195.33,247.337,435.204,692.879,-372.361582749989,-1015.35116312484
51.2640000000001,67.11,208.322,176.402,204.918,185.446,200.493,193.3,243.513,432.217,684.949,-373.000140999968,-1016.64190299984
51.3119999999999,63.347,207.314,176.402,204.918,183.731,198.601,191.561,241.635,428.333,685.702,-373.601136999903,-1017.85671699984
51.3609999999999,61.931,207.314,175.056,203.53,182.312,196.937,190.151,239.308,423.172,678.416,-374.21465374995,-1019.09683962486
51.5120000000002,59.94,204.017,171.735,199.21,178.54,192.717,187.679,235.687,416.073,663.306,-376.105286999955,-1022.91844199988
51.5619999999999,59.107,202.392,170.27,197.346,178.54,192.717,186.134,233.512,414.054,665.078,-376.731324499939,-1024.18387324986
51.6120000000001,53.029,201.617,170.27,197.346,176.805,190.963,184.596,230.958,411.263,655.034,-377.357361999981,-1025.44930449984
51.6660000000002,52.647,201.617,168.759,195.231,174.954,188.872,182.868,227.806,406.796,655.823,-378.033482499945,-1026.81597024988
51.8110000000001,50.726,197.954,165.426,191.667,170.885,184.114,180.398,224.659,401.199,651.456,-379.848991249921,-1030.48572087486
51.8600000000001,48.646,198.3,164.807,191.079,170.885,184.114,179.607,224.194,400.473,643.956,-380.462507999968,-1031.72584349988
51.915,49.822,196.411,164.807,191.079,169.556,182.47,179.068,222.709,398.486,636.085,-381.151149249985,-1033.11781787488
51.962,48.266,196.411,164.111,189.878,168.838,181.879,178.577,221.88,397.469,637.566,-381.739624499925,-1034.30732324987
52.1129999999998,45.308,195.381,162.176,187.1,167.057,179.912,177.453,220.553,394.871,627.73,-383.63025774993,-1038.12892562489
52.1599999999999,45.162,193.167,161.507,186.136,167.057,179.912,176.799,219.859,393.717,628.638,-384.218732999929,-1039.31843099988
52.212,43.908,193.117,161.507,186.136,166.468,179.161,176.064,218.387,391.506,632.388,-384.869811999961,-1040.63447949983
52.2620000000002,45.62,193.117,160.896,185.345,165.744,178.345,175.411,216.999,390.588,630.434,-385.495849500003,-1041.89991074987
52.413,43.947,191.343,158.943,182.871,163.512,175.72,174.026,215.075,388.093,624.773,-387.386482750007,-1045.72151312488
52.462,42.097,189.716,158.153,181.991,163.512,175.72,173.261,213.856,385.448,616.622,-387.999999499938,-1046.96163574985
52.5129999999999,41.057,190.233,158.153,181.991,162.739,174.859,172.351,213.277,383.793,613.822,-388.638557749975,-1048.25237562484
52.5630000000001,39.823,190.233,157.4,181.066,161.85,173.82,171.972,212.727,383.391,609.498,-389.264595249959,-1049.51780687488
52.7130000000002,39.594,187.957,155.432,178.454,159.681,171.392,170.606,210.743,377.732,603.926,-391.142707749968,-1053.31410062482
52.759,34.058,186.26,154.557,177.193,159.681,171.392,169.873,210.12,376.517,599.934,-391.718662249914,-1054.47829737491
52.8139999999999,36.913,185.006,154.557,177.193,158.644,170.275,168.723,208.569,375.886,601.626,-392.407303499931,-1055.87027174985
52.8609999999999,32.733,185.006,153.622,175.829,157.674,169.307,167.644,207.326,372.247,598.573,-392.99577874993,-1057.05977712484
53.0120000000002,35.734,183.622,151.655,173.584,155.66,166.983,166.241,206.159,368.248,596.408,-394.886411999993,-1060.88137949986
53.0639999999999,30.52,183.009,151.265,173.1,155.66,166.983,165.745,205.116,368.531,586.161,-395.537490999966,-1062.19742799987
53.1190000000001,31.586,182.351,151.265,173.1,155.188,166.43,165.131,204.366,366.558,583.97,-396.226132249983,-1063.58940237487
53.1599999999999,31.045,182.351,150.674,172.242,154.527,165.696,164.325,203.383,364.021,585.354,-396.739482999954,-1064.62705599988
53.3130000000001,29.655,178.843,148.266,169.154,151.803,162.657,162.444,201.122,359.588,585.973,-398.655157749949,-1068.49927562487
53.3600000000001,28.145,178.539,147.266,168.097,151.803,162.657,161.548,200.178,357.627,577.822,-399.243632999947,-1069.68878099986
53.4110000000001,29.413,178.178,147.266,168.097,150.853,161.447,160.707,199.065,355.405,568.266,-399.882191249984,-1070.97952087485
53.462,25.915,178.178,146.691,167.409,150.319,160.889,160.328,197.778,354.364,568.917,-400.520749499963,-1072.27026074985
53.614,25.388,177.678,146.041,167.054,149.793,160.06,160.188,197.925,354.137,569.051,-402.423903499963,-1076.11717174988
53.6599999999999,26.367,178.43,145.815,166.752,149.793,160.06,159.96,197.297,352.416,571.839,-402.999857999908,-1077.28136849985
53.7109999999998,24.832,176.787,145.815,166.752,149.572,159.782,159.63,197.03,352.281,567.039,-403.638416249945,-1078.57210837485
53.7620000000002,24.376,176.787,145.426,166.121,149.175,159.271,159.042,196.248,349.635,566.229,-404.276974499982,-1079.86284824985
53.915,22.537,174.958,143.061,163.251,146.612,156.25,157.224,193.833,345.271,562.536,-406.192649249919,-1083.73506787489
53.9639999999999,21.741,174.494,142.005,162.274,146.612,156.25,156.398,193.06,343.678,563.631,-406.806165999966,-1084.97519049986
54.0129999999999,20.938,172.525,142.005,162.274,145.571,154.987,155.399,192.029,340.361,553.466,-407.419682749955,-1086.21531312482
54.0599999999999,19.079,172.525,140.765,161.22,144.478,153.429,154.266,190.99,336.858,557.454,-408.008157999953,-1087.40481849981
54.2190000000001,14.783,169.793,137.687,157.172,140.81,149.12,151.644,187.807,331.129,537.725,-409.998957249976,-1091.42888987489
54.2919999999999,15.457,169.322,136.362,156.13,140.81,149.12,150.62,186.211,329.027,535.853,-410.912971999962,-1093.27641949983
54.3119999999999,14.75,167.796,136.362,156.13,139.651,147.683,149.497,185.426,329.262,534.804,-411.163386999979,-1093.78259199986
54.3589999999999,12.013,167.796,135.454,155.469,139.014,147.119,148.708,184.865,327.604,530.421,-411.751862249977,-1094.97209737485
54.5149999999999,10.612,166.694,133.934,153.39,137.211,144.81,147.272,183.101,323.276,531.199,-413.705099249957,-1098.92024287488
54.5590000000002,10.167,165.811,133.494,152.764,137.211,144.81,146.359,182.442,321.111,521.173,-414.256012249971,-1100.03382237483
54.6129999999998,10.022,164.429,133.494,152.764,136.535,143.949,145.451,181.093,317.798,516.192,-414.932132749993,-1101.40048812481
54.6590000000001,9.031,164.429,133.17,152.188,135.84,143.046,144.451,180.464,316.895,517.063,-415.508087249938,-1102.5646848749
54.8119999999999,7.823,163.172,131.755,149.045,132.807,139.605,141.906,177.511,310.791,516.603,-417.423761999991,-1106.43690449983
54.8620000000001,8.546,162.258,131.271,147.821,132.807,139.605,140.64,175.867,309.603,506.925,-418.049799499975,-1107.70233574981
54.9140000000002,5.339,161.736,131.271,147.821,131.803,138.47,139.404,174.624,305.354,505.785,-418.700878499949,-1109.01838424982
54.962,6.44,161.736,130.697,146.711,130.748,137.263,138.285,173.206,302.319,503.588,-419.301874499943,-1110.23319824989
55.1170000000002,3.844,158.394,129.013,145.386,129.975,135.775,137.336,172.956,299.665,498.471,-421.242590749986,-1114.15603512485
55.1599999999999,5.793,160.72,129.041,145.637,129.975,135.775,137.312,172.731,300.078,499.618,-421.780982999946,-1115.24430599983
55.2130000000002,7.063,160.088,129.041,145.637,130.204,135.994,137.602,173.372,301.128,504.829,-422.444582749973,-1116.58566312486
55.259,6.215,160.088,129.037,145.925,130.557,136.299,137.893,173.639,302.088,506.413,-423.020537249977,-1117.74985987489
55.415,3.682,161.124,129.07,147.441,132.185,138.02,138.741,174.646,304.094,511.716,-424.973774249956,-1121.69800537487
55.4670000000001,5.584,161.433,128.781,148.234,132.185,138.02,139.722,175.464,306.22,513.987,-425.624853249989,-1123.01405387482
55.5149999999999,6.423,162.956,128.781,148.234,132.904,138.96,140.973,176.915,308.876,503.789,-426.225849249982,-1124.22886787483
55.5610000000001,7.026,162.956,128.971,148.926,133.475,139.919,142.308,179.173,312.666,510.4,-426.801803749928,-1125.39306462486
55.7139999999999,12.919,167.798,132.103,153.015,135.693,142.442,144.137,181.174,316.323,516.225,-428.717478499981,-1129.26528424991
55.7600000000002,13.305,168.963,132.818,153.873,135.693,142.442,144.893,182.998,317.915,515.656,-429.293432999926,-1130.42948099994
55.8110000000001,14.946,168.711,132.818,153.873,136.34,143.049,145.383,182.838,318.348,518.866,-429.931991249963,-1131.72022087488
55.8629999999998,18.54,168.711,133.502,154.893,136.973,143.606,145.839,183.68,319.078,522.055,-430.583070249937,-1133.03626937477
56.011,28.248,177.909,138.837,163.759,141.751,148.142,147.626,186.285,323.032,519.267,-432.436141249957,-1136.78194587491
56.0599999999999,32.754,181.666,141.115,169.926,141.751,148.142,148.821,187.38,325.071,526.092,-433.049657999945,-1138.02206849982
56.114,37.866,185.874,141.115,169.926,144.236,151.806,151.465,190.474,329.55,518.691,-433.725778499967,-1139.38873424986
56.1610000000001,46.864,185.874,143.12,180.385,146.883,156.193,153.699,192.246,330.992,526.055,-434.314253749966,-1140.57823962485
56.3159999999998,56.049,195.269,149.202,194.691,155.44,168.109,161.646,199.431,338.826,532.237,-436.254969999951,-1144.50107649982
56.3600000000001,56.919,196.838,150.445,196.534,155.44,168.109,163.545,202.095,342.666,540.877,-436.805882999965,-1145.61465599993
56.4160000000002,57.616,197.534,150.445,196.534,156.993,170.183,165.078,203.155,346.349,538.481,-437.507044999977,-1147.03193899977
56.46,59.155,197.534,151.416,197.831,157.703,171.504,165.811,203.713,349.414,537.645,-438.05795799999,-1148.14551849989
56.6149999999998,64.037,202.291,155.688,204.542,162.597,176.878,169.483,208.688,358.256,554.183,-439.998674249975,-1152.06835537485
56.6990000000001,69.28,206.421,158.052,208.643,162.597,176.878,172.58,213.335,365.091,560.904,-441.050417249906,-1154.19427987491
56.7159999999999,68.792,210.182,158.052,208.643,165.032,179.152,176.299,218.621,372.632,568.8,-441.263269999938,-1154.62452649989
56.761,73.735,210.182,160.481,211.864,167.756,181.962,179.264,222.319,380.241,575.993,-441.826703749946,-1155.76341462485
56.9110000000001,77.653,216.67,165.882,218.166,173.407,188.848,183.653,227.379,389.964,586.234,-443.704816249956,-1159.55970837479
56.9810000000002,79.508,217.434,167.191,220.1,173.407,188.848,185.372,229.692,395.442,602.127,-444.581268749957,-1161.33131212485
57.018,81.498,220.298,167.191,220.1,175.032,190.641,187.357,232.418,399.487,605.288,-445.044536499947,-1162.26773124991
57.0680000000002,83.918,220.298,168.671,222.083,176.858,192.628,189.507,235.651,404.642,607.07,-445.670573999931,-1163.53316249989
57.212,86.447,223.912,173.598,225.08,181.185,198.277,189.98,235.47,410.72,625.853,-447.473561999912,-1167.17760449986
57.261,87.429,226.072,174.963,227.497,181.185,198.277,192.095,237.292,417.419,631.444,-448.087078749959,-1168.41772712488
57.3200000000002,90.842,228.71,174.963,227.497,183.008,200.175,194.936,242.453,420.526,632.787,-448.825802999956,-1169.91093599983
57.3620000000001,92.26,228.71,176.774,230.048,185.318,202.598,198.783,248.923,430.065,650.493,-449.351674499922,-1170.97389824991
57.511,99.481,239.517,187.341,242.613,195.187,212.835,208.011,270.746,447.459,678.221,-451.217266249994,-1174.74488337478
57.5619999999999,109.362,244.721,191.648,246.571,195.187,212.835,206.725,261.478,459.371,697.002,-451.855824499915,-1176.03562324983
57.616,114.505,249.252,191.648,246.571,199.009,219.126,211.56,271.703,472.479,701.175,-452.531944999937,-1177.40228899976
57.6610000000001,117.544,249.252,195.024,250.085,204.08,225.793,218.778,284.818,481.936,727.807,-453.095378749946,-1178.54117712495
57.817,121.018,255.477,202.094,258.979,211.005,232.906,219.27,282.674,492.239,739.778,-455.048615749925,-1182.48932262475
57.8589999999999,124.004,257.728,204.463,262.826,211.005,232.906,224.487,292.263,499.102,741.788,-455.574487249949,-1183.55228487484
57.915,127.478,260.175,204.463,262.826,214.102,236.573,228.006,297.787,508.865,755.036,-456.275649249961,-1184.9695678748
57.9630000000002,132.711,260.175,207.584,266.844,217.301,240.265,231.298,303.534,518.878,771.707,-456.876645249955,-1186.18438187474
58.1129999999998,140.072,271.421,217.871,279.094,227.714,251.456,238.804,317.328,536.935,807.056,-458.754757749964,-1189.9806756248
58.194,143.481,273.331,220.189,281.583,227.714,251.456,241.912,320.969,546.194,819.141,-459.76893849991,-1192.03067424987
58.2150000000001,141.257,273.334,220.189,281.583,229.671,253.399,243.674,323.886,546.986,819.362,-460.031874249922,-1192.56215537491
58.2710000000002,143.03,273.334,220.604,281.399,229.603,252.776,242.598,320.756,544.729,815.5,-460.733036249934,-1193.97943837475
58.4180000000001,134.407,265.308,213.362,269.493,219.34,238.572,238.239,313.537,531.24,801.681,-462.573586499959,-1197.69980624982
58.4630000000002,115.352,251.568,207.122,257.253,219.34,238.572,227.752,296.617,506.057,775.456,-463.137020249909,-1198.83869437478
58.5120000000002,96.967,234.445,207.122,257.253,209.77,227.598,217.335,280.832,485.21,770.089,-463.750536999956,-1200.07881699991
58.5590000000002,84.788,234.445,200.856,241.133,206.298,224.057,213.089,275.066,470.024,737.091,-464.339012249955,-1201.26832237479
58.712,81.565,223.704,189.704,227.53,193.952,208.75,203.066,257.753,454.103,719.871,-466.25468699995,-1205.14054199983
58.7629999999999,77.574,221.697,187.577,224.131,193.952,208.75,200.08,253.314,446.554,715.281,-466.893245249987,-1206.43128187489
58.8150000000001,72.744,217.31,187.577,224.131,191.656,205.899,197.426,250.624,439.04,709.813,-467.54432424996,-1207.7473303749
58.8600000000001,67.837,217.31,185.194,220.665,189.764,203.453,195.175,246.553,434.897,692.759,-468.107757999969,-1208.88621849986
59.0140000000001,60.834,208.996,175.934,207.311,181.954,194.561,189.952,237.056,421.921,678.111,-470.035953499959,-1212.78374674986
59.0599999999999,56.621,204.542,172.805,201.757,181.954,194.561,188.82,235.577,416.624,665.546,-470.611907999963,-1213.94794349978
59.1149999999998,50.074,200.998,172.805,201.757,178.987,191.374,185.802,231.407,409.241,659.939,-471.300549249921,-1215.33991787478
59.1599999999999,49.077,200.998,168.943,195.787,174.673,187.061,182.342,225.99,401.175,642.907,-471.86398299993,-1216.47880599985
59.3099999999999,38.981,192.432,160.349,184.6,164.768,176.291,177.215,218.203,391.495,628.723,-473.74209549994,-1220.27509974991
59.3600000000001,40.214,190.427,158.557,182.415,164.768,176.291,175.023,215.18,385.938,619.909,-474.368132999924,-1221.54053099989
59.4119999999998,34.961,188.65,158.557,182.415,162.717,173.882,173.314,212.236,382.347,612.221,-475.019211999897,-1222.85657949978
59.46,35.163,188.65,156.969,180.393,160.998,171.951,171.724,210.501,378.818,602.832,-475.620207999949,-1224.07139349985
59.6129999999998,33.549,185.627,153.14,175.551,156.98,167.47,168.704,207.269,370.677,596.863,-477.535882749944,-1227.94361312478
59.7069999999999,30.733,183.825,151.957,174.028,156.98,167.47,167.565,206.514,368.904,588.994,-478.712833249941,-1230.32262387488
59.73,28.766,182.252,151.957,174.028,155.754,166.085,166.16,204.348,365.61,598.333,-479.000810499943,-1230.90472224983
59.7759999999998,29.031,182.252,150.692,172.258,154.275,164.433,164.402,201.794,361.307,580.939,-479.576764999947,-1232.06891899987
59.9140000000002,24.767,178.622,146.544,167.158,149.966,159.402,161.001,197.539,352.905,569.734,-481.3046284999,-1235.56150924973
59.9949999999999,23.014,177.396,145.327,165.876,149.966,159.402,159.613,196.47,349.714,565.209,-482.318809249904,-1237.6115078748
60.0149999999999,21.221,176.722,145.327,165.876,148.841,158.107,158.674,195.173,347.614,563.215,-482.569224249979,-1238.11768037488
60.0610000000001,19.982,176.722,144.41,164.889,147.893,157.055,157.786,194.587,346.059,562.418,-483.145178749925,-1239.2818771248
60.2179999999998,17.509,174.472,142.109,162.991,145.86,154.097,156.612,192.432,341.558,559.423,-485.110936499957,-1243.25533124979
60.308,19.041,174.024,141.575,162.456,145.86,154.097,155.628,191.475,339.993,552.699,-486.237803999917,-1245.53310749982
60.3310000000001,16.301,174.194,141.575,162.456,145.465,153.67,155.244,191.202,339.418,552.067,-486.525781249919,-1246.11520587478
60.3879999999999,16.108,174.194,141.171,161.915,145.006,153.107,154.701,190.453,337.95,554.517,-487.239463999984,-1247.55779749982
60.5120000000002,14.444,172.843,139.2,160.098,143.045,151.01,153.193,188.376,335.978,552.84,-488.792036999948,-1250.69606699981
60.5599999999999,13.977,171.31,138.951,159.659,143.045,151.01,152.581,188.287,335.527,543.781,-489.393032999942,-1251.91088099987
60.6120000000001,15.61,172.398,138.951,159.659,142.75,150.695,152.149,188.073,333.083,536.947,-490.044111999916,-1253.22692949977
60.6669999999999,17.995,172.398,138.936,159.708,142.668,150.641,152.152,188.034,334.925,543.003,-490.732753249933,-1254.61890387477
60.819,15.059,173.147,139.304,160.135,143.017,151.016,152.437,188.205,334.842,547.137,-492.635907249991,-1258.46581487486
60.8870000000002,15.284,172.866,139.481,160.33,143.017,151.016,152.463,188.133,335.802,545.46,-493.487318249943,-1260.18680137477
60.9140000000002,15.846,172.778,139.481,160.33,143.16,151.177,152.592,189.327,335.946,541.296,-493.825378499925,-1260.8701342498
60.9650000000001,16.63,172.778,139.704,160.604,143.42,151.348,152.856,188.61,336.4,540.914,-494.463936749962,-1262.16087412485
61.1170000000002,20.095,174.318,141.033,162.64,144.814,153.03,153.512,190.04,337.942,541.157,-496.367090749904,-1266.00778512482
61.1889999999999,22.027,175.721,142.344,164.586,144.814,153.03,154.437,190.67,339.793,551.414,-497.268584749952,-1267.8300061248
61.2539999999999,23.722,179.173,142.344,164.586,145.997,154.321,155.409,192.285,341.608,545.543,-498.08243349992,-1269.47506674984
61.2829999999999,28.761,179.173,144.01,167.174,147.263,155.681,156.342,192.914,343.794,547.313,-498.44553524995,-1270.2090168749
61.4140000000002,31.372,184.58,147.749,173.86,150.61,159.509,157.977,194.76,347.184,555.672,-500.085753499938,-1273.52444674983
61.4929999999999,34.698,185.929,148.495,175.616,150.61,159.509,158.561,196.002,347.612,561.543,-501.074892749952,-1275.52382812486
61.5160000000001,37.3,187.356,148.495,175.616,151.426,160.443,159.135,197.121,348.305,555.715,-501.362869999954,-1276.10592649982
61.5619999999999,42.661,187.356,149.512,178.164,152.436,161.879,159.997,197.91,350.971,561.341,-501.938824499957,-1277.27012324985
61.7109999999998,60.482,202.226,153.727,196.016,161.403,174.46,164.799,202.839,358.622,547.345,-503.804416249914,-1281.04110837472
61.779,65.816,205.012,155.69,200.17,161.403,174.46,170,207.7,364.337,551.569,-504.655827249924,-1282.76209487487
61.8110000000001,65.993,207.867,155.69,200.17,164.512,177.317,174.1,213.283,370.753,560.518,-505.056491249939,-1283.57197087479
61.8609999999999,69.368,207.867,157.494,203.689,166.98,179.39,177.464,217.601,376.485,571.269,-505.682528749981,-1284.83740212489
62.0149999999999,72.762,212.828,161.226,207.695,171.408,184.947,180.064,219.199,383.357,572.041,-507.610724249971,-1288.73493037478
62.0610000000001,75.153,213.484,161.865,208.514,171.408,184.947,180.84,220.446,385.301,571.951,-508.186678749917,-1289.89912712481
62.114,74.521,214.74,161.865,208.514,172.162,185.767,181.859,222.066,387.101,586.689,-508.850278499944,-1291.24048424978
62.1599999999999,76.287,214.74,162.622,209.787,172.931,186.789,183.057,223.679,390.504,581.832,-509.426232999947,-1292.40468099981
62.3119999999999,83.453,222.659,167.48,218.507,179.653,193.442,187.907,231.946,401.875,605.826,-511.329386999947,-1296.25159199978
62.3620000000001,87.142,226.846,172.015,221.465,179.653,193.442,192.127,238.362,411.11,615.978,-511.955424499989,-1297.51702324976
62.413,91.469,229.518,172.015,221.465,183.5,200.088,193.531,239.429,423.726,642.276,-512.59398274991,-1298.80776312482
62.4589999999998,96.139,229.518,175.927,226.928,188.037,204.022,199.769,250.414,434.601,652.506,-513.169937249972,-1299.97195987485
62.6109999999999,101.568,239.777,184.363,236.655,195.422,212.182,206.537,264.767,448.056,672.549,-515.073091249913,-1303.81887087482
62.6599999999999,101.64,238.664,185.083,236.895,195.422,212.182,207.479,266.899,449.972,671.649,-515.68660799996,-1305.05899349984
62.7170000000001,101.953,239.105,185.083,236.895,196.08,212.919,207.542,264.996,452.079,672.939,-516.400290749967,-1306.50158512488
62.7629999999999,99.664,239.105,185.237,236.52,195.917,212.971,207.445,265.086,451.112,670.025,-516.976245249913,-1307.66578187491
62.9140000000002,105.863,240.279,186.434,238.863,197.791,214.993,208.209,266.432,452.78,681.008,-518.866878499917,-1311.48738424992
62.962,104.259,242.678,188.54,242.339,197.791,214.993,210.186,271.935,458.556,688.226,-519.467874499911,-1312.70219824975
63.018,106.587,245.099,188.54,242.339,200.35,217.634,213.777,281.481,467.808,697.566,-520.169036499923,-1314.11948124983
63.0610000000001,113.121,245.099,191.495,247.146,203.114,220.223,217.978,296.307,477.655,717.246,-520.707428749942,-1315.20775212487
63.2159999999999,123.114,258.033,205,261.525,216.963,237.376,225.49,296.911,501.254,749.737,-522.648144999985,-1319.13058899983
63.3029999999999,127.755,264.103,209.049,265.842,216.963,237.376,230.412,304.608,510.86,766.242,-523.737450249901,-1321.33243937488
63.3229999999999,134.26,264.513,209.049,265.842,220.506,239.208,230.362,299.881,520.183,777.809,-523.987865249976,-1321.83861187473
63.3629999999998,135.943,264.513,212.831,269.807,223.366,243.411,235.036,308.511,529.964,796.932,-524.488695249951,-1322.8509568749
63.511,144.591,276.895,222.946,280.594,235.484,258.358,244.815,325.337,551.734,824.948,-526.341766249971,-1326.59663337481
63.5909999999999,152.406,281.925,226.933,285.742,235.484,258.358,249.325,332.788,564.943,862.137,-527.343426249921,-1328.6213233748
63.614,157.14,287.284,226.933,285.742,240.632,263.703,256.066,344.877,575.668,873.507,-527.631403499981,-1329.20342174987
63.6590000000001,164.45,287.284,230.072,292.13,246.035,269.586,264.105,360.614,588.934,882.383,-528.194837249932,-1330.34230987483
63.8119999999999,174.606,303.374,247.01,312.363,263.752,288.124,276.142,377.506,621.23,933.974,-530.110511999927,-1334.21452949988
63.864,184.198,309.955,253.432,320.551,263.752,288.124,283.508,389.681,637.304,964.858,-530.7615909999,-1335.53057799977
63.9110000000001,191.189,318.55,253.432,320.551,271.055,295.64,291.644,403.061,656.662,1006.689,-531.350066249957,-1336.72008337488
63.9589999999998,203.016,318.55,261.674,330.567,279.968,304.307,301.276,418.84,681.307,1030.294,-531.951062249951,-1337.93489737483
64.1129999999998,228.754,349.397,291.203,371.9,314.396,336.646,327.522,480.599,736.365,1139.592,-533.879257749941,-1341.83242562483
64.1819999999998,239.598,363.675,301.565,389.797,314.396,336.646,341.321,517.851,769.014,1176.509,-534.743189499946,-1343.57872074982
64.2130000000002,251.461,381.258,301.565,389.797,327.438,349.682,359.227,553.26,805.185,1239.682,-535.131332749967,-1344.36328812479
64.261,269.218,381.258,313.28,410.915,341.98,364.37,378.892,589.343,847.444,1310.593,-535.73232874996,-1345.57810212485
64.4140000000002,304.512,431.889,355.235,477.471,386.163,409.905,419.523,658.111,939.091,1443.501,-537.648003499955,-1349.45032174978
64.46,313.191,443.12,362.946,488.574,386.163,409.905,435.308,667.379,968.786,1487.563,-538.223957999959,-1350.61451849982
64.5160000000001,319.582,447.948,362.946,488.574,392.875,416.545,443.269,671.591,982.886,1533.631,-538.925119999971,-1352.03180149978
64.5619999999999,322.281,447.948,367.879,496.361,396.595,419.58,448.267,680.86,985.807,1511.844,-539.501074499974,-1353.19599824981
64.7130000000002,330.183,458.879,380.802,517.788,407.071,429.746,458.13,695.331,1008.799,1568.045,-541.391707749921,-1357.01760062482
64.768,338.303,464.024,384.514,524.071,407.071,429.746,467.078,709.071,1026.644,1595.876,-542.080348999938,-1358.40957499982
64.8110000000001,336.577,462.015,384.514,524.071,407.917,429.509,469.974,711.664,1021.531,1596.564,-542.618741249957,-1359.49784587475
64.8679999999999,330.114,462.015,382.744,519.124,404.211,425.474,463.861,700.464,1010.441,1571.982,-543.332423999906,-1360.94043749978
65.0160000000001,318.537,440.996,369.187,492.27,393.589,416.741,445.059,676.545,975.364,1532.866,-545.185494999925,-1364.68611399981
65.0619999999999,317.002,438.942,366.266,486.947,393.589,416.741,442.403,675.31,974.23,1523.669,-545.761449499929,-1365.85031074984
65.1120000000001,310.292,432.607,366.266,486.947,389.977,412.721,437.21,669.095,954.872,1484.876,-546.387486999913,-1367.11574199982
65.165,301.095,432.607,360.103,476.974,383.185,405.637,428.33,657.473,939.642,1462.057,-547.05108674994,-1368.45709912479
65.3159999999998,288.106,406.093,342.318,444.551,364.653,385.509,411.834,648.204,901.334,1385.576,-548.941719999944,-1372.2787014998
65.375,274.73,395.307,332.488,428.009,364.653,385.509,398.98,630.718,872.27,1342.864,-549.680444249942,-1373.77191037475
65.4110000000001,264.079,383.754,332.488,428.009,354.171,374.837,384.676,604.63,845.394,1300.748,-550.131191249937,-1374.68302087474
65.4639999999999,256.628,383.754,324.261,414.387,345.171,365.681,372.661,584.481,820.153,1252.319,-550.794790999964,-1376.02437799983
65.6129999999998,242.763,362.264,304.5,382.306,324.272,345.61,355.175,538.235,786.851,1213.651,-552.66038274992,-1379.79536312481
65.6860000000001,234.33,351.431,296.762,370.003,324.272,345.61,344.518,496.321,765.149,1161.888,-553.574397499964,-1381.64289274975
65.7139999999999,225.004,345.008,296.762,370.003,315.374,337.347,334.624,472.153,746.705,1136.781,-553.924978499941,-1382.35153424973
65.7809999999999,222.947,345.008,290.672,362.836,308.065,329.313,326.134,461.262,734.031,1135.377,-554.763868749957,-1384.0472121248
65.9259999999999,204.714,327.398,279.18,342.908,292.13,311.985,314.313,440.901,704.464,1079.082,-556.579377499933,-1387.71696274984
65.9740000000002,190.588,320.355,273.688,334.598,292.13,311.985,306.559,428.091,688.458,1059.564,-557.180373499927,-1388.9317767499
66.0450000000001,181.635,313.075,273.688,334.598,284.915,304.735,299.016,415.571,675.717,1035.573,-558.069346749922,-1390.72868912481
66.0619999999999,173.311,313.075,268.798,326.596,278.542,298.362,292.134,402.971,660.596,1020.961,-558.282199499954,-1391.15893574979
66.2139999999999,157.671,288.286,255.655,306.567,266.817,285.742,283.236,388.692,635.915,997.06,-560.185353499954,-1395.00584674976
66.261,152.493,285.533,252.918,302.999,266.817,285.742,278.497,380.183,628.48,985.335,-560.773828749952,-1396.19535212487
66.3150000000001,150.192,282.847,252.918,302.999,264.041,282.879,275.705,374.998,620.811,973.282,-561.449949249916,-1397.56201787479
66.3609999999999,143.069,282.847,250.664,300.273,261.671,280.419,273.028,371.38,613.78,970.398,-562.025903749978,-1398.72621462482
66.5120000000002,140.242,277.025,243.163,290.541,253.203,271.02,266.412,358.332,600.446,945.079,-563.916536999983,-1402.54781699984
66.5610000000001,137.062,273.345,240.182,286.459,253.203,271.02,262.633,352.538,591.688,932.352,-564.530053749972,-1403.78793962474
66.616,133.842,270.221,240.182,286.459,249.714,267.31,258.662,344.164,582.739,909.749,-565.21869499993,-1405.17991399975
66.6610000000001,132.16,270.221,236.188,281.8,245.204,262.838,254.355,337.902,572.566,897.281,-565.782128749939,-1406.31880212482
66.8159999999998,124.768,262.222,228.632,272.186,237.275,254.175,247.515,325.9,561.259,878.366,-567.722844999924,-1410.24163899978
66.8620000000001,123.977,260.922,227.245,270.519,237.275,254.175,245.44,322.857,556.697,879.204,-568.298799499928,-1411.40583574981
66.9110000000001,121.794,258.317,227.245,270.519,235.868,252.766,244.063,320.457,553.859,869.181,-568.912316249975,-1412.64595837484
66.9650000000001,118.578,258.317,226.113,269,234.585,251.305,242.56,318.036,549.015,865.941,-569.588436749938,-1414.01262412476
67.1120000000001,115.028,251.118,220.173,260.828,228.437,244.278,238.254,311.484,538.416,856.72,-571.428986999905,-1417.73299199983
67.1610000000001,109.26,249.781,217.27,257.053,228.437,244.278,235.262,305.832,531.885,839.808,-572.042503749894,-1418.97311462474
67.2159999999999,107.031,248.015,217.27,257.053,225.198,240.48,231.874,299.96,524.01,819.849,-572.731144999911,-1420.36508899974
67.2629999999999,105.061,248.015,213.927,253.138,222.349,238.181,230.423,295.188,516.395,825.058,-573.319620249909,-1421.55459437473
67.4160000000002,100.521,241.432,208.055,247.309,217.379,232.399,226.741,288.853,507.599,806.991,-575.235294999962,-1425.42681399989
67.4650000000001,94.903,238.506,205.788,242.651,217.379,232.399,224.927,287.01,501.454,796.915,-575.848811749951,-1426.6669366248
67.511,93.465,237.193,205.788,242.651,215.481,230.519,223.343,283.742,496.902,789.922,-576.424766249955,-1427.83113337483
67.567,91.554,237.193,204.107,239.632,213.852,228.792,221.802,282.497,495.184,785.843,-577.125928249909,-1429.24841637479
67.712,87.63,232.495,199.976,234.379,209.197,224.203,218.953,278.38,489.018,770.962,-578.941436999943,-1432.91816699982
67.7600000000002,88.017,230.604,198.993,232.993,209.197,224.203,217.666,277.102,485.974,768.299,-579.542432999937,-1434.13298099989
67.8200000000002,82.191,229.439,198.993,232.993,208.043,223.049,216.675,273.526,482.974,771.59,-580.293677999929,-1435.65149849991
67.8699999999999,85.457,229.439,198.045,231.669,207.106,222.066,215.806,272.983,480.369,757.205,-580.919715499971,-1436.91692974989
68.0189999999998,82.421,226.914,195.504,227.945,204.099,218.981,213.915,270.73,477.332,760.775,-582.785307249927,-1440.68791487475
68.0599999999999,80.612,225.749,194.871,228.024,204.099,218.981,213.025,268.945,474.836,750.356,-583.298657999956,-1441.72556849977
68.1149999999998,81.08,226.525,194.871,228.024,202.636,217.574,212.105,267.582,474.201,750.016,-583.987299249973,-1443.11754287477
68.1610000000001,83.061,226.525,194.526,227.792,202.228,216.921,211.786,267.16,472.608,749.096,-584.563253749919,-1444.2817396248
68.319,77.368,223.775,192.595,225.228,200.059,214.398,210.45,265.301,468.156,745.433,-586.541532249947,-1448.28050237487
68.3679999999999,77.573,222.731,191.664,223.994,200.059,214.398,209.538,263.717,467.155,730.831,-587.155048999935,-1449.52062499977
68.4110000000001,76.313,221.221,191.664,223.994,199.327,213.507,208.659,262.937,463.169,737.341,-587.693441249954,-1450.6088958747
68.4609999999998,78.219,221.221,190.86,223.061,198.53,212.569,207.926,260.894,463.736,730.457,-588.319478749938,-1451.87432712479
68.6129999999998,75.795,219.389,189.122,221.061,196.644,210.399,206.442,258.47,458.453,735.93,-590.222632749996,-1455.72123812488
68.6610000000001,74.444,218.684,188.385,219.935,196.644,210.399,205.736,257.448,458.233,721.428,-590.823628749931,-1456.93605212483
68.712,72.429,218.203,188.385,219.935,195.803,209.533,204.807,257.057,455.726,721.093,-591.462186999968,-1458.22679199977
68.761,72.079,218.203,187.492,219.17,194.969,208.748,203.923,254.425,453.476,718.192,-592.075703749899,-1459.46691462479
68.9110000000001,70.386,215.705,184.832,216.146,192.157,205.729,201.626,251.37,448.864,709.05,-593.953816249967,-1463.26320837473
68.9609999999998,71.14,215.291,184.481,215.977,192.157,205.729,200.965,250.753,447.479,706.396,-594.57985374995,-1464.52863962483
69.0160000000001,67.815,215.516,184.481,215.977,191.68,205.33,200.595,251.115,445.078,709.234,-595.268494999851,-1465.92061399971
69.0619999999999,66.977,215.516,184.33,216.007,191.581,205.135,200.454,249.979,445.054,705.857,-595.844449499855,-1467.08481074974
69.2130000000002,69.824,216.064,183.864,215.168,190.905,204.34,200.117,249.947,444.237,709.441,-597.735082749976,-1470.90641312476
69.2669999999998,66.638,213.739,182.984,213.865,190.905,204.34,199.511,250.011,442.123,708.454,-598.411203249823,-1472.2730788748
69.3159999999998,67.989,212.613,182.984,213.865,190.032,203.388,198.659,248.557,441.412,705.722,-599.02471999987,-1473.51320149982
69.3679999999999,66.224,212.613,181.964,212.715,188.959,202.136,197.478,245.984,437.91,695.989,-599.675798999961,-1474.82924999984
69.5100000000002,62.875,207.97,178.274,208.193,184.623,197.597,194.967,241.769,432.639,682.557,-601.453745499952,-1478.42307474976
69.5619999999999,60.402,206.998,176.903,206.29,184.623,197.597,193.577,239.483,427.969,687.271,-602.104824499926,-1479.73912324978
69.6120000000001,58.733,206.469,176.903,206.29,183.225,196.073,192.165,237.846,424.98,679.134,-602.730861999909,-1481.00455449976
69.663,56.221,206.469,175.556,204.536,181.699,194.506,191.152,236.746,423.24,675.827,-603.369420249946,-1482.29529437481
69.8130000000001,53.281,202.977,171.923,199.844,177.706,190.078,188.868,233.539,416.815,663.573,-605.247532749898,-1486.09158812475
69.8620000000001,51.501,201.032,170.826,198.393,177.706,190.078,187.698,231.651,414.806,656.481,-605.861049499945,-1487.33171074989
69.9110000000001,48.964,201.089,170.826,198.393,176.504,188.78,186.382,229.771,412.799,659.647,-606.474566249992,-1488.57183337479
69.962,48.911,201.089,169.704,196.984,175.361,187.603,185.163,228.321,409.235,648.238,-607.113124500029,-1489.86257324985
70.1120000000001,44.849,196.002,165.828,191.91,171.27,183.136,182.541,224.601,402.138,636.356,-608.99123699998,-1493.65886699979
70.1660000000002,42.783,194.77,164.835,190.897,171.27,183.136,181.191,222.556,399.322,635.97,-609.667357499944,-1495.02553274971
70.2130000000002,42.523,194.656,164.835,190.897,170.018,181.847,180.346,220.962,397.281,633.33,-610.255832750001,-1496.21503812482
70.2649999999999,41.223,194.656,163.864,189.605,169.167,180.905,179.316,219.723,395.378,632.252,-610.906911749975,-1497.53108662483
70.4119999999998,39.357,191.589,161.309,186.207,166.324,177.663,177.53,217.2,390.566,621.084,-612.747461999999,-1501.25145449978
70.46,37.615,191.525,160.475,185.047,166.324,177.663,176.632,216.163,389.009,612.437,-613.348457999877,-1502.46626849973
70.511,37.569,189.199,160.475,185.047,165.495,176.752,175.703,215.555,388.082,612.29,-613.987016249914,-1503.75700837479
70.5610000000001,37.824,189.199,159.784,184.143,164.689,175.791,175.125,215.07,386.39,620.097,-614.613053749898,-1505.02243962476
70.7170000000001,36.155,188.415,158.233,182.168,162.992,173.885,174.199,212.822,383.078,612.328,-616.566290749935,-1508.9705851248
70.7600000000002,36.374,187.456,157.851,181.723,162.992,173.885,173.86,212.779,383.654,607.502,-617.104682999896,-1510.05885599984
70.8130000000001,34.82,187.911,157.851,181.723,162.558,173.577,173.463,212.39,381.984,612.608,-617.768282749923,-1511.40021312481
70.8589999999999,34.194,187.911,157.499,181.274,162.336,173.226,173.218,211.921,381.209,605.766,-618.344237249927,-1512.56440987473
71.0169999999998,34.374,186.462,156.335,179.623,160.993,171.816,172.366,209.854,379.902,608.028,-620.322515749955,-1516.5631726248
71.0630000000001,34.154,186.073,155.848,178.983,160.993,171.816,171.89,209.045,378.382,607.051,-620.898470249958,-1517.72736937471
71.114,32.256,185.54,155.848,178.983,160.413,171.138,171.316,209.714,376.905,605.025,-621.537028499995,-1519.01810924977
71.1660000000002,29.476,185.54,155.354,178.307,159.888,170.489,170.681,208.101,376.233,601.496,-622.188107499969,-1520.33415774978
71.3119999999999,33.097,184.169,154.45,177.384,158.968,169.596,170.183,208.254,373.896,601.694,-624.01613699994,-1524.02921699977
71.3600000000001,29.221,184.56,154.321,177.217,158.968,169.596,169.925,207.58,373.844,600.099,-624.617132999934,-1525.24403099983
71.4259999999999,32.687,184.66,154.321,177.217,158.839,169.429,169.864,207.235,374.15,601.143,-625.443502499838,-1526.91440024972
71.4679999999998,28.906,184.66,154.146,176.83,158.553,169.125,169.41,206.66,372.014,596.794,-625.969373999978,-1527.97736249981
71.614,30.035,183.099,152.389,174.447,156.659,167.064,168.237,204.917,369.944,592.797,-627.79740349995,-1531.6724217498
71.6590000000001,27.724,181.909,151.713,173.645,156.659,167.064,167.34,203.738,368.217,590.754,-628.3608372499,-1532.81130987476
71.7170000000001,27.646,181.321,151.713,173.645,155.848,166.236,166.654,202.794,365.613,582.865,-629.087040749961,-1534.27921012486
71.7629999999999,25.053,181.321,151.221,173.169,155.501,165.688,166.29,202.693,365.483,588.358,-629.662995249964,-1535.44340687478
71.9169999999999,27.521,180.841,150.749,172.69,154.839,164.89,166.026,202.799,364.838,583.056,-631.591190749896,-1539.34093512478
71.96,27.256,179.969,150.276,171.919,154.839,164.89,165.6,201.563,363.03,578.36,-632.129582999973,-1540.42920599983
72.0129999999999,23.826,179.258,150.276,171.919,154.2,164.277,164.725,200.897,361.05,580.029,-632.79318275,-1541.7705631248
72.0619999999999,23.342,179.258,149.516,170.911,153.493,163.528,163.791,199.381,359.735,577.988,-633.40669949993,-1543.0106857497
72.2199999999998,21.043,178.219,147.3,168.273,151.083,160.745,162.253,197.631,355.105,574.298,-635.384977999958,-1547.00944849977
72.261,20.902,177.382,146.783,167.851,151.083,160.745,161.574,197.658,353.757,569.848,-635.898328749929,-1548.04710212478
72.3159999999998,22.155,176.885,146.783,167.851,150.561,160.139,161.089,196.019,352.533,567.598,-636.586969999829,-1549.43907649978
72.3629999999998,20.601,176.885,146.302,167.163,150.053,159.441,160.484,195.355,350.16,567.088,-637.175445249886,-1550.62858187477
72.5129999999999,16.961,174.769,143.887,164.028,147.348,156.172,158.586,192.721,345.552,557.034,-639.053557749954,-1554.42487562483
72.5610000000001,17.387,173.665,142.293,162.962,147.348,156.172,157.305,191.994,342.68,553.484,-639.654553749948,-1555.63968962478
72.614,16.206,171.979,142.293,162.962,145.881,154.393,156.014,190.581,340.581,546.51,-640.318153499858,-1556.98104674974
72.6619999999998,13.963,171.979,141.082,162.232,144.957,153.357,154.94,189.731,339.619,545.562,-640.919149499969,-1558.19586074981
72.8110000000001,14.193,171.692,140.12,160.801,143.858,152.118,154.119,188.817,337.109,545.867,-642.784741249867,-1561.96684587479
72.8629999999998,14.208,170.136,139.576,160.087,143.858,152.118,153.72,187.866,336.204,538.406,-643.435820249957,-1563.2828943748
72.9110000000001,13.274,169.947,139.576,160.087,143.256,151.369,152.983,187.21,334.126,539.798,-644.036816249951,-1564.49770837475
72.9630000000002,12.11,169.947,138.601,158.754,142.05,150.066,151.649,185.976,330.443,537.559,-644.687895249925,-1565.81375687488
73.1170000000002,8.661,167.137,136.335,156.052,139.582,147.609,149.659,183.704,326.696,524.944,-646.616090749856,-1569.71128512477
73.1599999999999,6.577,166.895,135.867,155.465,139.582,147.609,149.16,183.386,327.424,533.865,-647.154482999933,-1570.79955599981
73.2109999999998,8.618,166.922,135.867,155.465,139.051,147.009,148.613,181.661,324.246,531.377,-647.79304124997,-1572.09029587486
73.2660000000001,11.661,166.922,135.646,155.103,138.718,146.604,148.169,181.459,323.47,525.752,-648.481682499987,-1573.48227024986
73.4169999999999,7.566,164.698,135.064,153.646,137.201,144.857,146.887,180.384,321.181,520.381,-650.372315749992,-1577.30387262476
73.4760000000001,6.439,163.75,134.712,153.053,137.201,144.857,145.814,179.607,319.299,518.501,-651.111039999989,-1578.79708149983
73.5120000000002,6.824,163.415,134.712,153.053,136.662,144.197,145.195,178.385,317.561,517.605,-651.561786999926,-1579.70819199982
73.5599999999999,6.126,163.415,134.494,152.606,136.219,143.712,144.605,178.684,314.776,516.756,-652.16278299992,-1580.92300599976
73.7150000000001,5.848,162.541,133.65,151.303,134.948,142.189,143.502,177.013,314.034,515.543,-654.103499249904,-1584.84584287484
73.7600000000002,5.569,162.348,133.455,150.908,134.948,142.189,143.024,176.905,313.248,516.738,-654.666932999855,-1585.9847309998
73.8119999999999,6.226,161.958,133.455,150.908,134.514,141.751,142.539,175.535,311.631,508.721,-655.318011999945,-1587.3007794997
73.8620000000001,7.104,161.958,133.261,150.471,134.067,141.244,142.031,176.228,310.766,510.265,-655.944049499929,-1588.56621074979
74.011,5.057,161.395,132.405,149.19,133.004,139.946,141.039,174.608,308.748,511.56,-657.809641249827,-1592.33719587477
74.0619999999999,4.117,160.543,132.109,148.985,133.004,139.946,140.777,174.796,306.609,507.674,-658.448199499981,-1593.62793574983
74.1190000000001,6.017,161.949,132.109,148.985,132.884,139.686,140.578,174.057,308.024,504.656,-659.161882249871,-1595.07052737474
74.1599999999999,5.251,161.949,131.735,148.669,132.674,139.335,140.26,174.074,306.335,508.237,-659.675232999958,-1596.10818099987
74.3180000000002,4.955,158.477,130.437,146.833,131.149,137.443,139.071,172.326,303.461,497.88,-661.653511499986,-1600.10694374982
74.3600000000001,3.805,158.69,129.904,146.247,131.149,137.443,138.424,172.315,301.503,500.387,-662.17938300001,-1601.16990599979
74.4169999999999,1.534,158.179,129.904,146.247,130.632,136.761,137.778,171.507,300.369,496.664,-662.8930657499,-1602.61249762471
74.4609999999998,1.875,158.179,129.404,145.581,130.12,136.13,137.185,170.63,298.478,501.873,-663.443978749914,-1603.72607712483
74.6120000000001,1.831,156.925,128.378,143.808,128.691,134.33,136.078,169.938,295.81,494.394,-665.334611999919,-1607.54767949984
74.6599999999999,0.42,156.744,128.009,143.397,128.691,134.33,135.565,169.865,294.064,492.661,-665.935607999912,-1608.76249349979
74.7109999999998,3.214,155.479,128.009,143.397,128.382,133.873,135.281,169.095,294.31,491.185,-666.574166249949,-1610.05323337473
74.761,0.746,155.479,127.864,143.231,128.199,133.66,135.118,169.629,293.382,492.537,-667.200203749933,-1611.3186646247
74.913,-1.057,155.721,127.679,143.215,128.232,133.545,135.107,168.481,293.735,491.936,-669.103357749991,-1615.16557562479
74.962,-0.959,156.256,127.682,143.154,128.232,133.545,135.126,169.364,293.663,488.414,-669.716874499922,-1616.4056982497
75.011,-1.066,156.014,127.682,143.154,128.179,133.439,135.056,168.516,293.494,489.867,-670.330391249969,-1617.64582087484
75.0610000000001,1.37,156.014,127.607,143.018,128.093,133.356,134.925,168.592,292.878,490.169,-670.956428749952,-1618.91125212482
75.2109999999998,0.445,156.23,127.38,142.722,127.863,133.046,134.696,168.752,292.539,485.142,-672.834541249904,-1622.70754587476
75.2620000000002,-0.868,155.758,127.357,142.701,127.863,133.046,134.69,168.535,292.787,488.596,-673.473099499941,-1623.99828574981
75.3200000000002,-1.698,156.702,127.357,142.701,127.918,133.046,134.707,168.483,291.407,489.64,-674.199303000001,-1625.4661859998
75.3620000000001,-2.611,156.702,127.334,142.719,127.891,133.028,134.724,168.686,292.04,485.671,-674.725174499908,-1626.52914824977
75.5129999999999,-0.105,155.563,127.399,142.829,128.035,133.133,134.771,168.346,292.848,493.022,-676.615807749913,-1630.35075062478
75.5599999999999,-1.747,156.778,127.463,142.954,128.035,133.133,134.845,168.872,292.246,487.906,-677.20428299997,-1631.54025599977
75.6109999999999,-1.463,156.104,127.463,142.954,128.044,133.131,134.92,168.199,292.305,488.417,-677.842841249891,-1632.83099587483
75.6610000000001,-0.709,156.104,127.372,142.96,128.056,133.226,134.968,168.588,292.812,486.367,-678.468878749874,-1634.09642712481
75.8119999999999,-0.305,156.51,127.449,142.992,128.12,133.22,135,168.202,293.191,487.818,-680.359511999879,-1637.91802949982
75.8589999999999,-1.371,155.875,127.387,143.022,128.12,133.22,134.967,168.179,292.98,489.277,-680.947987249936,-1639.1075348747
75.9119999999998,0.161,156.34,127.387,143.022,128.108,133.203,135.057,169.105,293.151,486.822,-681.611586999963,-1640.44889199978
75.962,0.226,156.34,127.444,143.096,128.163,133.286,135.052,168.761,292.896,485.407,-682.237624499947,-1641.71432324976
76.1120000000001,-1.174,157.029,127.43,143.147,128.29,133.362,135.113,168.241,293.025,491.727,-684.115736999898,-1645.5106169997
76.1610000000001,-0.435,155.797,127.437,143.143,128.29,133.362,135.118,168.946,293.582,489.114,-684.729253749945,-1646.75073962484
76.2179999999998,0.089,156.818,127.437,143.143,128.295,133.334,135.114,168.491,292.301,487.117,-685.442936499952,-1648.19333124976
76.2620000000002,-2.067,156.818,127.472,143.149,128.296,133.366,135.119,168.97,293.517,486.682,-685.993849499966,-1649.30691074976
76.4099999999999,-2.306,156.071,127.428,143.216,128.323,133.4,135.144,168.889,293.52,491.685,-687.846920499927,-1653.05258724978
76.46,-0.654,155.693,127.447,143.233,128.323,133.4,135.206,168.843,292.525,488.226,-688.472957999911,-1654.31801849976
76.5169999999998,-0.385,156.01,127.447,143.233,128.317,133.395,135.197,168.687,292.505,489.361,-689.186640749918,-1655.76061012479
76.5590000000002,0.091,156.01,127.441,143.255,128.348,133.439,135.216,168.881,293.727,490.255,-689.712512249826,-1656.82357237488
76.712,0.769,157.162,127.418,143.295,128.406,133.49,135.251,168.917,293.293,494.426,-691.628186999937,-1660.69579199969
76.7600000000002,-0.996,156.403,127.407,143.237,128.406,133.49,135.306,168.78,292.975,489.954,-692.22918299993,-1661.91060599987
76.8119999999999,-1.015,156.298,127.407,143.237,128.393,133.466,135.248,169.133,294.483,494.884,-692.880261999904,-1663.22665449977
76.8620000000001,-2.149,156.298,127.332,143.032,128.24,133.234,134.995,168.901,292.715,489.004,-693.506299499888,-1664.49208574975
77.02,-0.876,157.129,127.19,142.68,127.944,132.916,134.856,168.047,291.714,489.607,-695.484577999916,-1668.49084849982
77.0799999999999,-1.404,155.695,127.117,142.748,127.944,132.916,134.756,167.889,292.28,492.515,-696.235822999966,-1670.00936599972
77.1129999999998,-1.457,157.166,127.117,142.748,127.994,132.99,134.774,168.347,292.881,491.642,-696.64900774986,-1670.84455062484
77.1660000000002,0.123,157.166,127.295,142.948,128.134,133.109,134.921,168.481,292.523,489.938,-697.312607499887,-1672.18590774981
77.3119999999999,-1.812,157.094,127.143,142.68,128.013,132.961,134.849,168.068,293.308,482.779,-699.140636999975,-1675.8809669998
77.3600000000001,0.2,156.492,127.181,142.523,128.013,132.961,134.712,168.81,292.243,486.652,-699.741632999969,-1677.09578099987
77.4180000000001,-2.493,156.061,127.181,142.523,127.84,132.747,134.494,167.575,291.671,492.833,-700.467836499913,-1678.56368124974
77.462,-2.017,156.061,126.984,142.206,127.619,132.524,134.25,167.635,291.207,483.14,-701.018749499926,-1679.67726074974
77.6109999999999,0.523,156.33,126.547,141.535,127.136,131.816,133.733,167.264,289.94,484.049,-702.884341249941,-1683.44824587472
77.6619999999998,-2.592,155.789,126.378,141.371,127.136,131.816,133.643,167.253,290.009,485.831,-703.522899499862,-1684.73898574978
77.7139999999999,-1.227,155.935,126.378,141.371,126.948,131.689,133.565,167.482,289.665,484.057,-704.173978499835,-1686.05503424967
77.7600000000002,-1.29,155.935,126.357,141.385,126.934,131.646,133.536,166.972,290.175,480.516,-704.749932999955,-1687.2192309997
77.9110000000001,-2.181,155.812,126.311,141.401,126.901,131.591,133.535,167.227,289.425,478.253,-706.64056624996,-1691.04083337472
77.9589999999998,-3.622,155.492,126.326,141.37,126.901,131.591,133.513,166.886,288.828,481.3,-707.241562249954,-1692.25564737478
78.0160000000001,-1.389,156.219,126.326,141.37,126.957,131.621,133.451,167.522,288.603,484.55,-707.955244999845,-1693.69823899982
78.0569999999998,-1.123,156.219,126.291,141.384,126.993,131.597,133.509,166.995,289.403,487.124,-708.468595749931,-1694.73589262483
78.2139999999999,-0.486,155.421,126.37,141.521,127.032,131.727,133.616,167.097,288.924,484.629,-710.434353499906,-1698.7093467497
78.261,-1.921,156.017,126.389,141.659,127.032,131.727,133.652,167.559,288.95,484.052,-711.022828749963,-1699.89885212481
78.3150000000001,-2.643,156.087,126.389,141.659,127.13,131.798,133.797,166.874,290.24,486.92,-711.698949249927,-1701.26551787474
78.3600000000001,-0.857,156.087,126.478,141.805,127.254,131.915,133.946,167.127,290.983,480.436,-712.262382999994,-1702.4044059997
78.511,-0.309,156.138,126.524,142.386,127.695,132.484,134.191,167.723,290.593,487.005,-714.153016249882,-1706.22600837471
78.5599999999999,-0.802,156.827,126.601,142.723,127.695,132.484,134.414,167.33,291.265,487.137,-714.766532999929,-1707.46613099973
78.6149999999998,-0.667,156.463,126.601,142.723,127.969,132.756,134.728,167.97,292.279,484.859,-715.455174249946,-1708.85810537473
78.6590000000001,-3.115,156.463,126.575,143.069,128.407,133.09,135.118,168.083,293.534,487.262,-716.006087249843,-1709.97168487473
78.8119999999999,-4.863,156.866,125.398,144.119,129.84,134.754,136.536,170.017,296.331,488.054,-717.921761999954,-1713.84390449978
78.8589999999999,-4.458,156.784,125.296,144.328,129.84,134.754,137.126,171.097,297.953,489.968,-718.510237250011,-1715.03340987477
78.913,-2.465,157.762,125.296,144.328,129.868,135.016,137.541,171.421,298.821,486.827,-719.186357749859,-1716.40007562481
78.96,-1.73,157.762,125.351,144.562,129.964,135.347,137.816,172.222,300.187,493.685,-719.774832999916,-1717.58958099969
79.1149999999998,-2.334,159.137,125.728,145.068,130.289,135.946,138.25,173.113,300.647,490.823,-721.715549250017,-1721.51241787476
79.1610000000001,-1.698,158.668,125.837,145.155,130.289,135.946,138.231,172.708,300.489,487.004,-722.291503749904,-1722.6766146248
79.2150000000001,-0.352,159.729,125.837,145.155,130.36,136.124,138.425,173.029,300.997,492.753,-722.967624249868,-1724.04328037484
79.2669999999998,-0.69,159.729,126.012,145.537,130.649,136.487,138.79,173.529,302.07,492.719,-723.618703249958,-1725.35932887474
79.4180000000001,3.789,161.893,127.815,147.73,131.66,138.043,139.543,174.623,303.945,492.918,-725.509336499847,-1729.18093124975
79.4609999999998,4.908,162.374,128.632,148.797,131.66,138.043,140.035,175.659,306.249,491.145,-726.047728749923,-1730.26920212468
79.5120000000002,4.273,163.621,128.632,148.797,132.283,138.668,140.61,176.095,306.435,492.047,-726.68628699996,-1731.55994199973
79.5700000000002,8.027,163.621,129.412,150.008,133.009,139.469,141.318,177.087,306.815,493.287,-727.412490499904,-1733.02784224972
79.712,12.589,169.204,133.521,155.971,136.179,141.944,142.037,178.365,308.396,502.83,-729.190436999896,-1736.62166699977
79.761,16.095,171.907,134.486,157.827,136.179,141.944,142.7,178.577,309.776,500.972,-729.803953749943,-1737.86178962479
79.8119999999999,15.478,171.761,134.486,157.827,137.063,142.86,143.218,179.585,309.625,503.387,-730.44251199998,-1739.15252949984
79.8620000000001,15.739,171.761,134.958,158.679,137.436,143.319,143.676,180.495,311.294,506.11,-731.068549499847,-1740.41796074971
80.0160000000001,20.646,175.438,137.217,165.444,140.209,147.201,145.096,181.773,313.163,511.919,-732.996745000011,-1744.31548899983
80.0900000000001,26.711,178.161,138.567,171.89,140.209,147.201,146.231,182.731,314.684,504.011,-733.923280499876,-1746.18832724984
80.1120000000001,33.902,181.408,138.567,171.89,141.917,150.063,147.876,184.425,316.317,494.387,-734.198736999882,-1746.74511699984
80.1599999999999,39.344,181.408,140.957,180.443,145.22,155.373,151.495,187.549,321.277,501.588,-734.799732999993,-1747.95993099967
80.3119999999999,46.069,190.954,146.568,192.072,152.758,163.333,158.813,194.911,329.794,517.831,-736.702886999934,-1751.80684199976
80.3589999999999,49.88,192.194,147.788,193.995,152.758,163.333,161.327,199.242,333.363,519.233,-737.291362249875,-1752.99634737475
80.413,50.716,191.96,147.788,193.995,153.427,163.704,162.597,203.486,334.45,516.274,-737.967482749955,-1754.36301312479
80.4630000000002,51.983,191.96,148.525,194.564,154.464,166.017,163.166,200.397,339.04,522.887,-738.593520249939,-1755.62844437477
80.6109999999999,53.974,196.33,151.617,197.692,158.384,170.565,165.206,201.167,344.596,528.052,-740.4465912499,-1759.3741208748
80.6570000000002,55.885,198.294,152.704,198.387,158.384,170.565,166.419,203.221,347.215,531.462,-741.022545749904,-1760.53831762483
80.7139999999999,56.829,198.534,152.704,198.387,159.064,171.083,167.195,203.733,350.031,542.117,-741.736228499911,-1761.98090924986
80.759,55.98,198.534,153.263,198.722,159.683,172.003,167.702,203.782,350.738,536.476,-742.299662249978,-1763.11979737482
80.9110000000001,59.607,200.494,154.549,200.693,161.299,173.747,168.761,205.288,354.643,545.191,-744.202816249919,-1766.96670837468
80.9609999999998,57.573,200.382,155.101,201.5,161.299,173.747,169.452,205.339,355.121,533.345,-744.828853749903,-1768.23213962477
81.0140000000001,58.565,200.938,155.101,201.5,161.864,174.483,170.457,207.523,358.605,548.458,-745.49245349993,-1769.57349674974
81.0590000000002,61.639,200.938,155.693,202.181,162.559,175.286,171.271,208.2,359.584,539.772,-746.05588724988,-1770.7123848747
81.2109999999998,62.162,203.465,157.299,205.435,164.596,176.967,172.943,211.286,362.572,552.856,-747.959041249938,-1774.55929587479
81.259,64.683,205.38,158.127,206.369,164.596,176.967,174.594,212.96,363.919,551.98,-748.560037249932,-1775.77410987485
81.3130000000001,62.818,205.879,158.127,206.369,165.335,177.529,175.835,215.096,369.154,563.936,-749.236157749896,-1777.14077562478
81.3609999999999,65.343,205.879,159.476,208.106,166.736,179.387,176.907,216.027,372.25,564.826,-749.837153750006,-1778.35558962473
81.5149999999999,67.001,208.847,162.144,211.533,170.339,183.384,179.337,218.368,378.946,572.193,-751.765349249938,-1782.25311787485
81.5599999999999,67.666,212.387,163.007,212.393,170.339,183.384,180.36,219.563,380.327,570.468,-752.328782999888,-1783.39200599981
81.6109999999999,69.017,213.013,163.007,212.393,171.366,184.764,181.218,219.842,383.251,579.208,-752.967341249925,-1784.68274587474
81.6640000000002,69.128,213.013,163.845,213.118,172.148,185.701,182.054,221.276,384.495,579.251,-753.630940999836,-1786.02410299983
81.8099999999999,72.12,213.169,164.829,214.617,173.476,187.365,182.975,223.077,386.174,584.585,-755.458970499923,-1789.7191622497
81.8609999999999,72.547,215.934,166.21,217.719,173.476,187.365,183.925,224.144,390.082,587.623,-756.09752874996,-1791.00990212476
81.9119999999998,77.699,219.617,166.21,217.719,175.725,189.794,187.416,229.958,398.965,602.482,-756.736086999881,-1792.3006419997
81.96,81.761,219.617,168.925,222.58,179.412,193.687,192.364,239.899,409.95,620.909,-757.337082999875,-1793.51545599964
82.1120000000001,90.598,230.164,178.948,230.107,188.448,205.045,200.173,247.854,425.236,645.312,-759.240236999933,-1797.36236699973
82.183,88.373,229.574,179.309,230.052,188.448,205.045,199.513,247.585,426.117,644.451,-760.129210249986,-1799.15927937475
82.2170000000001,87.984,227.481,179.309,230.052,188.49,205.29,199.224,245.953,428.893,647.505,-760.554915749934,-1800.01977262471
82.259,79.968,227.481,180.693,229.925,187.58,204.127,197.512,244.342,424.462,652.853,-761.080787249957,-1801.08273487468
82.4119999999998,82.838,227.871,179.402,229.614,187.367,204.184,195.064,240.756,424,646.93,-762.996461999952,-1804.95495449973
82.46,88.138,230.565,180.815,232.577,187.367,204.184,197.924,244.496,426.966,644.923,-763.597457999946,-1806.16976849968
82.5160000000001,92.071,234.037,180.815,232.577,190.406,207.789,203.4,253.946,438.159,655.635,-764.2986199999,-1807.58705149975
82.5599999999999,96.849,234.037,184.308,238.764,194.688,212.735,205.925,255.384,448.758,676.017,-764.849532999913,-1808.70063099975
82.7159999999999,111.266,249.666,198.59,253.437,208.64,228.597,214.276,274.01,476.399,712.65,-766.802769999951,-1812.64877649967
82.779,115.659,253.709,202.99,258.548,208.64,228.597,221.776,286.443,488.169,732.423,-767.591577249928,-1814.2432198748
82.8119999999999,119.684,256.96,202.99,258.548,213.751,233.541,226.482,294.926,499.904,734.279,-768.004761999939,-1815.0784044998
82.8629999999998,118.773,256.96,205.695,261.895,215.442,235.067,227.627,295.654,502.004,759.081,-768.643320249976,-1816.36914437485
83.0140000000001,120.811,256.371,205.973,261.468,214.688,233.504,226.03,292.215,502.124,754.164,-770.533953499864,-1820.19074674975
83.0749999999998,121.126,256.134,205.722,261.13,214.688,233.504,225.771,291.842,500.594,750.458,-771.297719249967,-1821.73457287473
83.114,119.891,256.626,205.722,261.13,214.368,233.247,225.441,291.779,500.805,743.09,-771.786028499948,-1822.72160924983
83.1680000000001,120.63,256.626,205.427,260.878,214.022,232.777,224.932,291.299,497.98,741.736,-772.462148999912,-1824.08827499975
83.3110000000001,118.13,253.872,203.118,256.916,209.921,226.803,221.992,285.697,492.891,737.24,-774.252616249956,-1827.70740837476
83.366,118.347,250.594,201.266,253.833,209.921,226.803,218.545,279.934,487.267,730.391,-774.941257499973,-1829.09938274976
83.4189999999999,114.554,248.129,201.266,253.833,207.402,223.591,215.424,274.633,479.543,722.972,-775.604857249884,-1830.44073987473
83.462,104.166,248.129,199.167,250.414,205.164,220.942,213.025,271.01,474.88,727.967,-776.143249499961,-1831.52901074977
83.6129999999998,100.748,242.257,197.39,246.88,201.393,216.901,209.967,264.73,469.182,720.831,-778.033882749849,-1835.35061312479
83.6579999999999,99.323,240.215,196.748,245.76,201.393,216.901,209.111,263.582,467.403,710.545,-778.597316499916,-1836.48950124974
83.7139999999999,95.682,239.172,196.748,245.76,200.279,215.61,207.758,262.293,464.01,709.119,-779.29847849987,-1837.90678424982
83.761,95.318,239.172,196.082,244.313,199.258,214.47,206.658,260.009,462.872,709.592,-779.88695374981,-1839.09628962469
83.913,89.125,233.363,194.135,240.018,196.687,211.646,204.236,256.419,456.926,705.913,-781.790107749868,-1842.94320062478
83.96,89.679,234.878,194.118,240.179,196.687,211.646,204.082,257.211,457.05,706.937,-782.378582999925,-1844.13270599977
84.018,92.772,234.364,194.118,240.179,196.904,211.895,204.339,257.49,455.913,703.346,-783.104786499869,-1845.60060624976
84.067,93.611,234.364,193.914,240.362,197.26,212.303,204.576,257.701,456.911,708.571,-783.718303249916,-1846.84072887478
84.2109999999998,93.149,236.039,194.393,241.062,197.766,212.914,205.254,257.903,457.564,705.989,-785.521291249897,-1850.48517087474
84.261,90.542,235.822,194.304,240.909,197.766,212.914,205.145,258.518,457.878,703.899,-786.147328749881,-1851.75060212472
84.3119999999999,93.026,235.485,194.304,240.909,197.647,212.788,205.075,258.073,458.495,706.369,-786.785886999918,-1853.04134199978
84.3600000000001,90.076,235.485,194.199,240.885,197.652,212.814,205.126,258.158,457.183,710.582,-787.386882999912,-1854.25615599984
84.5189999999998,93.789,234.265,193.95,240.279,196.993,211.95,204.898,257.265,456.474,704.955,-789.377682249877,-1858.28022737475
84.5599999999999,88.343,232.999,193.642,239.083,196.993,211.95,204.166,256.547,455.71,710.885,-789.891032999963,-1859.31788099976
84.6120000000001,87.216,232.154,193.642,239.083,196.007,210.547,202.849,255.091,452.158,705.709,-790.542111999937,-1860.63392949977
84.6619999999998,85.467,232.154,192.958,237.518,194.757,209.323,201.679,252.983,449.008,694.412,-791.168149499921,-1861.89936074975
84.8119999999999,74.135,221.107,189.331,228.227,193.047,206.138,199.525,249.735,442.06,709.854,-793.046261999873,-1865.69565449981
84.8600000000001,70.845,219.087,187.982,226.249,193.047,206.138,197.673,247.755,439.903,697.276,-793.647257999866,-1866.91046849976
84.915,71.287,217.315,187.982,226.249,191.708,204.765,196.627,245.511,436.142,705.3,-794.33589925,-1868.30244287476
84.9630000000002,70.126,217.315,187.076,225.633,190.402,204.181,195.939,245.203,433.687,695.824,-794.936895249877,-1869.51725687471
85.1129999999998,65.916,214.08,183.763,220.153,187.522,200.658,194.001,241.654,428.325,681.753,-796.815007749945,-1873.31355062476
85.1610000000001,65.486,213.402,182.966,218.809,187.522,200.658,193.257,240.504,427.937,682.861,-797.416003749939,-1874.52836462483
85.2159999999999,63.576,213.306,182.966,218.809,187.329,200.327,192.997,239.759,426.908,681.118,-798.104644999956,-1875.92033899983
85.2620000000002,64.888,213.306,182.535,218.366,187.121,200.03,192.752,239.96,426.839,675.589,-798.680599499959,-1877.08453574975
85.413,65.753,214.326,183.042,219.732,187.103,199.098,192.393,239.377,425.559,679.612,-800.571232749964,-1880.90613812476
85.4659999999999,64.49,214.646,182.84,219.262,187.103,199.098,192.25,240.237,426.036,691.52,-801.234832499875,-1882.24749524973
85.5160000000001,66.074,213.794,182.84,219.262,186.616,200.05,192.822,239.565,426.369,678.897,-801.860869999859,-1883.51292649971
85.5630000000001,66.05,213.794,182.983,219.095,187.333,200.602,193.173,240.607,427.543,682.707,-802.449345249915,-1884.70243187482
85.7109999999998,70.386,217.297,183.947,220.985,187.532,201.478,193.577,240.689,427.952,684.418,-804.302416249877,-1888.44810837472
85.759,69.391,219.671,184.721,222.345,187.532,201.478,194.565,242.226,430.715,683.604,-804.903412249871,-1889.66292237479
85.8130000000001,71.926,219.505,184.721,222.345,188.573,202.766,195.84,243.917,433.535,688.498,-805.579532749834,-1891.02958812471
85.8620000000001,74.283,219.505,185.294,223.459,189.417,203.936,196.98,245.302,434.659,690.485,-806.193049499881,-1892.26971074985
86.0140000000001,80.713,227.264,186.266,226.422,191.017,206.112,198.55,247.635,436.886,686.522,-808.096203499823,-1896.11662174971
86.058,82.013,227.64,186.5,227.399,191.017,206.112,199.57,249.151,440.135,683.986,-808.647116499953,-1897.23020124983
86.114,84.627,230.832,186.5,227.399,191.714,206.916,200.491,250.57,442.17,685.124,-809.348278499907,-1898.64748424978
86.1599999999999,87.78,230.832,186.669,228.417,192.479,208.162,201.797,252.311,443.946,691.45,-809.924232999911,-1899.81168099982
86.317,93.835,235.743,187,232.268,195.742,211.753,204.467,256.125,449.027,693.554,-811.889990750002,-1903.78513512469
86.3890000000001,97.276,239.98,187.574,233.855,195.742,211.753,205.845,257.977,451.933,695.39,-812.791484749876,-1905.60735612479
86.413,101.13,239.081,187.574,233.855,196.949,213.199,206.975,259.87,455.992,700.96,-813.091982749989,-1906.21476312471
86.46,99.905,239.081,188.435,235.277,197.975,214.312,208.127,262.348,457.989,697.15,-813.68045799993,-1907.40426849981
86.6129999999998,95.46,236,188.463,232.813,195.514,210.936,207.283,260.348,452.379,693.875,-815.596132749924,-1911.27648812474
86.6590000000001,88.883,231.405,188.805,230.449,195.514,210.936,203.954,255.609,448.679,685.973,-816.172087249928,-1912.44068487477
86.7139999999999,76.171,223.025,188.805,230.449,192.883,207.646,200.691,250.704,443.57,698.667,-816.860728499829,-1913.83265924978
86.8110000000001,72.288,223.025,187.886,226.211,191.361,205.427,198.038,247.466,436.861,689.106,-818.075241249986,-1916.28759587475
86.913,67.774,216.661,185.635,222.568,189.084,202.526,195.734,243.831,434.09,690.503,-819.352357749827,-1918.86907562474
86.9609999999998,69.397,217.063,185.405,222.122,189.084,202.526,195.049,242.664,432.276,687.046,-819.953353749937,-1920.0838896248
87.0120000000002,66.502,215.597,185.405,222.122,188.709,202.166,194.719,243.329,432.629,696.024,-820.591911999974,-1921.37462949974
87.0630000000001,68.087,215.597,185.237,221.925,188.869,202.193,194.792,243.516,429.674,687.329,-821.230470250011,-1922.66536937468
87.2139999999999,65.858,214.292,183.926,219.774,188.018,201.013,194.104,242.898,429.247,685.312,-823.1211034999,-1926.48697174969
87.261,63.801,213.269,183.319,218.995,188.018,201.013,193.679,241.43,428.438,683.377,-823.709578749957,-1927.67647712468
87.3119999999999,62.909,211.903,183.319,218.995,187.502,200.412,192.959,240.902,425.948,684.842,-824.348136999877,-1928.96721699974
87.3620000000001,60.552,211.903,182.587,217.636,187.158,199.858,192.412,239.335,423.579,680.531,-824.974174499861,-1930.23264824972
87.5129999999999,59.113,208.686,180.216,214.232,185.009,197.131,190.769,237.585,419.883,685.253,-826.864807749982,-1934.05425062473
87.5590000000002,56.324,209.222,179.611,213.22,185.009,197.131,189.879,235.83,417.568,666.313,-827.440762249986,-1935.21844737476
87.6109999999999,56.749,208.532,179.611,213.22,184.367,196.375,189.346,234.394,416.795,678.55,-828.09184124996,-1936.53449587477
87.6599999999999,55.891,208.532,179.159,212.552,183.86,195.815,188.917,234.905,415.644,678.351,-828.70535799989,-1937.77461849968
87.8139999999999,52.429,206.089,177.183,209.03,181.742,193.015,187.662,232.442,412.504,669.561,-830.633553499822,-1941.67214674968
87.8589999999999,51.535,206.177,174.967,204.347,181.742,193.015,187.568,230.502,412.586,655.738,-831.196987249888,-1942.81103487476
87.9180000000001,51.607,203.455,174.967,204.347,179.849,191.574,186.823,229.841,411.171,667.69,-831.935711499886,-1944.30424374982
87.962,50.242,203.455,173.269,201.247,178.288,190.123,185.672,228.859,408.923,654.977,-832.486624499899,-1945.41782324971
88.1120000000001,44.257,197.862,168.22,194.234,172.713,183.947,182.472,225.068,400.794,636.486,-834.364736999967,-1949.21411699965
88.1590000000001,40.562,195.866,166.569,191.759,172.713,183.947,181.748,222.117,398.93,635.646,-834.953212249908,-1950.40362237475
88.212,39.823,194.921,166.569,191.759,171.065,182.25,179.87,220.231,395.111,626.277,-835.616811999935,-1951.74497949972
88.261,36.631,194.921,164.665,189.03,169.201,180.379,178.044,217.87,391.757,629.274,-836.230328749982,-1952.98510212475
88.4180000000001,32.534,190.548,160.839,184.567,165.098,175.981,175.278,213.775,385.801,613.503,-838.196086499956,-1956.95855624974
88.4609999999998,31.645,189.798,159.933,183.423,165.098,175.981,174.198,212.799,383.592,608.668,-838.734478749917,-1958.04682712466
88.5140000000001,29.114,187.95,159.933,183.423,164.194,174.885,173.227,211.589,381.973,614.607,-839.398078499828,-1959.38818424975
88.558,28.439,187.95,158.944,182.095,163.205,173.759,172.664,210.241,379.197,614.908,-839.948991499841,-1960.50176374975
88.7139999999999,28.165,185.057,154.635,176.603,158.596,168.772,169.571,207.009,373.01,594.915,-841.902228499879,-1964.44990924979
88.761,27.927,183.78,153.458,175.151,158.596,168.772,168.004,204.881,369.422,589.339,-842.490703749936,-1965.63941462478
88.8150000000001,24.755,182.251,153.458,175.151,157.384,167.499,166.949,202.957,366.338,588.765,-843.1668242499,-1967.00608037482
88.8649999999998,21.792,182.251,152.539,173.88,156.362,166.507,165.843,201.978,362.807,577.694,-843.792861749884,-1968.27151162468
89.0129999999999,20.642,180.024,149.329,169.861,152.682,162.362,163.701,199.364,357.939,576.787,-845.645932749962,-1972.01718812471
89.0619999999999,19.188,178.175,147.839,167.703,152.682,162.362,161.941,197.263,353.417,566.395,-846.259449499892,-1973.25731074973
89.1260000000002,16.359,176.454,147.839,167.703,150.863,160.25,159.739,194.318,348.783,559.086,-847.060777499923,-1974.87706274982
89.1689999999999,12.816,176.454,145.805,165.306,148.593,157.561,157.589,191.982,344.073,553.369,-847.599169749883,-1975.96533362474
89.3180000000002,13.264,172.676,142.548,163.147,145.993,154.659,155.772,190.616,342.441,551.866,-849.464761499898,-1979.73631874972
89.364,12.245,173.251,142.918,163.497,145.993,154.659,155.698,190.631,342.491,548.935,-850.040715999901,-1980.90051549976
89.4169999999999,15.61,173.927,142.918,163.497,146.12,154.832,155.828,191.459,343.983,550.61,-850.704315749928,-1982.24187262473
89.462,15.518,173.927,143.455,164.212,146.756,155.487,156.6,191.81,344.355,548.834,-851.267749499995,-1983.3807607498
89.627,20.354,180.318,147.959,170.731,150.907,160.035,158.869,194.73,350.268,561.919,-853.33367324993,-1987.55668387481
89.6819999999998,25.799,183.734,150.928,175.365,150.907,160.035,159.942,196.696,353.581,566.645,-854.022314499831,-1988.94865824969
89.712,30.806,186.891,150.928,175.365,153.777,163.018,161.864,198.409,356.887,565.582,-854.397936999914,-1989.7079169997
89.761,37.004,186.891,154.475,182.232,157.38,167.11,164.448,201.511,360.302,573.364,-855.011453749845,-1990.94803962472
89.913,45.42,195.481,159.34,194.813,163.234,174.865,168.329,204.718,363.995,572.965,-856.914607749903,-1994.7949506247
89.96,42.632,195.183,159.758,195.435,163.234,174.865,169.429,206.06,365.714,576.159,-857.50308299996,-1995.9844559998
90.0169999999998,45.13,196.97,159.758,195.435,163.965,175.724,170.268,205.874,367.068,579.657,-858.216765749967,-1997.42704762472
90.0610000000001,49.898,196.97,160.108,196.21,164.705,176.771,171.259,208.001,368.968,579.473,-858.76767874998,-1998.54062712472
90.212,66.083,211.682,161.3,207.13,171.699,184.649,177.582,214.354,378.362,574.02,-860.658311999869,-2002.36222949973
90.2890000000002,66.418,213.228,162.78,210.273,171.699,184.649,181.122,219.795,385.321,573.283,-861.622409750009,-2004.31099362473
90.3139999999999,69.18,213.582,162.78,210.273,173.52,186.249,183.438,222.623,387.225,577.536,-861.935428499943,-2004.94370924972
90.3620000000001,68.283,213.582,163.651,210.86,174.503,187.788,183.427,221.213,388.925,584.487,-862.53642449982,-2006.15852324979
90.5160000000001,71.184,217.442,166.08,214.408,177.402,190.989,185.623,224.677,394.557,591.724,-864.464619999868,-2010.05605149968
90.5610000000001,73.012,219.997,167.517,216.879,177.402,190.989,187.38,226.823,398.982,600.426,-865.028053749818,-2011.19493962463
90.614,75.132,221.376,167.517,216.879,179.532,193.142,189.725,230.971,404.605,603.826,-865.691653499962,-2012.53629674972
90.6599999999999,77.076,221.376,170.203,218.76,179.749,193.072,187.609,228.95,410.723,618.031,-866.267607999966,-2013.70049349975
90.8150000000001,81.587,226.068,175.148,223.076,185.352,200.507,192.301,235.297,418.063,628.249,-868.20832424995,-2017.62333037471
90.8609999999999,80.929,226.164,175.505,223.244,185.352,200.507,194.312,238.086,418.616,629.532,-868.784278749838,-2018.78752712475
90.9119999999998,79.637,227.309,175.505,223.244,185.587,200.869,194.659,237.745,419.816,629.179,-869.422836999875,-2020.07826699968
90.9630000000002,84.126,227.309,175.981,224.263,186.392,201.86,195.997,240.877,423.346,630.204,-870.061395249912,-2021.36900687474
91.1260000000002,92.768,240.32,186.051,239.896,198.803,215.279,204.646,258.035,443.81,666.607,-872.102277499973,-2025.49431274971
91.1959999999999,100.255,245.255,191.799,245.443,198.803,215.279,211.342,272.303,460.683,691.359,-872.978729999857,-2027.26591649977
91.2199999999998,102.824,246.773,191.799,245.443,203.545,220.976,214.865,277.989,467.915,704.218,-873.27922799997,-2027.87332349981
91.259,105.569,246.773,194.532,248.137,205.338,222.611,216.701,282.299,471.442,711.746,-873.767537249951,-2028.86035987467
91.4169999999999,104.767,246.003,195.483,246.573,204.764,222.481,216.359,278.823,471.834,714.828,-875.745815749862,-2032.85912262474
91.482,105.691,244.782,194.959,245.919,204.764,222.481,215.484,275.779,470.62,701.969,-876.559664499946,-2034.50418324978
91.5120000000002,102.501,245.15,194.959,245.919,204.466,222.104,215.095,276.297,471.878,713.835,-876.935286999913,-2035.26344199968
91.5590000000002,104.663,245.15,195.284,247.071,205.424,223.089,216.593,280.039,474.275,712.796,-877.52376224997,-2036.45294737478
91.712,113.593,255.305,202.84,259.522,215.143,234.057,223.635,293.393,490.266,728.667,-879.439436999848,-2040.32516699983
91.7600000000002,116.635,258.547,208.807,265.253,215.143,234.057,228.345,298.922,502.154,756.009,-880.040432999958,-2041.53998099978
91.8110000000001,120.478,263.878,208.807,265.253,219.323,238.021,230.249,297.373,516.005,776.862,-880.678991249995,-2042.83072087471
91.8649999999998,127.765,263.878,213.257,270.357,224.752,245.17,237.367,311.218,529.017,792.008,-881.355111749843,-2044.19738662476
92.0120000000002,137.021,277.997,225.583,284.356,238.578,259.906,245.606,324.301,551.212,829.891,-883.195661999984,-2047.91775449971
92.0900000000001,147.89,285.088,229.025,290.465,238.578,259.906,252.767,336.974,565.662,852.858,-884.172280499944,-2049.89182724978
92.1260000000002,151.898,292.013,229.025,290.465,244.844,266.268,261.141,352.683,581.256,875.082,-884.623027499882,-2050.80293774977
92.1880000000001,159.985,292.013,234.349,296.722,250.685,272.708,266.241,357.182,594.339,904.139,-885.399313999922,-2052.37207249971
92.3130000000001,172.283,307.141,250.935,316.48,267.985,289.423,281.326,381.242,626.189,957.417,-886.96440774994,-2055.53565062466
92.3609999999999,177.16,309.047,253.986,320.151,267.985,289.423,285.835,389.131,634.075,963.14,-887.565403749933,-2056.75046462473
92.4180000000001,178.186,312.935,253.986,320.151,271.152,292.772,288.579,391.341,641.953,975.183,-888.279086499941,-2058.19305624976
92.4630000000002,182.539,312.935,257.05,323.351,273.89,295.18,290.76,396.146,648.799,988.718,-888.842520249891,-2059.33194437472
92.6170000000002,188.293,321.449,266.529,335.996,285.527,306.579,297.722,407.137,666.341,1002.53,-890.770715749939,-2063.22947262484
92.6860000000001,195.577,328.429,272.386,343.962,285.527,306.579,305.017,420.852,681.52,1034.765,-891.634647499886,-2064.97576774983
92.7109999999998,202.472,334.59,272.386,343.962,292.389,313.296,312.831,435.06,698.983,1058.481,-891.947666249936,-2065.6084833747
92.7629999999999,205.311,334.59,277.287,350.158,297.606,317.739,317.717,445.411,704.354,1085.76,-892.59874524991,-2066.92453187471
92.9169999999999,213.529,343.244,287.026,364.178,309.497,329.115,325.3,461.796,722.936,1102.442,-894.526940749958,-2070.82206012472
92.962,218.722,350.536,292.304,373.246,309.497,329.115,331.099,477.012,735.014,1116.944,-895.090374499909,-2071.96094824967
93.011,228.616,358.7,292.304,373.246,316.073,334.871,339.553,506.688,755.068,1163.663,-895.703891249839,-2073.2010708747
93.0610000000001,234.729,358.7,298.697,384.161,324.144,342.29,350.391,527.353,776.985,1202.239,-896.329928749939,-2074.46650212479
93.2109999999998,247.262,382.262,315.68,413.739,344.876,362.377,367.793,559.217,813.252,1247.471,-898.208041249891,-2078.26279587473
93.2629999999999,256.738,390.789,323.844,428.19,344.876,362.377,377.57,574.237,834.24,1273.643,-898.859120249865,-2079.57884437474
93.3139999999999,269.055,402.792,323.844,428.19,354.562,372.39,390.825,595.805,863.638,1321.451,-899.497678499902,-2080.8695842498
93.3620000000001,278.068,402.792,333.686,444.512,365.794,383.791,405.978,625.101,892.647,1366.948,-900.098674499895,-2082.08439824975
93.5120000000002,303.657,446.469,368.061,498.079,401.266,419.654,436.413,660.451,960.85,1506.595,-901.976786999847,-2085.88069199969
93.5630000000001,317.01,459.244,377.125,513.287,401.266,419.654,451.718,678.669,993.315,1541.466,-902.615345249884,-2087.17143187474
93.6109999999999,328.956,469.417,377.125,513.287,409.318,425.755,463.821,695.312,1011.777,1604.13,-903.216341249994,-2088.38624587469
93.6660000000002,336.912,469.417,388.242,530.923,416.9,430.688,477.904,716.843,1037.67,1627.832,-903.904982499895,-2089.77822024981
93.8110000000001,355.234,496.862,419.46,591.496,454.424,457.106,450.343,704.132,1051.965,1761.66,-905.720491249813,-2093.44797087472
93.8580000000002,363.57,503.52,428.249,604.82,454.424,457.106,459.214,716.97,1068.933,1806.869,-906.30896649987,-2094.63747624971
93.9140000000002,371.772,513.366,428.249,604.82,461.174,464.526,468.251,730.121,1091.48,1861.215,-907.01012849994,-2096.05475924967
93.962,377.528,513.366,438.797,619.241,469.374,473.144,478.029,744.512,1110.071,1912.743,-907.611124499934,-2097.26957324974
94.1190000000001,388.867,529.545,452.769,639.275,479.788,483.807,489.902,764.151,1133.552,1929.87,-909.576882249909,-2101.24302737473
94.194,384.931,528.097,451.094,635.7,479.788,483.807,489.733,762.893,1129.42,1929.078,-910.515938499826,-2103.1411742497
94.2139999999999,382.518,523.497,451.094,635.7,477.933,481.669,487.246,757.651,1129.8,1910.478,-910.766353499843,-2103.64734674967
94.261,380.717,523.497,449.351,632.453,475.385,479.007,483.685,753.451,1115.386,1900.783,-911.3548287499,-2104.83685212466
94.4119999999998,379.479,519.076,448.662,631.064,475.869,479.903,480.442,750.186,1112.215,1897.545,-913.245461999904,-2108.65845449967
94.4589999999998,382.333,527.695,452.824,639.105,475.869,479.903,485.23,757.291,1127.393,1937.146,-913.833937249845,-2109.84795987478
94.5189999999998,390.984,532.89,452.824,639.105,480.169,484.828,491.494,767.453,1135.417,1950.486,-914.585182249895,-2111.36647737469
94.5590000000002,391.017,532.89,456.334,645.239,483.646,488.328,496.079,770.007,1150.731,1952.573,-915.086012249929,-2112.37882237474
94.712,393.666,538.792,461.073,651.524,487.155,491.801,502.766,778.697,1160.923,1974.744,-917.001686999807,-2116.25104199979
94.761,389.91,533.271,457.608,644.742,487.155,491.801,498.453,773.131,1145.389,1978.127,-917.615203749854,-2117.49116462469
94.8119999999999,385.543,527.703,457.608,644.742,482.843,486.803,492.287,764.176,1134.06,1947.073,-918.253761999891,-2118.78190449974
94.8620000000001,376.958,527.703,452.798,635.361,476.938,480.552,484.658,753.684,1119.892,1927.926,-918.879799499875,-2120.04733574972
95.0160000000001,367.564,509.231,441.959,617.585,466.677,470.18,475.255,740.658,1097.235,1871.568,-920.807994999923,-2123.94486399973
95.0619999999999,368.035,507.984,440.585,615.216,466.677,470.18,472.971,736.17,1093.961,1850.096,-921.383949499927,-2125.10906074964
95.1109999999999,367.618,505.155,440.585,615.216,465.214,468.92,471.292,735.961,1086.123,1844.427,-921.997466249974,-2126.34918337467
95.1619999999998,366.155,505.155,439.81,613.589,464.131,467.837,470.436,733.906,1091.166,1857.705,-922.636024499894,-2127.6399232496
95.3150000000001,361.092,502.361,436.871,608.265,461.699,464.802,467.893,728.703,1083.969,1837.775,-924.551699249889,-2131.51214287477
95.3850000000002,361.464,502.156,435.773,606.153,461.699,464.802,466.595,729.146,1078.833,1841.709,-925.428151749889,-2133.28374662471
95.4110000000001,359.498,498.954,435.773,606.153,460.512,463.295,465.099,725.238,1075.957,1821.284,-925.753691249876,-2133.94177087478
95.4609999999998,360.525,498.954,435.276,605.305,460.171,462.848,464.72,724.23,1074.624,1828.889,-926.37972874986,-2135.20720212464
95.6129999999998,362.289,496.822,433.635,602.487,458.129,460.767,463.752,724.145,1074.22,1801.415,-928.282882749918,-2139.05411312473
95.6610000000001,355.793,492.483,430.591,596.685,458.129,460.767,462.031,720.523,1065.681,1831.37,-928.883878749912,-2140.26892712468
95.7109999999998,348.781,485.63,430.591,596.685,454.52,456.526,457.091,712.966,1054.744,1797.125,-929.509916249895,-2141.53435837466
95.761,345.894,485.63,425.54,586.91,448.596,450.111,449.816,698.784,1037.715,1744.263,-930.135953749996,-2142.79978962464
95.9119999999998,325.084,456.922,405.382,549.6,427.127,427.771,432.504,670.396,997.997,1691.582,-932.026586999884,-2146.62139199965
95.9609999999998,320.804,454.919,402.456,544.496,427.127,427.771,426.583,662.266,985.447,1681.725,-932.640103749931,-2147.86151462467
96.0140000000001,323.019,454.193,402.456,544.496,424.94,425.48,424.331,656.431,982.155,1668.6,-933.303703499958,-2149.20287174964
96.0639999999999,320.174,454.193,402.229,544.285,424.759,425.657,424.707,655.072,983.291,1663.058,-933.929740999942,-2150.46830299986
96.2130000000002,313.548,450.679,399.182,538.387,420.974,421.431,422.343,650.064,975.542,1656.835,-935.795332749956,-2154.23928812472
96.2640000000001,316.591,445.674,397.676,535.544,420.974,421.431,420.306,648.001,973.234,1623.393,-936.433890999993,-2155.53002799978
96.3110000000001,316.064,444.869,397.676,535.544,419.095,419.699,418.189,644.52,964.151,1621.898,-937.022366249934,-2156.71953337477
96.3629999999998,311.626,444.869,395.532,531.464,416.399,416.503,415.065,636.877,957.422,1602.269,-937.673445249908,-2158.03558187466
96.511,296.138,426.121,380.538,503.329,399.507,398.872,403.27,615.617,930.534,1555.735,-939.526516249869,-2161.78125837469
96.5619999999999,290.564,417.32,374.135,492.399,399.507,398.872,397.084,603.611,914.974,1528.759,-940.165074499906,-2163.07199824974
96.6120000000001,278.834,411.035,374.135,492.399,391.499,390.402,392.94,606.411,900.071,1489.311,-940.79111199989,-2164.33742949972
96.665,275.891,411.035,368.38,481.575,384.959,384.231,387.418,601.607,889.564,1473.39,-941.454711749917,-2165.67878662469
96.8110000000001,267.734,405.437,352.755,431.956,371.032,371.562,381.134,596.179,869.693,1402.841,-943.282741249888,-2169.3738458748
96.8609999999999,265.512,403.037,349.432,424.258,371.032,371.562,378.347,597.151,863.219,1386.288,-943.908778749988,-2170.63927712478
96.9180000000001,264.28,405.947,349.432,424.258,367.485,369.487,376.808,596.629,860.293,1373.741,-944.622461499879,-2172.08186874958
96.96,263.741,405.947,348.309,420.492,366.217,369.732,378.424,600.118,862.546,1381.719,-945.148332999903,-2173.14483099966
97.1260000000002,260.991,404.022,344.628,414.525,361.295,366.452,379.295,601.272,861.315,1352.621,-947.226777499891,-2177.34606274986
97.192,256.811,396.584,339.136,416.988,361.295,366.452,378.294,600.572,855.272,1338.083,-948.053146999911,-2179.01643199986
97.2150000000001,253.05,387.619,339.136,416.988,360.408,368.534,386.636,604.458,853.667,1334.817,-948.341124249971,-2179.5985303747
97.2620000000002,246.381,387.619,335.382,425.477,358.115,370.451,383.463,595.335,841.256,1309.914,-948.929599499912,-2180.78803574969
97.4140000000002,233.203,367.439,318.652,396.56,338.504,351.943,366.474,565.598,804.041,1250.372,-950.83275349997,-2184.63494674978
97.4870000000001,227.725,361.628,312.372,387.202,338.504,351.943,358.119,543.679,788.361,1224.824,-951.746768250014,-2186.4824763746
97.5120000000002,217.293,354.693,312.372,387.202,331.629,345.842,349.793,514.602,770.637,1190.798,-952.059786999947,-2187.11519199982
97.5630000000001,210.479,354.693,305.863,379.015,324.381,339.422,342.344,504.463,752.835,1161.028,-952.698345249984,-2188.40593187464
97.7170000000001,191.176,330.852,286.408,351.891,301.338,317.024,325.085,461.394,718.782,1107.089,-954.626540749916,-2192.30346012465
97.7579999999998,183.64,327.309,282.773,346.292,301.338,317.024,314.969,440.079,703.846,1089.867,-955.139891499886,-2193.34111374966
97.8130000000001,176.621,321.412,282.773,346.292,296.617,312.248,309.623,432.694,692.455,1067.467,-955.828532749903,-2194.73308812478
97.8589999999999,173.132,321.412,278.622,340.793,291.898,307.706,304.86,423.831,682.447,1059.296,-956.404487249907,-2195.89728487469
98.011,162.886,307.713,268.282,325.528,279.229,295.476,295.334,407.551,660.238,1027.922,-958.307641249849,-2199.74419587478
98.0599999999999,157.196,302.069,264.864,320.186,279.229,295.476,291.312,399.752,652.309,1016.445,-958.921157999896,-2200.98431849969
98.1329999999998,147.304,294.281,264.864,320.186,277.335,293.301,288.797,396.234,645.926,1012.292,-959.835172749939,-2202.83184812474
98.1669999999999,145.145,294.281,262.832,316.702,276.544,292.655,288.151,394.222,642.483,1007.708,-960.260878250003,-2203.6923413747
98.3099999999999,142.197,288.298,256.979,308.54,269.466,284.882,282.999,386.019,631.157,1000.318,-962.051345499931,-2207.31147474959
98.3620000000001,135.873,282.905,253.092,302.93,269.466,284.882,279.802,380.441,622.965,977.351,-962.702424499905,-2208.62752324971
98.413,127.858,277.531,253.092,302.93,265.074,279.902,274.003,370.012,607.75,966.353,-963.340982749942,-2209.91826312453
98.4630000000002,120.813,277.531,247.189,294.924,258.335,273.041,266.71,357.621,592.831,933.068,-963.967020249926,-2211.18369437475
98.6170000000002,112.831,266.28,233.966,278.615,243.861,258.39,255.031,337.452,571.287,899.028,-965.895215749857,-2215.08122262475
98.6590000000001,109.883,261.852,231.77,275.682,243.861,258.39,251.666,332.137,564.541,891.06,-966.421087249881,-2216.1441848746
98.7139999999999,106.429,259.742,231.77,275.682,241.307,255.59,248.732,327.17,556.607,877.717,-967.109728499898,-2217.53615924949
98.7600000000002,102.467,259.742,228.741,271.449,237.685,251.679,244.502,321.081,545.934,856.162,-967.685682999901,-2218.70035599964
98.9169999999999,94.228,249.092,217.672,257.344,226.377,239.94,235.932,308.177,527.418,833.793,-969.651440749876,-2222.67381012463
98.9940000000001,95.303,248.404,216.333,258.817,226.377,239.94,234.906,304.631,523.673,823.747,-970.6155384999,-2224.62257424975
99.0120000000002,89.894,248.369,216.333,258.817,225.655,240.312,234.209,303.288,521.454,812.021,-970.840911999927,-2225.07812949969
99.0630000000001,93.138,248.369,215.774,258.07,224.817,239.559,233.414,301.412,519.631,815.124,-971.479470249964,-2226.36886937474
99.212,88.369,242.811,212.863,253.793,221.904,235.859,231.01,297.527,511.189,803.211,-973.345061999862,-2230.1398544996
99.259,82.634,240.985,210.707,250.474,221.904,235.859,229.401,295.353,508.614,801.139,-973.933537249803,-2231.32935987483
99.3110000000001,82.627,238.642,210.707,250.474,220.133,233.841,227.589,292.255,504.446,796.753,-974.584616249893,-2232.64540837472
99.3629999999998,78.47,238.642,208.56,247.381,217.76,231.375,225.352,287.888,497.198,779.856,-975.235695249867,-2233.96145687485
99.5120000000002,69.695,228.994,199.307,233.541,208.935,222.28,219.415,279.008,484.398,760.722,-977.101286999881,-2237.73244199972
99.5590000000002,65.132,225.217,196.768,230.087,208.935,222.28,216.794,275.519,478.904,763.851,-977.689762249938,-2238.92194737471
99.6149999999998,62.28,224.175,196.768,230.087,206.177,219.404,213.9,270.755,471.098,741.72,-978.390924249892,-2240.33923037467
99.6610000000001,60.339,224.175,194.325,227.124,203.618,216.805,211.582,267.719,466.227,730.491,-978.966878749896,-2241.50342712482
99.8130000000001,57.482,219.715,190.773,223.138,199.934,212.696,208.627,263.099,459.716,734.105,-980.870032749837,-2245.35033812467
99.8600000000001,56.405,219.045,189.566,221.354,199.934,212.696,207.736,260.784,457.621,723.13,-981.458507999894,-2246.53984349966
99.9160000000002,52.608,215.655,189.566,221.354,198.524,210.869,205.933,258.636,451.95,710.124,-982.159669999848,-2247.95712649962
99.9609999999998,49.504,215.655,187.044,217.791,195.475,207.592,202.981,254.69,445.547,704.848,-982.723103749915,-2249.09601462469
100.111,48.235,212.153,181.572,212.952,188.716,200.813,198.148,246.254,436.118,693.797,-984.601216249866,-2252.89230837463
100.162,46.642,212.361,181.849,213.497,188.716,200.813,197.327,245.661,435.427,695.494,-985.239774499903,-2254.18304824969
100.212,49.401,213.633,181.849,213.497,188.853,200.976,197.754,246.485,435.634,689.439,-985.865812000004,-2255.44847949967
100.26,51.263,213.633,182.706,215.416,189.148,201.135,197.979,246.666,435.5,685.901,-986.466807999881,-2256.66329349973
100.413,50.512,214.027,182.43,214.452,188.956,200.696,197.868,246.245,435.046,688.978,-988.382482749876,-2260.53551312466
100.462,47.986,212.821,181.39,212.601,188.956,200.696,197.288,245.173,434.441,689.006,-988.995999499806,-2261.77563574957
100.518,47.176,210.27,181.39,212.601,188.29,200.082,196.568,243.802,433.071,683.854,-989.697161499877,-2263.19291874953
100.563,46.042,210.27,180.67,211.5,187.647,199.429,195.952,243.817,432.369,694.604,-990.260595249943,-2264.3318068746
100.715,44.239,209.011,179.19,209.185,186.179,197.822,194.666,241.824,429.683,677.534,-992.163749250001,-2268.17871787469
100.76,42.048,208.435,178.59,208.283,186.179,197.822,194.36,240.884,428.992,681.964,-992.727182999952,-2269.31760599976
100.812,42.357,207.491,178.59,208.283,185.356,196.915,193.626,240.642,427.573,679.681,-993.378261999926,-2270.63365449966
100.862,41.014,207.491,177.351,206.78,183.885,195.39,192.38,238.005,422.145,665.752,-994.004299499909,-2271.89908574964
101.014,37.033,202.109,172.13,199.99,177.993,189.152,188.986,233.604,414.504,666.23,-995.907453499851,-2275.74599674973
101.061,32.965,199.67,170.274,197.347,177.993,189.152,187.1,230.396,411.494,653.387,-996.495928749908,-2276.93550212472
101.113,30.615,197.218,170.274,197.347,176.08,187.255,185.317,227.798,406.429,643.066,-997.147007749998,-2278.25155062461
101.16,28.877,197.218,168.418,194.998,174.109,185.136,183.457,225.591,402.083,644.664,-997.735482999939,-2279.4410559996
101.314,28.986,195.574,165.737,191.754,171.255,182.015,181.502,222.827,399.187,635.673,-999.66367849987,-2283.33858424961
101.362,27.947,194.492,165.299,191.101,171.255,182.015,180.856,222.207,397.168,634.038,-1000.26467449986,-2284.55339824967
101.414,25.31,194.98,165.299,191.101,170.649,181.382,180.371,220.162,397.121,637.478,-1000.91575349984,-2285.8694467498
101.463,23.981,194.98,164.756,190.376,170.071,180.606,179.57,220.208,393.856,623.049,-1001.52927024988,-2287.1095693747
101.611,20.567,190.959,161.453,185.891,166.411,176.561,177.643,217.059,390.001,617.876,-1003.38234124996,-2290.85524587473
101.668,19.968,188.871,159.263,183.111,166.411,176.561,175.737,215.31,384.398,616.095,-1004.09602399997,-2292.29783749976
101.719,14.202,186.737,159.263,183.111,163.943,173.715,173.824,212.841,380.703,611.383,-1004.73458225001,-2293.58857737458
101.773,13.906,186.737,157.176,180.293,161.828,171.611,171.705,208.875,375.076,599.262,-1005.41070274997,-2294.95524312463
101.916,8.813,178.798,150.119,171.213,154.208,163.284,166.042,202.765,361.322,583.912,-1007.2011699999,-2298.57437649975
101.963,3.795,177.826,148.429,168.981,154.208,163.284,163.812,200.226,357.26,574.09,-1007.78964524996,-2299.76388187474
102.011,3.24,176.505,148.429,168.981,152.388,161.24,161.654,197.232,351.587,563.622,-1008.39064124983,-2300.97869587457
102.067,1.267,176.505,146.972,167.097,150.694,159.231,160.145,196.009,349.301,558.236,-1009.0918032499,-2302.39597887453
102.217,1.131,173.672,143.43,164.29,147.17,154.746,157.805,192.665,345.01,548.752,-1010.96991574985,-2306.1922726247
102.262,-2.325,171.663,141.908,162.398,147.17,154.746,156.357,191.535,340.689,547.201,-1011.53334949992,-2307.33116074977
102.313,-5.936,170.113,141.908,162.398,145.516,152.856,154.52,189.062,337.164,544.898,-1012.17190774984,-2308.6219006246
102.359,-5.592,170.113,139.983,160.062,143.56,150.753,152.394,186.327,333.114,537.886,-1012.74786224985,-2309.78609737451
102.516,-9.673,165.572,136.722,155.106,139.013,145.338,148.913,182.266,324.013,517.48,-1014.71361999982,-2313.7595514995
102.559,-9.225,163.791,135.633,153.424,139.013,145.338,146.878,179.89,319.184,519.987,-1015.2520122499,-2314.84782237466
102.615,-12.451,163.723,135.633,153.424,137.367,143.517,144.973,178.453,316.188,518.746,-1015.95317424997,-2316.26510537486
102.663,-11.977,163.723,135.136,152.014,136.046,142.06,143.506,176.012,312.709,514.369,-1016.55417024984,-2317.47991937469
102.81,-17.312,158.54,131.349,147.249,132.058,137.253,139.635,172.624,302.289,498.369,-1018.39472049987,-2321.20028724964
102.865,-17.641,159.076,130.967,146.828,132.058,137.253,139.011,171.862,301.582,507.921,-1019.08336174989,-2322.59226162452
102.916,-15.781,157.99,130.967,146.828,131.682,136.625,138.465,171.658,300.049,494.552,-1019.72191999992,-2323.88300149981
102.962,-15.034,157.99,130.362,146.289,131.225,136.034,138.018,170.747,299.233,499.256,-1020.29787449993,-2325.04719824973
103.118,-18.483,158.458,130.458,147.041,132.105,136.736,138.63,171.302,301.059,498.876,-1022.25111149985,-2328.99534374988
103.161,-18.298,158.734,130.487,147.39,132.105,136.736,138.867,171.449,301.063,495.755,-1022.78950374993,-2330.0836146248
103.211,-18.764,159.19,130.487,147.39,132.399,137.015,139.234,172.539,301.669,501.226,-1023.41554124991,-2331.34904587455
103.261,-14.363,159.19,130.54,147.726,132.729,137.378,139.505,171.908,303.732,509.236,-1024.04157874989,-2332.61447712476
103.413,-18.832,159.774,130.586,148.438,133.501,138.203,140.014,173.211,305.093,506.848,-1025.94473274983,-2336.46138812462
103.46,-17.743,159.044,130.539,148.669,133.501,138.203,140.277,173.106,305.424,500.922,-1026.53320799989,-2337.65089349961
103.511,-16.325,159.791,130.539,148.669,133.742,138.442,140.586,173.622,306.23,511.422,-1027.17176624981,-2338.94163337466
103.563,-18.06,159.791,130.501,148.858,134.041,138.782,140.908,174.21,306.266,504.703,-1027.8228452499,-2340.25768187479
103.712,-19.495,160.5,130.345,149.506,134.776,139.604,141.688,175.187,308.206,504.367,-1029.68843699992,-2344.02866699966
103.759,-18.905,160.808,130.408,149.763,134.776,139.604,142.066,175.202,309.357,510.558,-1030.27691224997,-2345.21817237465
103.812,-15.791,161.012,130.408,149.763,134.922,139.845,142.436,176.126,310.541,510.547,-1030.94051199988,-2346.55952949962
103.86,-17.568,161.012,130.512,150.061,135.244,140.192,142.998,176.82,310.939,511.57,-1031.54150799988,-2347.77434349968
104.017,-16.401,162.504,131.205,151.202,136.012,141.307,144.058,177.444,314.083,507.081,-1033.50726574997,-2351.74779762467
104.062,-13.429,162.772,131.493,151.468,136.012,141.307,144.249,177.89,314.553,508.235,-1034.07069949992,-2352.88668574952
104.114,-13.188,162.473,131.493,151.468,136.105,141.602,144.312,178.262,314.123,511.075,-1034.72177849989,-2354.20273424964
104.161,-13.729,162.473,131.719,151.767,136.378,141.876,144.677,178.915,314.977,506.241,-1035.31025374983,-2355.39223962463
104.311,-7.818,168.484,134.704,156.404,139.327,145.75,146.056,180.21,319.634,512.343,-1037.1883662499,-2359.18853337457
104.361,-2.992,173.387,139.214,162.896,139.327,145.75,148.079,183.938,322.516,518.216,-1037.81440374989,-2360.45396462479
104.414,12.115,183.872,139.214,162.896,142.903,148.98,149.834,186.771,326.244,524.018,-1038.47800349991,-2361.79532174976
104.461,23.615,183.872,144.149,177.384,147.411,155.181,152.883,189.607,327.819,517.676,-1039.06647874985,-2362.98482712475
104.613,31.099,195.869,153.577,199.293,161.761,173.218,164.595,200.191,344.648,542.343,-1040.96963274991,-2366.8317381246
104.695,38.628,201.4,157.198,206.249,161.761,173.218,169.789,206.758,356.863,544.303,-1041.99633424997,-2368.90704537462
104.713,45.733,208.395,157.198,206.249,166.389,178,175.993,215.815,369.271,567.449,-1042.22170774988,-2369.36260062456
104.761,53.023,208.395,162.927,214.346,171.929,184.409,183.167,225.565,388.772,588.128,-1042.82270374999,-2370.57741462463
104.912,79.636,240.305,191.139,246.821,200.563,218.071,200.274,249.12,444.793,678.506,-1044.71333699988,-2374.39901699964
104.989,97.109,254.721,205.602,265.711,200.563,218.071,213.883,276.269,479.317,731.61,-1045.6774347499,-2376.34778112452
105.011,114.205,268.645,205.602,265.711,215.148,235.738,231.635,300.468,521.773,784.038,-1045.95289124979,-2376.90457087476
105.063,138.209,268.645,222.659,285.176,233.708,255.697,249.737,336.341,569.743,877.18,-1046.60397024988,-2378.22061937465
105.211,176.528,328.396,271.533,345.896,293.516,316.863,299.754,422.35,672.296,1012.93,-1048.45704124984,-2381.96629587468
105.284,195.924,346.167,287.875,369.223,293.516,316.863,317.492,449.948,717.672,1078.703,-1049.37105599989,-2383.81382549973
105.312,214.811,368.689,287.875,369.223,313.738,337.411,341.178,494.722,763.748,1162.801,-1049.72163699986,-2384.52246699971
105.359,238.755,368.689,305.077,396.097,332.535,355.156,369.708,575.491,821.965,1239.792,-1050.31011224992,-2385.7119723747
105.524,279.459,435.678,358.439,485.086,388.465,411.887,430.21,654.355,937.461,1440.332,-1052.37603599986,-2389.88789549959
105.561,300.201,458.932,378.032,518.186,388.465,411.887,456.905,687.835,990.444,1523.171,-1052.83930374985,-2390.82431462477
105.611,320.694,473.45,378.032,518.186,402.793,425.33,483.488,720.745,1038.359,1615.194,-1053.46534124995,-2392.08974587452
105.663,340.138,473.45,396.517,550.58,411.482,432.627,510.229,765.433,1091.661,1718.354,-1054.11642024992,-2393.40579437464
105.815,370.712,512.476,444.298,628.925,448.132,472.28,544.641,817.939,1160.388,1819.264,-1056.01957424986,-2397.25270537473
105.86,385.109,532.274,459.979,652.511,448.132,472.28,561.28,840.959,1200.984,1903.965,-1056.58300799981,-2398.39159349957
105.912,403.908,549.248,459.979,652.511,462.946,488.21,578.358,862.925,1242.396,1959.652,-1057.23408699979,-2399.7076419997
105.961,411.236,549.248,471.498,671.056,474.746,500.156,590.848,882.769,1271.372,2012.806,-1057.84760374983,-2400.94776462461
106.113,430.194,593.549,488.75,716.648,500.938,530.153,609.69,903.35,1312.782,2098.498,-1059.75075774989,-2404.7946756247
106.161,443.894,610.631,495.045,733.193,500.938,530.153,623.075,920.103,1340.934,2166.57,-1060.35175374988,-2406.00948962453
106.212,455.695,623.429,495.045,733.193,511.316,541.515,634.956,935.575,1370.469,2192.148,-1060.99031199992,-2407.30022949982
106.26,466.325,623.429,500.414,744.972,519.024,549.664,642.561,945.118,1388.375,2231.795,-1061.5913079998,-2408.51504349988
106.418,480.19,654.161,511.913,774.849,538.777,572.55,656.082,961.953,1416.229,2289.999,-1063.56958649994,-2412.51380624948
106.461,493.153,671.97,516.571,786.678,538.777,572.55,668.219,976.01,1445.369,2309.738,-1064.1079787499,-2413.60207712464
106.539,499.982,681.131,516.571,786.678,547.07,581.501,676.969,988.445,1457.583,2399.335,-1065.08459724986,-2415.5761498746
106.563,508.211,681.131,520.528,794.501,552.927,587.319,682.905,992.652,1482.235,2382.39,-1065.38509524998,-2416.18355687452
106.713,518.115,706.492,531.694,816.23,568.923,604.102,696.907,1014.88,1507.083,2426.607,-1067.26320774993,-2419.97985062469
106.767,519.682,716.082,532.534,822.071,568.923,604.102,699.9,1018.733,1508.221,2410.861,-1067.93932824989,-2421.3465163745
106.812,532.316,732.744,532.534,822.071,572.674,609.107,707.171,1028.835,1533.437,2513.439,-1068.50276199984,-2422.48540449957
106.86,542.593,732.744,538.994,839.8,582.315,621.826,719.977,1044.888,1556.113,2541.968,-1069.10375799995,-2423.70021849964
107.012,555.989,763.957,549.723,864.913,597.635,638.167,733.533,1068.547,1587.177,2582.262,-1071.0069119999,-2427.54712949949
107.062,559.924,775.568,551.822,875.696,597.635,638.167,738.983,1072.625,1598.76,2605.139,-1071.63294949988,-2428.81256074971
107.118,575.214,796.433,551.822,875.696,602.951,643.85,748.663,1090.46,1624.598,2672.219,-1072.33411149995,-2430.22984374966
107.16,589.871,796.433,559.869,900.038,615.58,658.487,768.071,1122.679,1664.071,2727.783,-1072.85998299986,-2431.29280599952
107.311,631.992,864.285,579.538,961.746,642.339,686.566,806.061,1179.451,1728.123,2829.83,-1074.75061624986,-2435.11440837476
107.362,638.267,871.41,580.996,970.061,642.339,686.566,807.415,1182.84,1763.236,2830.17,-1075.3891744999,-2436.40514824959
107.414,636.408,870.698,580.996,970.061,651.136,691.473,813.335,1193.573,1757.159,2848.687,-1076.04025349987,-2437.72119674948
107.459,638.788,870.698,583.058,976.211,651.852,695.789,816.433,1199.378,1748.18,2881.207,-1076.60368724994,-2438.86008487479
